# Source: https://ldml.api.sil.org/langtags.json (SIL langtags dataset, public domain)
# Docs: https://github.com/silnrsi/langtags/blob/master/doc/langtags.md
iso639_3	iso639_3extra	names
aar		
aar		
aar		
aaa		Ghotuọ;Otuo;Otwa
aab		Alomo-Atesu;Alumu;Alumu-Tesu;Arum-Cesu;Arum-Chessu;Arum-Tesu;Təsu
aac		
aad		Alai
aae		Albanese;Arbëresh;Arbëreshë;Arbëreshë Albanian;Arbërisht;Arbërishtja;Gjegje;Italo-Albanian;Tarbrisht
aae		Albanese;Arbëresh;Arbëreshë;Arbëreshë Albanian;Arbërisht;Arbërishtja;Gjegje;Italo-Albanian;Tarbrisht
aae		Albanese;Albanian, Arbereshe;Arbëresh;Arbëreshë;Arbërisht;Arbërishtja;Gjegje;Italo-Albanian;Tarbrisht
aaf		Aranatan;Arnatas;Eranadans
aaf		Aranatan;Arnatas;Eranadans
aag		
aah		Abu' Arapesh;Abu’ Arapesh;Ua
aai		Arifama-Miniafia;Miniafia;Miniafia-Arifama
aai		Arifama-Miniafia;Miniafia;Miniafia-Arifama
aai		Arifama-Miniafia;Miniafia;Miniafia-Arifama
aak		Aga pɨ’ne’;Angave;Ankave-Anga
aal		Afada;Afadee;Afadeh;Afaɗә;Affade;Kotoko;Mandagué;Mogari
aan		
aao		Algerian Saharan Arabic;Algerian Saharan Spoken Arabic;Saharan Arabic;Tamanghasset Arabic;Tamanrasset Arabic
aap		Arara Bravos;Pará Arára;Ugorongmo
aaq		Abenaki;Alnombak;Alnôbak;Eastern Abnaki;Wawenock
aas	aam	Aasá;Aramanik;Asak;Asax;Assa;Asá;Laramanik
aat		Arberichte;Arbërisht;Arvanitic;Arvanitika;Arvanitika Albanian
aau		Green River
aaw		Arawe;Arove;Pililo
aax		Dumut;Kambon;Kwem;Mandobbo;Nub;Wambon;Wambon Gunung
aaz		Timor Amarasi;Uab Meto
abk		Abkhazian;Abxazo;Apsshwa;Apsua Byzshwa
abk		Abkhazian;Abxazo;Apsshwa;Apsua Byzshwa
abk		Abkhazian;Abxazo;Apsshwa;Apsua Byzshwa
aba		Abbey;Abbé;Abi
abb		Abaw;Abo;Bo;Bon
abc		Ambala Agta;Ambala Ayta;Ambala Sambal;Ayta Ambala
abd		Abiyan;Agta;Camarinas Norte Agta
abe		Abenaki;Abenaqui;Alnombak;Alnôbak;Saint Francis;Western Abnaki
abf		
abg		Abaga;Vaga;Wagaba
abh		Arabi;Bukhara Arabic;Buxara Arabic;Central Asian;Jugari;Tajiki Arabic;Tajiki Spoken Arabic
abi		Abiji;Enyembe lɛɛ Ogbru
abj		Aka-Beada;Aka-Biada;Bea;Beada;Biada;Bogijiab;Bojigiyab;Bojigniji;Bojigyab
abl		Abung;Lampong
abl		Abung;Lampong
abm		Abanyum;Bakor;Befun;Bofon;Mbofon
abn		Abuan
abo		Abong;Abõ;Ba’ban
abp		Abellen;Abellen Ayta;Abelling;Abenlen;Aburlen Negrito;Aburlin;Ayta Abellen;Ayta Abellen Sambal
abq		Abazin;Abazintsy;Ahuwa;Ashuwa
abq		Abazin;Abazintsy;Ahuwa;Ashuwa
abr		Bono;Bono-Twi;Bron;Brong;Doma;Gyaman
abs		Ambon Malay;Ambonese;Ambonese Malay;Ambong;Bahasa Ambon;Bahasa Malayu Ambon;Bahasa Malayu Aru;Bahasa Melaju Ambon;Bahasa Melayu Ambon;Malayu Ambon;Malayu Ambong;Moluccan (Maluku) Malay
abt		Abelam;Abulas
abt		Abelam;Abulas;Ambulas - Maprik
abt		Abelam;Abulas;Ambulas - Wosera Kamu
abu		Abonwa;Abouré;Abule;Akaplass;Ehie;Eyive;Obule oyve;Ossouon;ɔbule ɔyʋɛ
abv		Baharna;Baharna Arabic;Baharna Spoken Arabic;Baharnah;Bahraini Arabic;Bahraini Shi’ite Arabic;Bahrani;Bahrani Arabic;Hasawi
abw		Abasakur
abx		Abaknon;Abaknon Sama;Capuleño;Kapul;Sama;Sama Abaknon
aby		Abia;Abie
abz		Barue;Namatalaki
aca		Achawa;Achugua;Ajaga;Ajagua;Axagua;Xagua
acb		Bunta
acd		Achode;Akyode;Chode;Gichode;Kyode
ace		Acehnese;Achehnese;Achinese;Atjehnese;Bahsa Acèh;Basa Acèh
ace		Acehnese;Achehnese;Achinese;Atjehnese;Bahsa Acèh;Basa Acèh
acf		Créole;Dominican Creole French;French Creole;French-lexicon Creole;French-lexified Creole;Kwèyòl;Kwéyòl;Kéwòl;Patois;Patwa;Saint Lucian Creole French
ach		Acoli;Acooli;Akoli;Atscholi;Dok Acoli;Gang;Leb Acholi;Leb Acoli;Log Acoli;Lwo;Lwoo;Lëbacoli;Shuli
aci		Akacari;Cari;Chari;Chariar;Sare
ack		Kora
acl		Balawa;Bale;Balwa
acm		Arabi;Arabic;Baghdadi;Furati;Gilit Mesopotamian Arabic;Iraqi Arabic;Mesopotamian Arabic;Mesopotamian Gelet Arabic;Mesopotamian Spoken Arabic;North Syrian Arabic
acn	xia	Acang;Achung;Ach’ang;Ahchan;Anchan;Atsang;Chung;Lawng;Longchuan Achang;Maingtha;Manmaw;Mönghsa;Ngacang;Ngachang;Ngac’ang;Ngatsang;Ngo Chang;Ngochang;Ngoq Changh;Ngoqchangh;Tai Sa’;Xiandao
acp		Achipa;Acipanci;Eastern Acipa;Səgəmuk;Zubazuba
acq		Djibouti Arabic;Southern Yemeni Arabic;Southern Yemeni Spoken Arabic;Ta'izzi-Adeni Arabic;Ta’izzi-Adeni Spoken Arabic
acr		Aʼchaʼteem Achi;Ch’a’teem Achi;Qachʼaʼteem;Qachʼaʼteem Achi
acr		Achi - Cubulco;Aʼchaʼteem Achi;Ch’a’teem Achi;Qachʼaʼteem;Qachʼaʼteem Achi
acr		Achi - Rabinal;Aʼchaʼteem Achi;Ch’a’teem Achi;Qachʼaʼteem;Qachʼaʼteem Achi
acr		Achi - Traditional Rabinal;Aʼchaʼteem Achi;Ch’a’teem Achi;Qachʼaʼteem;Qachʼaʼteem Achi
acs		Coroá
act		Aachterhoeks;Achterhoek;Achterhooks;Winterwiek
acu		Achiar chícham;Achual;Achuale;Achuar;Achuar-Shiviar;Achuar-Shiwiara;Achuara;Achuare;Achuár chícham;Ashuar;Atchuara;Jivaro;Maina;Áints
acv		Achomawi;Pitt River
acw		Hejazi Arabic;Hijazi Arabic;Hijazi Spoken Arabic;Rashaida;Rashida;West Arabian Colloquial Arabic
acx		Omani Arabic;Omani Hadari Arabic;Omani Spoken Arabic
acy		Cypriot Arabic;Cypriot Maronite Arabic;Cypriot Spoken Arabic;Kormakiti;Maronite;Sanna
acy		Cypriot Arabic;Cypriot Maronite Arabic;Cypriot Spoken Arabic;Kormakiti;Maronite;Sanna
acy		Cypriot Arabic;Cypriot Maronite Arabic;Cypriot Spoken Arabic;Kormakiti;Maronite;Sanna
acz		Aceron;Achurun;Asheron;Garme
ada		Adangme;Adaŋgbi
adb		Adabe;Ataura;Atauro;Atauru;Raklu Un;Raklu-Un
add		Adere;Adiri;Arderi;Dzodinka;Dzodzinka
ade		Badre;Bedere;Bedire;Bidire;Bɛdɩrɛ;Gadre;Gidere;Gidire;Gɩdɩrɛ
adf		Dhofari;Dhofari Arabic;Dhofari Spoken Arabic;Zofari
adg		Andigibinha;Antekerrepenh;Antekerrepinhe
adh		Adhola;Badama;Dhopadhola;Ludama
adi		Abhor;Abor;Adi-Bokar;Bengni-Boga’er;Boga’er;Boga’er Luoba;Bokar;Bori-Karko;Bungni-Bogar;Lho-Pa;Lhoba;Luoba;Luoba, Boga’er;Miri
adi		Abhor;Abor;Adi;Adi-Bokar;Bengni-Boga’er;Boga’er;Boga’er Luoba;Bokar;Bori-Karko;Bungni-Bogar;Lho-Pa;Lhoba;Luoba;Miri
adj		Adjukru;Adyoukrou;Adyukru;Ajukru;Mojukru;Mↄjukru
adl		Adi;Adi-Gallong;Adi-Galo;Gallong;Galo;Galong
adn		Alor
ado		Adjora;Adjoria;Azao
adq		Adan;Adantonwi;Agotime;Dangbe
adr		Nusa Tadon;Sagu;Vaiverang;Waiwerang
ads		AdaSL
adt		Adynyamathanha;Ad’n’amadana;Anjimatana;Anjiwatana;Archualda;Atynyamatana;Benbakanjamata;Binbarnja;Gadjnjamada;Jandali;Kanjimata;Keydnjmarda;Mardala;Nimalda;Nuralda;Umbertana;Unyamootha;Wailbi;Wailpi;Waljbi;Wipie
adu		
adw		Amondawa;Amundawa
adx	pcr	Amdo;Amdo Tibetan;Anduo;Ngamdo;Panang
ady		Adyge;Adygei;Adygey;Adəgăbză;Cherkes;Kiakh;Kjax;Lower Circassian;Lowland Adyghe;West Circassian;Western Adyghe;Western Circassian
ady		Adyge;Adygei;Adygey;Adəgăbză;Cherkes;Kiakh;Kjax;Lower Circassian;Lowland Adyghe;West Circassian;Western Adyghe;Western Circassian
ady		Adyge;Adygei;Adygey;Adəgăbză;Cherkes;Kiakh;Kjax;Lower Circassian;Lowland Adyghe;West Circassian;Western Adyghe;Western Circassian
adz		Acira;Atsera;Atzera;Azera
ave		Avesta;Pazend;Zend
ave		Avesta;Pazend;Zend
ave		Avesta;Pazend;Zend
aea		A:rap;Araba;Ariba;Aripa;Kurtjar;Ngariba;Rib;Ribh
aeb	ajt	Derja;Tunisian;Tunisian Arabic;Tunisian Darija;Tunisian Spoken Arabic
aeb	ajt	Derja;Tunisian;Tunisian Arabic;Tunisian Darija;Tunisian Spoken Arabic
aeb		Derja;Tunisian;Tunisian Arabic;Tunisian Darija;Tunisian Spoken Arabic
aec		Saidi Arabic;Saidi Spoken Arabic;Sa’idi;Upper Egypt Arabic
aed		LSA;Lengua de Señas Argentina
aee		Northeast Pashai;Northeast Pashayi;Pashai
aek		Aeke;Baco;Haeake;’Aeke
ael		Ambala;Bata’o;Lembala
aem		A-Rem;Chombrau;Chomrau;Harème;Kri;Umo
aen		ArSL;Hayeren žesteri lezow;HŽL
aeq		
aer		Arrernte;Arunta;Eastern Aranda;Eastern Arrernte
aes		Alsea-Yaquina;Alsean;Alséya
aeu		Ake;Akheu;Aki;Akui;Gaol kheel;Gaolkheel;Gokhu;Gokhy;Gouke
aew		Aion;Porapora
aey		Amale
aez		Ajeka
afr		Africano;Boer;Sudafricano
afr		Africano;Boer;Sudafricano
afr		Africano;Boer;Sudafricano
afb		Bedawi;Emirati Arabic;Gulf Arabic;Gulf Spoken Arabic;Gulf Spoken Spoken;Omani Bedawi Arabic;Qatari
afd		Anday;Pundungum;Wangkai
afe		Ebe Cluster;Putukwam
afg		AFSL;Afghan Sign
afh		
afi		Akrukay;Wɨrkŋɨ;gwɨrkŋɨ;ŋgɨgɨ ɨrkŋɨ
afk		Aunda;Kapagmai;Nanbay
afn		Afakani;Defaka-Nkooro
afo		Afao;Afo;Afu;Aho;Eloyi;Epe
afp		Tape
afs		Afro-Seminol Criollo;Afro-Seminole;Black Seminole;Mascogos;Seminole
aft		Affitti;Dinik;Ditti;Unietti
afu		Efutu
afz		Aliki;Ati;Obogwitai
aga		Awano;Santa Crucino;Uguano
agb		Abama;Agbo;Gbo;Igbo;Igbo Imaban;Leggbo;Leggbó
agc		North Idoma
agd		Agarabe;Bare
age		Angal Heneng;East Angal;Mendi
agf		Argoeni
agg		Anggor;Senagi;Wan;Watapor
agh		Angba;Bangalema;Bangelima;Leangba
agi		Agaria;Agharia;Agoria
agj		
agj		
agk		Agta;Inagta Partido;Isarog Agta
agl		Agala;Febi;Sinale
agm		Angaatiha;Angaatiya;Angaatɨha;Angataha;Aŋaataha;Langimar
agn		Agutayano;Agutayno;Agutaynon
ago		Anka Panide;Ivori
agq		Aghə̀m;Aghɨ̂m;Wum;Yum
agr		Aents;Aguajún;Aguaruna;Ahuajún;Awajunt
ags		Aage;Age;Bogen;Bogue;Eshimbi;Essimbi;Isimbi;Mburugam;Simpi
agt		Agta;Central Cagayan Agta;Labin Agta
agu		Aguacatec;Aguacateco;Kayol;Qa’yol;Yol Awakateko
agv		Hatang-Kayey;Hatang-Kayi;Remontado Agta;Remontado Dumagat;Sinauna;Sinauna Tagalog
agw		Anganiwai;Anganiwei;Narihua;Wanoni
agx		Aghul-ch’al;Agiul Shui
agy		Ita;Kaboloan;Kabulowan;Kabuluen;Kabuluwan;Kabuluwen;Southern Alta
agz		Agta;Lake Buhi West;Mount Iriga Negrito;Mt. Iriga Agta;San Ramon Inagta
aha		Ayɩnda
ahb		Ahamb;Naujin sdrato
ahg		
ahh		Djair;Dyair
ahi		Ahizi;Ed-eyng;Ezibo;Kropko;Lélémrin;Prokpo;Tiagba;Tiagbamrin;Tiagbamrin Aizi
ahk		A ka daw;Ahka;Ai Ni;Aini;Aka;Ak’a;Avkavdawv;Aˬ khaˬ dawˬ;Aˬkhaˬ;A˯ka˯daw˯;Ikor;Khao Ikor;Yani;Za Ni
ahk		Ahka;Aini;Aka;Ak’a;Aˬ khaˬ dawˬ;A˯ka˯daw˯;Ikor;Yani
ahk		A ka daw;Ahka;Ai Ni;Aini;Aka;Ak’a;Avkavdawv;Aˬ khaˬ dawˬ;Aˬkhaˬ;A˯ka˯daw˯;Ikor;Khao Ikor;Yani;Za Ni
ahk		A ka daw;Ahka;Ai Ni;Aini;Aka;Ak’a;Avkavdawv;Aˬ khaˬ dawˬ;Aˬkhaˬ;A˯ka˯daw˯;Ikor;Khao Ikor;Yani;Za Ni
ahk		A ka daw;Ahka;Ai Ni;Aini;Aka;Ak’a;Avkavdawv;Aˬ khaˬ dawˬ;Aˬkhaˬ;A˯ka˯daw˯;Ikor;Khao Ikor;Yani;Za Ni
ahk		A ka daw;Ahka;Ai Ni;Aini;Aka;Ak’a;Avkavdawv;Aˬ khaˬ dawˬ;Aˬkhaˬ;A˯ka˯daw˯;Ikor;Khao Ikor;Louma;Yani;Za Ni
ahl		Achlo;Ago;Ahlon;Ahlon-Bogo;Ahlõ;Ahonlan;Anlo;Bogo
ahm		Ahizi;Ed-eyng;Ezibo;Frukpu;Mobumrin Aizi;Mouin
ahn		Ahaan;Àhàn
aho		Tai Ahom
ahp		Ahizi;Apro;Aproin;Aprou;Aproumu;Aproumu Aizi;Aprwe;Oprou
ahr		Ahiri
ahs		Ache;Ala;Ishe;Ishɛ;Koro Makama;Koron Ache;Koron Ala;Ìzɛ
aht		Ahtena;Atna;Atnakenaege’;Copper River;Koht’aene Kenaege’;Mednovskiy
aia		
aib		Aini;Ainu (China);Aynu;Ejnu;Eynu;Šäyxil
aic		Ainba
aid		
aie		Bibling;Longa
aif		
aig		Anguillan Creole English;Antigua and Barbuda Creole English;Broken English;Creole;Dialect;Kittitian Creole English;Kokoy;Kokoy Creole English;Montserrat Creole English;Patwa;Saint Kitts Creole English;Simaatn Creole English;Sint Maarten Creole English
aih		Atsam;Jiamu;Jiamuhua;Jin;Jinhua
aii		Aisorski;Asoreren;Assyrian;Assyrianci;Assyriski;Aturaya Swadaya;Lishana Aturaya;Neo-Syriac;Sooreth;Suret;Sureth;Suryaya Swadaya;Swadai;Swadaya
aii		
aii		Aisorski;Asoreren;Assyrian;Assyrianci;Assyriski;Aturaya Swadaya;Lishana Aturaya;Neo-Syriac;Sooreth;Suret;Sureth;Suryaya Swadaya;Swadai;Swadaya
aij		Galigalu;Hulani;Hula’ula;Jbeli;Kurdit;Lishana Didán;Lishanid Noshan;Sureth
aik		Aike;Ake;Ekwenunga;Kapon
ail		Aimele;Kware
aim		
ain		Ainu (Japan);Ainu Itak
ain		Ainu (Japan);Ainu Itak
aio		Aitonia;Sham Doaniya;Shyam;Tai Aiton
aip		
aiq		Chahar-Aimaq;Char Aimaq
air		Adora;Aeroran;Iriemkena;Kapeso
ait		Ahopovo;Ahôpovo;Ariken;Arikém;Ariqueme;Ariquemes;Ariquême;Uitáte
aiw		
aiw		
aiw		
aix		Aigon;Eighon
aiy		’Àlī
aja		Adja;Aja (South Sudan);Ajja
ajg		Adja;Aja (Benin);Aja-Gbe;ajagbe
aji		Anjie;A’jie;Houaïlou;Waawilûû;Wai;Wailu
ajn		Andidja;Andidjara
ajs		AJSL;Ghardaia Sign Language
ajw		Aja;Ajanci
ajz		Amri
aka	fat;twi	
aka		
aka	twi	
aka		
akb		Anakola;Angkola
akb		Anakola;Angkola
akc		Amberbaken;Dekwambre;Ekware;Kebar
akd		Akpet-Ehom
ake		Acahuayo;Acawayo;Acewaio;Akawai;Akawayo;Akwaio;Ingariko;Ingarikó;Kapon;Kapóng;Patamona;Waicá;Waika
akf		Akpa
akg		Anakalang
akh		Agarar;Augu;Katinja;Wage;West Angal Heneng;West Mendi
aki		Aren;Ayom
akj		Jero;Jeru;Yerawa
akk		
akl		Akeanon;Aklan;Aklano;Aklanon-Bisayan;Inakeanon;Panay;Qinakłanón
akm		Ba;Bo
ako		Akoerio;Akuliyo;Akuri;Akurijo;Akuriyo;Oyaricoulet;Triometesem;Triometesen;Wama;Wayaricuri
akp		Akpafu-Lolobi;Lolobi-Akpafu;Mawu;Siwusi
akq		
akr		Araki;Ravoraki
aks		Akasele;Akaselecɛ;Bikaselebíyáá;Cemba;Chamba;Kamba;Kasele;Kassele;Tchamba;àkasìlìmí
akt		
aku		Aakuem;Anyar;Oakuem;Okum
akv		Ashvado;Axvax;Ašwałi;Ašwałi mic̣i;Ghahvalal;’Aqwalazul
akw		
akx		Kede
aky		Kol
akz		Albaamo;Albaamo innaaɬiilka;Alibamu
ala		Arago;Aragu;Argo;Idoma Nokwu
alc		Alacalouf;Alacaluf;Alacalufe;Alaculoof;Alaculuf;Alakaluf;Alikaluf;Alikhoolip;Alikuluf;Alilkoolif;Alokolup;Alooculoof;Alookooloop;Alucaluf;Alukoeluf;Alukulup;Halakwulup;Kaweskar;Kawesqar
ald		Aladian;Alladyan;Allagia;Allagian
ale		Anangax;Unangam tunnu;Unangan;Unangany;Unangax;Unanghan
ale		Anangax;Unangam tunnu;Unangan;Unangany;Unangax;Unanghan
alf		Alege;Alegi;Eligi;Ugbe;Uge
alh		Alaua;Allaura;Allawa;Allowa;Allowiri;Allua;Alowa;Galawa;Galleewo;Kallana;Kallaua;Leealowa;Warliburru
ali		Okim
alj		
alk		Halak;Harak;Harlak;Hrlak
all		Aalan;Alan;Alanmar;Alar;Allan;Chatans
alm		Aje;Varavara
aln		Geg;Gegnisht;Gegnisht-Shqyp;Gheg;Gheg Albanian;Guegue;Shopni;Shqip;Shqyp
aln		Geg;Gegnisht;Gegnisht-Shqyp;Gheg;Gheg Albanian;Guegue;Shopni;Shqip;Shqyp
alo		
alp		Patasiwa Alfoeren;Sapalewa
alq		Algonkin;Anicinàbemowin
alr		Aliutor;Alyutor;Olyutor
alt		Altai;Oirot;Oyrot;Southern Altai
alt		Altai;Oirot;Oyrot;Southern Altai
alt		Altai;Oirot;Oyrot;Southern Altai
alu		'Are'are;ɁAreɂare;’Areka;’Are’are
alw		Wanbasana
alx		Alatil;Amol;Aru;Eru;Oru
aly		Aljawara;Alyawarra;Alyawarre;Iliaura;Yowera
alz		Aloro;Alua;Alulu;Dho Alur;DhuAlur;Dhʉ Alur;Jo Alur;Lur;Luri
amh		Beta Israel
amh		Beta Israel
amh		Beta Israel
ama		Amanage;Amanaié;Amanajé;Amanajó;Amanyé;Ararandeuara;Manajó;Mananyé;Manaxó;Manayé;Manaze;Manazewá;Manazo;Turiwa
amb		Timap
amc		Amaguaco;Amahuaka;Amajuaca;Amawaca;Amawaka;Amawáka;Amenguaca;Ameuhaque;Ipitineri;Ipitnere;Sayaco;Sayacu;Yora
ame		Amagues;Amagé;Amajé;Amajó;Amoishe;Amueixa;Amuese;Amuesha;Amueshua;Amuetamo;Lorenzo;Omagé;Yanesha';Yaneshac̈h;Yanešač̣
amf		
amf		
amg		Amarag;Amarak;Amardak;Amurag;Amurdag;Amurrag;Amurrak;Amurtak;Amuruk;A’moordiyu;Mamurug;Monobar;Namurug;Nga:mr:rak;Nga:mu:rak;Ngamurag;Umoreo;Umoriu;Umorrdak;Wardadjbak;Woraidbug;Wureidbug
ami	ais	Ami;Amia;Bakurut;Lam-Si-Hoan;Maran;Pagcah;Pangcah;Pangtsah;Sabari;Tanah
amj		Andang;Andangti;Biltine;Mima;Mime;Mimi;Mututu;Simi Amdangtii
amj		Andang;Andangti;Biltine;Mima;Mime;Mimi;Mututu;Simi Amdangtii
amk		Ambai-Menawi
aml		Amwi;Jaintia;Khasi;War;War-Khasi
aml		Amwi;Jaintia;Khasi;War;War-Khasi
amm		Ama;Ama (Papua New Guinea);Sawiyano
amn		Awai
amo		Amap;Amon;Among;Ba;Timap
amp		Arambak
amq		Amahei
amr		Amaracaire;Amarakaire;Arakmbut;Arakmbut Háte;Aratbuten huaʼa;Harakmbut;Haté;Kareneri;Kochimberi;Küpondirideri;Wakitaneri;Wintaperi
ams		Southern Amami-Oshima;Southern Amami-Osima
amt		Ki
amu		Amuzgo;Amuzgo de Guerrero;Guerrero Amuzgo;Jñom’ndaa;Nomndaa;Xochistlahuaca Amuzgo;Ñomndaa;Ñomndaa Suljaaꞌ;Ñonda
amv		Amblau
amw		Loghtha Siryanooytha;Neo-Western Aramaic;Siryoon
amw		Loghtha Siryanooytha;Neo-Western Aramaic;Siryoon
amw		Loghtha Siryanooytha;Neo-Western Aramaic;Siryoon
amw		Loghtha Siryanooytha;Neo-Western Aramaic;Siryoon
amw		Loghtha Siryanooytha;Neo-Western Aramaic;Siryoon
amx		Anmatjirra;Anmatyerre
amy		Ame;Amijangal;Emmi;Maranunggu
amz		Atambaya
arg		Altoaragonés;Aragoieraz;Aragonais;Aragonès;Fabla;Fabla Aragonesa;High Aragonese;Navarroaragonés;aragonés
ana		Aguanunga;Andaki;Andaquí;Churuba
anb		Andoa-Shimigae;Gae;Gaye;Semigae;Shimigae;Simikai
anc		Angas;Karang;Kerang
and		
ane		Anesu;Canala;Haraneu;Kanala;Naa Xaracuu;Xaracii
anf		Anyimere;Kunda
ang		
ang		
anh		Angaua;Nent
ani		Andii;Andiy;Khivannal;Qandisel;Qwannab
anj		
ank		Ankwai;Ankwe;Ankwei;Gamai;Ga̱mai;Kemai
anl		Anu-Hkongso Chin;Khong;No
anm		Anal Naga;Anāl;Namfau;Pakan;Pakan Naga
ann		Andone;Andoni;Andonni
ano		Andoke;Businka;Cha’oie;Cho’oje;Paasi-ahá;Paasiaja;Paatsiaja;Patsiaehé;Poosioho
anp		Anga;Angikar;Chhika-Chhiki
anq		Jarawa (India)
anq		Jarawa (India)
anr		Andha;Andhi
ans		Ancerma;Anserna;Caramanta;Cartama;Humbra;Umbra
ant		Andagarinya;Antakarinya;Antakirinya
anu		Dha Anyuaa;Dha Anywak;Dho Anywaa;dho-Anywaa
anu		Anyuak;Anywa;Anywaa;Anywak;Dha Anyuaa;Dha Anywaa;Dha Anywak;Dho Anywaa;Jambo;Nuro;dho-Anywaa
anu		Anyuak;Anywa;Anywaa;Anywak;Dha Anyuaa;Dha Anywaa;Dha Anywak;Dho Anywaa;Jambo;Nuro;dho-Anywaa
anv		Agnang;Anyah;Anyan;Anyang;Eyan;Nyang;Obonya;Takamanda
anw		Anaañ;Anang;Annang
anx		Ahus;Ha’us
any		Agni;Agni Sanvi;Agny;Anyi
anz		
aoa		Ngola
aob		
aoc		Arekuna;Pemong;Taulipáng;Taurepáng
aod		
aoe		Angal;Angal Enen Nembi;Nembi;South Angal Heneng;South Mendi
aof		Alauagat;Yauan
aog	myd	Kanda;Olem;Pondo;Tjimundo
aoh		
aoi		Andiljangwa;Andilyaugwa;Aninhdhilyagwa;Enindhilyagwa;Enindiljaugwa;Groote Eylandt;Ingura;Wanindilyaugwa
aoj		Muhian;Muhiang;Southern Arapesh
aoj		Mufian - Balif;Muhian;Muhiang;Southern Arapesh
aoj		Mufian - Filifita;Muhian;Muhiang;Southern Arapesh
aok		Aro
aol		Alorese
aom		Aomie;Upper Managalasi
aon		Bambita Arapesh;Bumbita Arapesh;But Arapesh
aor		
aos		Abrab;Abrap;Arso;Tajkat
aot		A'tong;Atong (India);Attong;A’tong
aot		A'tong;Atong (India);Attong;A’tong
aou		A'ou;Auo;Awou
aox		Atorad;Atorai;Ator’ti;Dauri
aoz		Atoni;Meto;Orang Gunung;Timol;Timor;Timoreesch;Timoreezen;Timorese;Uab Atoni Pah Meto;Uab Pah Meto
apb		Apaeꞌaa;Sa'a;Saa;South Malaita
apc		Lebanese;Lebanese-Syrian Arabic;Levantine Arabic;Libano-mexicano;Palestinian Arabic;Palestinian-Jordanian;Palestinian-Jordanian Arabic;Syro-Lebanese Arabic;Syro-Palestinian Arabic;il-lahje š-šāmiyye
apc	ajp	Lebanese-Syrian Arabic;Levantine Arabic;Palestinian Arabic;Palestinian-Jordanian;Palestinian-Jordanian Arabic;Syro-Lebanese Arabic;Syro-Palestinian Arabic;il-lahje š-šāmiyye
apd		Arabi;Dārijīya;Khartoum Arabic;Sudanese Arabic;Sudanese Spoken Arabic
apd		Arabi;Dārijīya;Khartoum Arabic;Sudanese Arabic;Sudanese Spoken Arabic
ape		Bukiyúp;Mountain Arapesh
ape		Bukiyip - Coastal Arapesh;Bukiyúp;Mountain Arapesh
ape		Bukiyip - Mountain Arapesh;Bukiyúp;Mountain Arapesh
apf		Pahanan;Pahanan Agta;Palanan Agta
apg		
aph		Arthare;Athaphre;Athapre;Athpahariya;Athpare;Athpre;Sanango Ring
api		Apiacá;Apiake
apj		Abáachi mizaa;Hikariya;Hoyero;Jicarilla Abáachi;Jicarilla Apache;Ollero
apk		Kiowa Apache;Na’isha;Plains Apache
apl		Lipan;Lipan Apache;Ndé miizaa
apm		Mescalero-Chiricahua Apache;Ndé;Ndé bizaa;N’dee;N’nee
apn		Afotigé;Aogé;Apinaié;Apinajé;Apinayé;Otogé;Oupinagee;Panhĩ kapẽr;Pinagé;Pinaré;Timbira Ocidentais;Uhitische;Utinsche;Western Timbira
apo		Apalik;Palik
app		Abma;Central Pentecost;Central Raga;Daleda;Dalekte
apq		Aka-pujjukar;Puchikwar;Pucikwar
apr		Arop-Lukep;Moromiranga;Siasi;Siassi;Tolokiwa
aps		Arop;Arop-Sissano
apt		Apa
apu		Ipurinã;Ipurinãn;Kangite;Popengare
apv		Alapmonde;Yalapmunde;Yalapmunte;Yalapmunxte;Yala’mun’du
apw		Coyotero;Ndee biyáti’;Nnee biyáti’;Nḏēē biyáti’;Nṉēē biyáti’;Western Apache
apx		Ilputih;Opotai;Tutunohan
apy		Apalay;Aparaí;Arakwayu
apz		Ambari;Ampale;Ampeeli;Ampeeli-Wojokeso;Ampele
aqc		Archib;Archin;Archintsy;Archsel;Arshashdib
aqd		Ambeenge;Ampari;Ampari Dogon;Pignari
aqg		North Akoko
aqk		Kurmi;Ninka;Nka;Sanga
aqm		Kaugat
aqn		Alta;Baler Negrito;Ditaylin Alta;Ditaylin Dumagat;Edimala;Northern Alta
aqp		Atakapa-Ishak;Ishak;Yukhiti
aqr		Ara
aqt		Enlhit;Kovalhvok;Koyaqteves
aqz		Akunsu;Akuntsun;Akuntsú;Akunt’su
ara		
ara	arb	Al-’Arabiyya;Arabic, Standard;Literary Arabic;árabe
arb		Arabic
ara		
arb		Arabic
arc		Imperial Aramaic (700-300 BCE)
arc		Imperial Aramaic (700-300 BCE)
arc		Imperial Aramaic (700-300 BCE)
arc		Imperial Aramaic (700-300 BCE)
arc		Imperial Aramaic (700-300 BCE)
arc		Imperial Aramaic (700-300 BCE)
ard		Arabunna
are		Aranda;Arrente;Arunta;Western Arrarnta
arh		Arauco;Arhuac;Aruac;Aruaco;Arwako;Auroguac;Bintucua;Bintuk;Bintukwa;Bíntuka;Bíntukua;Bítuncua;Ica;Ijca;Ijka;Ika;Ikan;Ike;Iku;Ikʉ
ari		Arikaree;Arikari;Arikaris;Ree;Ris;Sáhniš
arj		Arapaço;Araspaso;Koneá
ark		Aricapú;Mashubi;Maxubí
arl		Chiripuno;Chiripunu;Tapueyocaca;Tapueyocuaca;Tapweyokwaka
arn		Chileno;Chilidungun;Chilidúgu;Huilliche;Manzanero;Mapuche;Mapuche Dzungun;Mapuchedungun;Mapudungu;Maputongo;Mapuzungun;Pehuenche;Ranquel
aro		Cavina
arp		Arrapahoe;Hinónoʼeitíít
arq		Algerian;Algerian Arabic;Algerian Spoken Arabic;Darija;Darja;Dziria
arr		Arara Tupi;Arara-Karo;Arára;Arára de Rondonia;Arára do Jiparaná;Itogapuc;Itogapúk;Karo (Brazil);Ntogapid;Ntogapig;Ramarama;Uruku;Urukú;Urumi;Ytangá
ars		Bedawi;Najdi;Najdi Arabic;Najdi Spoken Arabic
aru		Arawá;Aruá (Amazonas State)
arv		
arw		Araguaco;Arahuaco;Arahuacos;Arawac;Arhwak;Arowak;Arrowukas;Aruaco;Aruak;Aruaqui;Arwuak;LokoJang;LokoJañ;Lokono;Lokono Dian;Luccumi
arx		Arouá;Arouén;Aruá (Rodonia State)
ary		Colloquial Arabic;Darija;Maghrebi Arabic;Maghribi;Moroccan Arabic;Moroccan Colloquial Arabic;Moroccan Dareja;Moroccan Darija;Moroccan Dereja;Moroccan Spoken Arabic;Árabe marroquí
arz		Egyptian Arabic;Egyptian Spoken Arabic;Lower Egypt Arabic;Massry;Modern Egyptian Language;Normal Egyptian Arabic
arz		Egyptian Arabic;Egyptian Spoken Arabic;Lower Egypt Arabic;Massry;Modern Egyptian Language;Normal Egyptian Arabic
asm		Asambe;Asami;Asamiya;Axomiya
asa		Ashu;Asu (Tanzania);Athu;Casu;Chasu;Chiasu;Kiathu;Kipare;Pare;Pare-Asu
asb		Assiniboin;Hohe;Nakhoda;Nakhona;Nakhota;Nakhóda;Nakhóna;Nakhóta;Nakoda;Nakoda Assiniboine;Nakon;Nakona;Nakota;Nakón iyábi
asc		As-amat;Asmat;Casuarina Coast Asmat;Kaweinag
ase		#A-S-L;ASL;Ameslan;Belize Sign Language;Belizean Sign Language;Benin ASL;Benin Sign Language;Burkina Faso ASL;Burkina Faso Sign Language;Cameroonian ASL;Central African Republic ASL;Congolese ASL;Francophone ASL;Gabonese Sign Language;Guyanese ASL;Haitian Sign Language;LSAF;LSAF Ivoirienne;LSCI;LSFA;LSH;Langue des signes Franco-Africaine;Langue des signes américaine;Langue des signes burkinabé;Langue des signes congolaise;Langue des signes de Côte d’Ivoire;Langue des signes de l’Afrique francophone;Langue des signes du Congo;Langue des signes d’Afrique francophone;Langue des signes franco-africaine;Langue des signes haïtienne;Langue des signes mossi;Liberian ASL;Malian ASL;Mauritanian ASL;Mossi Sign Language;SIGN AMERICA;Salvadoran ASL;Togo Sign Language
ase		#A-S-L;ASL;Ameslan;Belize Sign Language;Belizean Sign Language;Benin ASL;Benin Sign Language;Burkina Faso ASL;Burkina Faso Sign Language;Cameroonian ASL;Central African Republic ASL;Congolese ASL;Francophone ASL;Gabonese Sign Language;Guyanese ASL;Haitian Sign Language;LSAF;LSAF Ivoirienne;LSCI;LSFA;LSH;Langue des signes Franco-Africaine;Langue des signes américaine;Langue des signes burkinabé;Langue des signes congolaise;Langue des signes de Côte d’Ivoire;Langue des signes de l’Afrique francophone;Langue des signes du Congo;Langue des signes d’Afrique francophone;Langue des signes franco-africaine;Langue des signes haïtienne;Langue des signes mossi;Liberian ASL;Malian ASL;Mauritanian ASL;Mossi Sign Language;SIGN AMERICA;Salvadoran ASL;Togo Sign Language
asf		Australian Sign Language
asg		Agwara Kambari;Aschingini;Ashaganna;Ashingini;Chisingini;Kambari;Kamberchi;Kamberri;Tsishingini;Yauri
ash		Abigira;Abiquira;Abishira;Aewa;Agouisiri;Auishiri;Avirxiri;Aʔɨwa;Ixignor;Tekiraka;Tequiraca;Vacacocha
asi		Asianara;Asienara;Karufa;Madidwana;Sabakor;Sebakoor
asj		Akweto;Nsari;Pesaa;Saari;Sali
ask		Ashkund;Ashkuni;Ashkunu viri;Wamai;Wamayi
asl		
asn		Assurinikin;Assuriní;Asurini do Xingú;Asuriní de Koatinema;Awaeté;Awaté;Kuben-Kamrektí;Xingú Asuriní
aso		Asaro
asp		LSA;Langue des signes algérienne;Lghh alesharh aljza’er
asq		Carinthian Sign Language;KGS;OEGS;ÖGS;Österreichische Gebärdensprache
asr		Ashree;Assur;Asura;Maleta
ass		Assumbo;Asumbo;Badzumbo;Ipulo-Olulu;Wopulo
ast		Astur-Leonese;Asturian-Leonese;Asturianu;Asturleonese;Bable;Leonese;asturiano
asu		Akwawa;Akwawa-Asuriní;Akwaya;Assuriní;Asuriní;Asuriní do Tocantins;Asuriní do Trocará;Tocantins Asurini
asv		Asua;Asuae;Asuati
asw		Australian Aborigines Sign Language
asx		Asat;Maratayak;Mratayak;Murataik
asy		As-amat;Asmat;Yaosakor;Yaosakor Asmat
asz		
ata		Ata;Peleata;Uase;Uasi;Uasilau;Wasi
atb		Aci;Aji;Atshi;Atsi;Atsi-Maru;Atzi;Azi;Szi;Tsaiva;Tsaiwa;Xiaoshanhua;Zaiwâ;Zi
atb		Aci;Aji;Atshi;Atsi;Atsi-Maru;Atzi;Azi;Szi;Tsaiva;Tsaiwa;Xiaoshanhua;Zaiwâ;Zi
atc		Astahuaca;Atsahuaca-Yamiaca;Atsawaca;Atsawaka;Atsawaka-Yamiaka;Atswawaka
atd		Ata;Ata Manobo;Ata of Davao;Atao Manobo;Langilan;Minanobo
ate		Atemble;Atemple;Atemple-Apris
atg		
ati		-Atshe;-Atye”;Akie;Akye;Atche;Atie;Atshe
atj		Atihkamekw;Atikamek;Atikamekw Nehiromowin;Attikamek;Attimewk;Nehirowimowin;Tête de Boule
atk		Binisaya nga Inati;Inate;Inati;Inete;Inätä
atl		Agta;Inagta of Mt. Iraya;Itbeg Rugnot;Lake Buhi;Mt. Iraya Agta;Rugnot of Lake Buhi East
atm		Inata
atn		Ashtiyani;Astiani
ato		Atong (Cameroon);Etoh
atp		Pudtol Atta
atq		
atr		Atroahy;Atroahí;Atroarí;Atroaí;Atrowari;Atruahí;Kinja;Kinja Iara;Kinã;Ki’nya;Waimiri-Atroari
ats		Aane;Ahahnelin;Ahe;Ananin;Atsina;A’ananin;Fall Indians;Gros Ventres;White Clay People
att		Agay;Atta;Atta-Isigiran;Northern Cagayan Negrito;Pamplona Atta
atu		Atuot;Atwot;Thok Cieng Reel;Thok Reel;Thuɔk ë Rëël
atv		Northern Altai
atw		
atx		Anake;Aoaqui;Auakê;Auaqué;Awaikê;Awaké;Oewaku;Orotani;Uruak;Urutaní
aty		Aneiteum;Aneiteumese;Anejom;Anejom̃;Antas Anejom̃;Intas Anejom
atz		
aua		Asubuo;Asumbua;Asumuo
aub		Muji;Phula
auc		Huao;Huao Auca;Huaorani;Sabela;Wao;Wao Tededö;Wao Terero;Wao Tiriro;Waodäni;Waodäni Tededö;Waos;Waotededo
aud		Anutan;Te Taranga Pakaanuta;te taranga paka-Anuta
aug		Aguna-gbe;Agunaco;Agunagbe;Agunaný;Awuna
auh		Abaushi;Avaushi;Ba-Usi;Bahushi;Bahusi;Baoussi;Batushi;Ikyaushi;Ushi;Usi;Uzhil;Uzhili;Vouaousi;Wa-Usi;Waushi;Wauzhi
aui		Gabobora
auj		Aoudjila;Augila;Aujila;Awjila;Awjili
auj		Aoudjila;Augila;Aujila;Awjila;Awjili
auj		Aoudjila;Augila;Aujila;Awjila;Awjili
auk		Arima;Arinua;Arinwa;Heyo;Lolopani;Ruruhip;Wan Wan;Wanib
aul		Aulua Bay
aum		Abewa;Abeywa;Asu (Nigeria);Ebe
aun		Aunalei;Molmo;Molmo One;One;Onele;Oni
auo		
aup		Adulu;Atura;Aturu;Makaeyam;Tirio
auq		Koroernoes;Korur
aur		Djang
aut		Reo Tuhaa Pae;Tubuai-Rurutu
auu		Auwje;Piyaa
auw		Awje;Awji;Awye;Njao;Nyao
aux		Auré
auy		Auyana
auz		Arabic, Khorasan;Central Asian Arabic;Jugari;Jugari Arabic;Uzbeki Arabic;Uzbeki Spoken Arabic;Uzbekistan Arabic
ava		Avaric;Avaro;Bolmac;Dagestani;Khundzuri;Maarul Dagestani
avb		Awau
avd		
avi		Avekom;Brignan;Brinya;Gbanda;Kwakwa;Lahu
avk		
avl		Arabic, Levantine Bedawi;Eastern Egyptian Bedawi Arabic;Eastern Egyptian Bedawi Spoken Arabic;Levantine Bedawi Arabic;Levantine Bedawi Spoken Arabic
avm		Anggamudi;Ankamuti;Ngamiti;Nggamadi;Nggammadi;Ngkamadyi’
avn		Afatime;Si-yà;Sia;Sideme;Siya;Siyase
avo		Agavotocueng;Agavotokueng;Agavotoqueng
avs		Abijira;Auxira;Awshira;A’éwa;Vacacocha
avt		
avu		Abukeia;Avukaya;Ãvõkáyã
avv		Abá;Avá;Awana;Canoa;Canoe;Canoeiro;Canoeiros;Cara Preta;Carijó;Indios Negros
awa		Abadhi;Abadi;Abohi;Ambodhi;Avadhi;Baiswari;Dehati;Deshi;Gawnaru;Kojali;Kosali;Koseli
awa		Abadhi;Abadi;Abohi;Ambodhi;Avadhi;Baiswari;Dehati;Deshi;Gawnaru;Kojali;Kosali;Koseli
awb		Ahwa;Awa (Papua New Guinea);Mobuta
awc		Achipa;Acipa;Acipanci;Cipu;Tocipu;Western Acipa
awe		Arauine;Arauite;Auetí;Auetó;Auití;Autl;Awetö
awg		Angadimi;Angutimi;Ba:tyana;Batjana;Mbatyana;Ngerikudi;Nggerikudi;Nggirikudi;Nigger-Ikudi;Ra:kudi;Wimaranga;Wimarangga;Wimarango;Wimmarango;Yopngadi;Yupangathi;Yupangati;Yupnget;Yupun-Gatti;Yupungati;Yuupngati
awh		Kvolyab
awi		Aiwin;Akium;Awin;West Awin
awk		Awabagal;Awabakalkoba;Hunter River – Lake Macquarie
awm		Arawum
awn		
awo		Awok;Nìín Yěbù;Yěbù
awr		
aws		Jenimu;Oser;Siagha;Sjiagha;South Awyu;Syiagha;Yenimu
awt		Araueté;Arawine;Bïde
awu		Ajau;Auyu;Avio;Awju;Awya;Central Awyu;Nohon
awv		Jair Awyu;Kia River Awyu
aww		Auwon;Awon
awx		
awy		Edera Awyu;Jenimu;Oser;Siagha;Sjiagha;Syiagha;Yenimu
axb		Abipón
axe		Aroinga;Bulamu;Bulanja;Bulanu;Jarionga;Jaroinga;Jurangka;Manda;Pulanja;Yaringa;Yaroinga;Yarroinga;Yarrowin;Yorrawinga;Yorrowinga;Yuruwinga
axg		Arara;Arara do Aripuanã;Arara do Beiradão;Arara do Rio Branco;Koaia;Koaiá;Koayá;Mato Grosso Arára
axk		Aka;Beka;Beká;Mòáka;Nyoyaka;Pygmée de Mongoumba;Pygmée de la Lobaye;Pygmées de la Sanghas;Yaka (Central African Republic);Yaâkâ
axl		Aldolanga;Aldolinga;Alitera;Aranda;Aranta;Arinta;Arranda;Arrinda;Arrundta;Arrunta;Arunda;Arunndta;Arunta;Arunta Bu;Arunta Ulpma;Eastern Aranda;Lower Aranda;Lower Southern Aranda;Pertame;Southern Aranda;Western Aranda
axm		
axx		Aragure;Borendy;Borindi;Haragure;Naa Xaragure;Thio;Xaragure;’Aragure
aym	ayr	Aimara;Aymar;Aymar aru;Aymara, Central
aya		
ayb		Ayizo;Ayizo Gbe;Ayizo-Gbe;Ayizogbe;Ayizɔ;Ayizɔ-Ko;Ayizɔ-Kogbe;Ayzo
ayc		Aymar;Aymar aru;Southern Aymara
ayd		Abadja;Ai ebadu;Aiabadu;Aiyabotho;Aiyaboto;Ajabadha;Ajabatha;Ajibyrdu;Apatya;Ayapathu;Badja;Baldya;Balfja;Jabuda;Kikahiabilo;Koka Ai-ebadu;Koka-aiebadu;Koko Aiebadu;Koko-Badja;Koko-Baldya;Koko-Baltjayiahjaba
aye		Ayere;Iluwu;Mayin nuwu;Uwu
ayg		Agnagan;Anyanga;Genyanga
ayh		Hadhrami Arabic;Hadrami;Hadrami Arabic;Hadrami Spoken Arabic;Hadromi
ayi		Asiga;Assiga;Ayiga;Ayigha;Yigha
ayk		Akhukhu
ayl		Arabic, Western Egyptian Bedawi;Bedawi;Libyan Arabic;Libyan Spoken Arabic;Libyan Vernacular Arabic;Maghrebi Arabic;Sulaimitian Arabic;Western Egyptian Bedawi Spoken Arabic
ayn		Northern Yemeni Arabic;Sanaani Arabic;Sanaani Spoken Arabic
ayo		Ayoeo;Ayoré;Ayoweo;Coroino;Garaygosode;Guarañoca;Guidaigosode;Koroino;Moro;Morotoco;Poturero;Pyeta;Pyeta Yovai;Pyta Jovai;Samococio;Takrat;Totobiegosode;Yanaigua;Yovai;Zamuco
ayp		Maslawi;Mesopotamian Qeltu Arabic;Moslawi;North Mesopotamian Arabic;North Mesopotamian Spoken Arabic;Syro-Mesopotamian Arabic;Syro-Mesopotamian Vernacular Arabic
ayq		Ayi (Papua New Guinea)
ays		Sorsogon Ayta
ayt		Bataan Ayta;Bataan Sambal;Magbikin;Magbukun;Magbukun Ayta;Mariveles Ayta;Mariveleño
ayu		Aya
ayy		
ayz		Ajamaru;Atinjo;Ayamaru;Brat;Maibrat;Maite;Majbrat;Maybrat;Mey Brat
aze	azj	Azerbaijan;Azerbaijani, North;Azerbaydzhani;Azeri;Azeri Turk;Azərbaycan dili;Azərbaycanca;Turkler
aze	azj	Azerbaijan;Azerbaijani, North;Azerbaydzhani;Azeri;Azeri Turk;Azərbaycan dili;Azərbaycanca;Turkler
aze		
aze	azj	Azerbaijan;Azerbaijani, North;Azerbaydzhani;Azeri;Azeri Turk;Azərbaycan dili;Azərbaycanca;Turkler
aze	azj	Azerbaijan;Azerbaijani, North;Azerbaydzhani;Azeri;Azeri Turk;Azərbaycan dili;Azərbaycanca;Turkler
aza		Aji;Ajiwa;Azan;A’ndze;A’ntsaozo;Black Phula;Cowtail Phula;Golden Phula;Han Phula;Hei Phula;Hua Phula;Hua Yi;Jin Phula;Nimitso;Niuweiba Phula;Phula;Phuphje;Shaoji Phula;Sifter Basket Phula
azb		Azeri;Azəricə;Iraqi Turkic;Iraqi Turkmen;South Azerbaijani;Turk;Turkmen;Turkomen;Türki;Türkmanja
azb		Azeri;Azəricə;Iraqi Turkic;Iraqi Turkmen;South Azerbaijani;Turk;Turkmen;Turkomen;Türki;Türkmanja
azb		Azeri;Azəricə;Iraqi Turkic;Iraqi Turkmen;South Azerbaijani;Turk;Turkmen;Turkomen;Türki;Türkmanja
azd		Eastern Durango Aztec;Eastern Durango Nahuatl;Meshikan de San Pedro Shikora;Meshikan del Este;Mexicanero del Este;Nahuat del Este de Durango
azg		Amuzgo Alto del Este;Amuzgo de Oaxaca;Amuzgo de San Pedro Amuzgos;Jnꞌoon;Jñon’ndaa;Oaxaca Amuzgo;San Pedro Amuzgos Amuzgo;Ñonda
azm		Amuzgo Bajo del Este;Ipalapa Amuzgo;Jñunda;Ts’unuma
azn		Meshikan de San Agustin Buenaventura y de Santa Cruz;Meshikan del occidente;Mexicanero del occidente;Nahuat del Occidente en Durango y Nayarit;Western Durango Aztec;Western Durango Nahuatl
azo		Atembuluwe;Atembwә’wi;Awi;Bambuluwe;Mbwe’wi;Mbí̵ɨwiŋə;Mbɨ̂wiŋə
azt		Faire Atta;Southern Atta
azz		Highland Puebla Nahuatl;Mejicano;Mejicano de Zacapoaxtla;Mexicano;Mexicano tlajtol;Nahuatlahtolli;Nauta;Náhuatl de la Sierra Noreste de Puebla;Náhuatl de la Sierra de Puebla;Sierra Aztec;Sierra Puebla Náhuatl;Sierra de Zacapoaxtla Nahuatl;Zacapoaxtla Náhuat
bak		Bashkir;Bashqort;Basquort
bak		Bashkir;Bashqort;Basquort
baa		Bambatana;Central-Eastern Choiseul;East Choiseul;Mbambatana
bab		Bagnoun;Bainounk-Gujaher;Bainuk;Banhum;Banhun;Banyuk;Banyum;Banyun;Banyung;Elomay;Elunay;Guñuun;Gújááhár
bac		Badui;Bahasa Sunda;Gajebo
bae		Arihini;Balé;Barauana;Barauna;Barawana;Cunipusana;Ihini;Maldavaca;Mitua;Yavita
baf		Baca;Bongo;Nu Baca;Southern Yambassa;Yambassa
bag		Baki;Batchenga;Betsinga;Betzinga;Ki;Oki;Osa Nanga;Sanaga;Tukí
bah		Bahamas Creole English;Bahamian Dialect;Bahamian English Creole
baj		Gwerka;Leler Gwerka;Workai
bal	bcc	Balochi, Southern;Baloci;Baluci;Balóchi;Makrani
bal	bcc	Balochi, Southern;Baloci;Baluci;Balóchi;Makrani
ban		Balinese;Basa Bali
ban		Balinese;Basa Bali
ban		Balinese;Basa Bali
bao		Barasano;Barasano del Norte;Barazana;Bará-Tuyuka;Northern Barasano;Waimaja;Waimajã;Waimasa;Waymasa;Waípinõmakã
bap		An Yüng;Bantaba;Bantawa Dum;Bantawa Rai;Bantawa Yong;Bantawa Yüng;Bontawa;Kirat Khambu;Kirat Khambu Rai;Kirawa Yüng;Rai
bap		An Yüng;Bantaba;Bantawa Dum;Bantawa Rai;Bantawa Yong;Bantawa Yüng;Bontawa;Kirat Khambu;Kirat Khambu Rai;Kirawa Yüng;Rai
bar		Bairisch;Bavarian Austrian;Bayerisch;Boarisch;Ost-Oberdeutsch
bas		Basa;Basa (Cameroon);Bassa;Bicek;Bikyek;Bisaa;Hɔp ɓasàa;Mbele;Mee;Mvele;Northern Mbene;Tupen;Ɓasàa
bau		Bada (Nigeria);Badanchi;Badawa;Bada’;Bat;Garaka;Jar;Jarawan Kogi;Kanna;Mbada;Mbadawa;Plains Jarawa;River Jarawa
bav		Babungo;Ghang Vengo;Ghaŋ Vəŋoo;Nge;Ngo;Nguu;Ngwa;Pengo;Vengi;Vengoo
baw		Bambili
bax		Bamoum;Bamoun;Bamum;Shupamem;Shüpamom
bax		Bamoum;Bamoun;Bamum;Shupamem;Shüpamom
bay		Batuley;Gwataley;Gwatle;Watulai
bba		Baatombu;Baatonu;Baatonun;Baatonun-Kwara;Baatɔnum;Barba;Barganchi;Bargawa;Bargu;Bariba;Baruba;Batonnum;Batonu;Berba;Bogung;Borgawa;Borgu;Burgu;Zana;baatɔnum
bbb		
bbc		Batta;Toba Batak
bbc		Batta;Toba Batak
bbd		Bau;Efu;Leh;Muag;Udun
bbe		Abangba
bbf		
bbg		Bavarama;Ghibarama;Gibarama;Givarama;Varama;Yibarambu
bbh		Bengan;Ben’gan Yu;Bogan;Bugeng;Hualo;Hualuo;Huazu;Pakan;Pukan;Pukeng;Puqeng
bbi		Balombi;Barumbi;Lambi;Lombe;Lombi;Rambi;Rombi
bbj		Baloum;Bamileke-Bandjoun;Bandjoun;Banjoun-Baham;Banjun;Batie;Ghomálá';Mahum;Mandju;ghᴐmala’
bbk		Finge;Gaʼa Kedjom;Gaʼa-Kejom;Kedjom;Kejeng;Kejom;Kidzem;Kidzom;Nga-Kejom
bbl		Bac;Batsaw;Batsba;Batsbi;Batsbiitsy;Batsi;Tsova-Tush;Tushin
bbm		Bango;Mobango;Southwest Bwa
bbn		Bali;Bali-Vitu;Unea
bbo		Black Bobo;Bobo;Bobo Da;Bobo Fi;Bobo Madaré;Boboda;Konakuma;Kʋnabɩrɩ;Northern Bobo Madaré
bbp		Golo;West Central Banda
bbq		Bamali;Chɔpəchɔp;Ngoobechop
bbr		Bagasin;Begasin;Begesin;Ämän
bbs		Bakpinka;Begbungba;Iyoniyong;Uwet
bbt		Barke;Barko;Burkanci;Burkawa;Mburku;Virang;Vram;Vә Mvәran;Wuufu
bbu		Bakuli;Bakulu;Bakulung;Bambur;Kukulung;Kulu;Kulung (Nigeria);Kuluno;Wo;Wurkum
bbv		
bbw		Baba;Baba I;Bapa;Bapakum;Papia;Papiak;Papiakum;Supapyag;Supapyak’;Súpǎpyāˀ
bbx		Bobe;Bobea;Bota;Ewota;Wovea;Woweta;Wuvia
bby		Beba-Befang;Biba-Bifang;Bifang;Menchum
bbz		
bca		Baip‧ngvp‧zix;Baizu;Báiyǔ;Central Bai;Labbu;Minchia;Minjia;Minkia;Nama;Pai;Yunnan Bai
bca		Baip‧ngvp‧zix;Baizu;Báiyǔ;Central Bai;Labbu;Minchia;Minjia;Minkia;Nama;Pai;Yunnan Bai
bcb		
bcd		North Babar
bce		Bamenyam;Bamenyan;Mamenyan;Məŋgambo;Pamenyan
bcf		Bamu Kiwai;Bamu Owera;Kiwai
bcg	bgm	Baga;Baga Binari;Baga Mboteni;Baga Poukour;Baga de Binari;Baka;Barka;Binari;Binari-Kouffin;Bohere;Era;Kaloum;Kalum;Mborin;Mboténi;Poukour;Pukur
bch		
bci		Baoule;Baule;Baule-Ando;Bawolɛ;Bawule;Wawle
bcj		Baadi;Baardi;Badi;Bard
bck		Booneba;Bunaba;Bunapa;Kunamba;Punamba;Punapa;Punuba
bcm		Banoni;Tsunari
bcn		Abaali;Bali (Nigeria);Bibaali;Ekpali;Ibaali;Maya
bco		Bosavi
bcp		Baali;Bali (Democratic Republic of Congo);Dhibalí;Dibali;Kibaali;Kibala;Kibali;Libaali;Southeast Bwa
bcq		
bcq		
bcr		Babine Carrier;Lake Babine;Nadot’en;Nat’oot’en;Nedut’en;Northern Carrier
bcs		Bahumono;Bhahumono;Ediba;Ekumuru;Humono;Kohumono;Ohumono
bct		Mabendi;Mabeni
bcu		Awad Gey;Biliau;Bing;Samang;Sengam
bcv		Bakula
bcw		Baza;Ka-Bana;Koma;Mizeran;Parole des Bana;kwəma ka bana
bcy		Abacama;Bacama-Bwatiye;Bachama;Bashama;Bashamma;Besema;Bwaatye;Bwareba;Bwatiye;Gboare;Kwa Bware;Kwaa–Ɓwaare;Ɓwaaitye;Ɓwaare
bcz		Bagnoun;Bainuk;Banhum;Banyuk;Banyum;Banyun;Banyung;Elomay;Elunay;Guñuun Ñuñ
bda		Baiot;Baiote;Bayoot;Bayote;Bayotte;Jola Bayote;Jola-Bayoti;Kugere-Kuxinge
bdb		Basap Ahe;Bosap
bdc		Baudó;Catrú;Embena;Embera;Embera Bedea Baudó;Emberá-Baudó;Epena
bdd		Kelelegeia
bde		Badanci;Bedde;Bede;Gabaden;Gidgid
bdf		
bdg		Bangay;Uubm Bonggi
bdh		Baka (South Sudan);Tara Baaka;Tara Baká
bdi		Borun;Cai;Kurmuk;Lange;Northern Burun
bdj		Bai (South Sudan);Bari
bdk		Budug;Budugi;Buduk;Budux;Bukukhi
bdl		Badjaw;Badjo;Bajao;Bajau;Bajo;Bayo;Baʔong Sama;Gaj;Indonesian Bajau;Indonesian Bajaw;Orang Laut;Sama;Taurije’ne’
bdm		Boudouma;Yadena;Yedana;Yedima;Yedina;Yedǝnami;Yidana;Yidena
bdn		Baldamu;Baldare;Mbazla
bdo		Bernde;Tar Murba
bdp		Babende;Bhabhēnde;Kibende;Sibhēnde;Si’bende
bdq		Ba Na
bdr		Bajau;Bajau Sama;Land Bajaw;Sama;West Coast Bajao;West Coast Bajau;West Coast Bajaw
bds		Bulunge;Burunga Iso;Burungaisoo;Burungee;Burungi;Kiburunge;Mbulungi;Mbulungwe
bdt		Bhokoto;Bogodo;Bogoto;Bokodo;Bokoto;Bokpoto;Gbäyä-Bogoto;Gbāyā ɓòkòtò;Ɓòkòtò
bdu		Bakundu-Balue;Oroko-East;Oroko-West
bdv		Bodo Paraja;Harja;Jhaliya;Jharia;Jhodia Parja;Parajhi;Parja;Parjhi;Parji;Paroja;Poroja;Sodia Parja
bdw		Bahaam;Mbahaam maaq;Patimuni
bdx		Bubudong;Tangkou;To Budo-Budo;Tongkou
bdy		Bandjelang;Bogganger;Bundala;Bundjalung;Middle Clarence Bandjalang
bdz		Badakhshi
bel		Belarusan;Belorussian;Bielorussian;Byelorussian;White Russian;White Ruthenian
bel		Belarusan;Belorussian;Bielorussian;Byelorussian;White Russian;White Ruthenian
bel		Belarusan;Belorussian;Bielorussian;Byelorussian;White Russian;White Ruthenian
bel		Belarusan;Belorussian;Bielorussian;Byelorussian;White Russian;White Ruthenian
bea		Castor;Dane-zaa;Dane-zaa Záágé;Dane-Ẕaa;Danezaa;Dunne-za;Dunneza
bea		Castor;Dane-zaa;Dane-zaa Záágé;Dane-Ẕaa;Danezaa;Dunne-za;Dunneza
beb		Bamvele;Bembele
bec		Iceve;Icheve;Utse;Utser;Utseu
bed		
bee		Bhotia;Byangkho Lwo;Byangkhopa;Byanshi;Byansi;Byasi;Jaba;Rang;Rang Lo;Sauka;Saukas;Shauka;Shaukas
bef		Bena;Bena Bena;Holupaga;Holupaka
beg		Balait Jati;Lemeting;Metting;Tau’ kitah
beh		Berba;Bialaba;Bieri;Bjerb;Bjeri;Burba;byali
bei		Bakati Nyam;Bakati Riok;Bakatik Dayak;Bakatiq;Bekati;Bekati';Riuk Bakati’
bej		Bedawi;Bedawiye;Bedawye;Bedja;Bedwi;Bedya;Bedàwie;Beja;Beḍauye;Bidhaaweet;Bidhaawyeet;Biďaːwyéːt;Lobat;Tibďaːwyě;To Bedawiat;To Bedawie;Tu Bdhaawi;Tu-Bedawie;Tubdhaawi
bej		Bedawi;Bedawiye;Bedawye;Bedja;Bedwi;Bedya;Bedàwie;Beja;Beḍauye;Bidhaaweet;Bidhaawyeet;Biďaːwyéːt;Lobat;Tibďaːwyě;To Bedawiat;To Bedawie;Tu Bdhaawi;Tu-Bedawie;Tubdhaawi
bek		Banaule;Beli;Benaule;Kapore;Yangura
bem	bmy	Bemba (Zambia);Chibemba;Chiwemba;Cibemba;Ichibemba;IciBemba;Wemba
bem		Bemba (Zambia);Chibemba;Chiwemba;Cibemba;Ichibemba;IciBemba;Wemba
beo		Beami;Bedamini;Biami;Mougulu;Piame
bep		Ako;Besoa;básá Behóá
beq		Bembe;Kibeembe
bes		Beseme;Besemme;Bodor;Hounar;Huner;’Unar
bet		Bhete;Central Bété;Guiberoua Béte;Western Bété;ʼbhɛtegbooʼmë;ʼbhɛtɩgbʋ ʼmö;ʼbhɛtɩgbʋʋ ʼmö
beu		Belagar;Pi abaŋ hur;Tarang
bev		Bhete;Daloa Bété;Daloua Bété;Northern Bété;“Bhɛtɩ Gbʋ
bew		Anak Betawi;Batavi;Batavian;Batawi;Betawi Malay;Jakarta Malay;Melayu Betawi;Melayu Jakarte;Orang Betawi
bex		Jur;Jur Mödö;Mödö
bex		Jur;Jur Mödö;Mödö
bey		Akuwagel;Beli (Papua New Guinea);Makarim;Mukili
bez		Bena (Tanzania);EkiBene;Ekibena;Ikibena;Kibena;ekiBena
bfa		
bfa		
bfb		Barel Pauri;Bareli;Barewali;Barli;Pauri Bareli
bfc		Bijiang Bai;Lan-Bi Bai;Le-me;Leme;Lemei;Lemo;Lushui;Northern Bai;Pa-ni;Panyi;Panyi Bai
bfd		Befe;Bufe;Bɨfɨɨ̀;Fu;Fut
bfe		Tena;Ten’a
bff		Boffi;Ɓòfì
bfg		Busaang;Busang;Busang Kayan;Kajan;Kajang
bfh		Blafe Wonana;Indorodoro;Mblafe;Ránmo;Tonda
bfi		BSL
bfi		BSL
bfj		Bafangi;Bafanji;Bafanyi;Chuufi;Chuufiè;Fanji;Fie’;Nchufie
bfk		BKSL;Pasa Kidd
bfl		Banda of Ndélé;Nyele
bfm		Bafmen;Bafmeng;Bafoumeng;Bafumen;Ewâmnèə Mə̂yn;Mme
bfn		Buna;Bunake;Bunaq;Buna’;Gae’;Marae
bfo		Birafour;Birifo;Birifor;Bɩrfʋɔr;Malba;Malba Birifor;Malba-Birifor;Ngmalba;Nmalba;Northern Birifor
bfp		Babadji;Baba’zhi;Batadji;Bazhi;Bebadji;Beba’;Biba;Bombe;Bombe-Beba;Mubadji;Shishong
bfq		Badag;Badagu;Baduga;Badugu;Vadagu
bfq		Badag;Badagu;Baduga;Badugu;Vadagu
bfq		Badag;Badagu;Baduga;Badugu;Vadagu
bfq		Badag;Badagu;Baduga;Badugu;Vadagu
bfr		
bfs		Baip‧ngvp‧zix;Baizu;Southern Bai
bfs		Baip‧ngvp‧zix;Baizu;Southern Bai
bft		Baltistani;Bhoti of Baltistan;Bhotia of Baltistan;Byltae;Sbalt;Sbalti
bft		Baltistani;Bhoti of Baltistan;Bhotia of Baltistan;Byltae;Sbalt;Sbalti
bft		Baltistani;Bhoti of Baltistan;Bhotia of Baltistan;Byltae;Sbalt;Sbalti
bfu		Boonan;Bunan;Erankad;Ghara;Keylong Boli;Lahuli;Lahuli of Bunan;Poonan;Punan
bfu		Boonan;Bunan;Erankad;Ghara;Keylong Boli;Lahuli;Lahuli of Bunan;Poonan;Punan
bfw		Bhonda Bhasha;Bonda;Bondo-Poraja;Nanqa Poroja;Poraja Katha;Remo;Remosum
bfx		Binantayanon
bfy	ppa	Bagelkhandi;Bhugelkhud;Gangai;Godwani Kawathi;Kenat;Kevat Boli;Kevati;Kewani;Kewat;Kewati;Kewot;Kumhari;Mandal;Mannadi;Riwai
bfz		Mahasu Pahari;Mahasui;Mahasuvi
bul		Pomak
bul		Pomak
bul		Pomak
bul		Pomak
bga		Banganci;Bangawa;Lyase;Lyase-Ne
bgb		
bgc		Bangaru;Banger;Bangri;Bangru;Chamarwa;Desari;Hariani;Hariyani;Haryani;Jatu;Rangri
bgd		Barel;Barela;Paura;Pauri;Pawari;Pawri;Rathi;Rathia;Rathwi Bareli;Rathwi Pauri
bge		Babri;Badak;Baori;Basria;Bawari;Bawaria;Bhoria;Vaghri
bgf		Bagando;Bangando;Bangantu;Southern Bangantu
bgg		Kho;Khoa;Khowa
bgi		Bagobo;Bagobo-Guiangga;Clata;Diangan;Giangan;Guanga;Guiangan;Gulanga;Jangan;Klata
bgj		Bangolan;Mbang;Mədəŋkyɛ;Məndenkie;Məndəŋkyɛ;Songnungbangle;Soŋnə Mgbaŋle
bgk		Boxing;Buxin;Buxing;Buxing Khmu;Buxinhua;Kha Bet;Khabit;Khbit;Pasing;Phsin;Phsing;Pu Sing
bgl		Bo (Laos);Boe;Bor;Kha Bo;Tai Bo;Thay Bo
bgn		Baloci;Baluchi;Baluci;Western Balochi;Yarahmadza
bgn		Baloci;Baluchi;Baluci;Western Balochi;Yarahmadza
bgo		Baka;Koba;Koga
bgp		Balochi;Baloci;Baluchi;Baluci;Eastern Balochi;Eastern Hill Balochi
bgp		Balochi;Baloci;Baluchi;Baluci;Eastern Balochi;Eastern Hill Balochi
bgq		Bagari;Bagria;Bagris;Bahgri;Baorias;Bawri
bgr		Banjogi;Bawm;Bawm Chin;Bawm Zo;Bawm hawlh;Bawn;Bawng;Boam;Bom;Laisaw;Laizo;Langkay
bgs		Bagobo;Bagóbô;Tagabawa Bagobo;Tagabawa Manobo;Tagabawà;Tagabawà Bagóbô
bgt		Bugota;Bugoto;Bugotu;Mahaga;Mbughotu
bgu		Bungnu;Bungun;Bunu;Gbunhu;Kakaba;Kamkam
bgv		Bipim;Bipim As-So
bgw		Basturia;Bhatra;Bhattra;Bhattri;Bhottada;Bhottara;Deshia;aisi jaisi got
bgx		Balkan Turkic;Rumeli Türkçesi;Rumelian Turkish
bgx		Balkan Turkic;Rumeli Türkçesi;Rumelian Turkish
bgy		Bengoi;Isal;Kobi-Benggoi;Uhei Kachlakan;Uhei-Kaclakin;Uhei-Kahlakim
bgz		Aki;Banggaai;Banggaiy;Banggay;Banggaya
bha		Bhar;Bharat;Bharia;Bhumia;Bhumiya;Paliha
bhb		Bhagoria;Bhil;Bhilbari;Bhilboli;Bhilla;Bhilodi;Lengotia;Vil
bhb		Bhagoria;Bhil;Bhilbari;Bhilboli;Bhilla;Bhilodi;Lengotia;Vil
bhc		
bhd		Baderwali;Badrohi;Bahi;Bhadarwahi;Bhaderbhai Jamu;Bhaderwali Pahari;Bhadrava;Bhadri
bhd		Baderwali;Badrohi;Bahi;Bhadarwahi;Bhaderbhai Jamu;Bhaderwali Pahari;Bhadrava;Bhadri
bhd		Baderwali;Badrohi;Bahi;Bhadarwahi;Bhaderbhai Jamu;Bhaderwali Pahari;Bhadrava;Bhadri
bhe		
bhf		Busa;Busan;Uriai
bhg		Ioma Binandere
bhh		Bokharan;Bokharian;Bokharic;Bukharan;Bukharian;Bukharin;Judeo-Tajik
bhh		Bokharan;Bokharian;Bokharic;Bukharan;Bukharian;Bukharin;Judeo-Tajik
bhh		Bokharan;Bokharian;Bokharic;Bukharan;Bukharian;Bukharin;Judeo-Tajik
bhi		Bhilala;Bhili
bhj		Baying;Bayung;Ikke lo;Kiranti-Bayung;Pai lo;Radu lo;Rai
bhl		
bhm		Batahari;Bathara;Bautahari;Botahari
bhn		
bho	bih	Bajpuri;Bhojapuri;Bhozpuri;Khotla;Piscimas
bho	bih	Bajpuri;Bhojapuri;Bhozpuri;Khotla;Piscimas
bhp		Bimanese;Nggahi Mbojo
bhq		Buton;Tukang-Besi;Wakatobi
bhr		Bara Malagasy
bhs		Bual;Gadala;Ma Buwal
bht		Bhateali;Bhatiali Pahari;Bhatiyali;Pahari
bht		Bhateali;Bhatiali Pahari;Bhatiyali;Pahari
bhu		Bhumia;Bhumjiya;Bhunjiya;Bunjia
bhv		
bhw		Bahasa Biak;Biak-Numfor;Mafoor;Mafoorsch;Mefoor;Myfoorsch;Noefoor;Noefoorsch;Nufoor;Wós Kovedi;Wós Vyak
bhx		Balahi;Balai
bhy		Bili;Ebhele;Ipere;Kipere;Kipili;Kipiri;Pere;Peri;Pili;Piri;eBhele
bhz		Bada (Indonesia);Bádá’;Tobada’
bis		Bichelamar
bia		Parti-Maya;Widimaya
bib		Bissa;Bissa-Barka;Boussanse;Busansi;Bɩsa
bid		Bidio;Bidiya;Bidiyo-Waana;Bidyo;’Bidio;’Bidiyo
bie		
bif		Beafada;Bedfola;Biafar;Bidjola;Bidyola;Dfola;Fada
big		
bik	bcl;bhk	Bicol;Bicol-Naga;Bicolano;Bikol Naga;Bikol, Central;Bikolano;Bikolnon;Central Bicolano;Coastal Bikol;Coastal-Naga Bikol
bik	bcl	Bicol;Bicol-Naga;Bicolano;Bikol Naga;Bikol, Central;Bikolano;Bikolnon;Central Bicolano;Coastal Bikol;Coastal-Naga Bikol
bil		Bile;Bili;Billanchi;Kun-Ɓíilé;ɓa Ɓíilé
bim		Moar;Moor;Mɔɔr
bin		Addo;Benin;Bini;Oviedo;Ovioba;Ẹdo
bio		Biaka;Nai-Biaka
bip		Ebila;Forest Bira;KiBila;Kubila;Western Bila
biq		Sisi-Bipi
bir	bic	Iniai;Inyai-Gadio-Bisorio
bit		Berinmo;Bitara
biu		Baite;Bedesa;Beite;Bete;Beteh;Biete;Hadem
biv		Berfoɔr;Birfoɔr;Birifo;Birifor;Bɩ rfʊ ɔ r;Ghana Birifor;Lobi;Southern Birifor
biw		Bekol;Bikele;Bikele-Bikay;Bikele-Bikeng;Bokol;Bòkól;Kol (Cameroon)
bix		Binjhia;Birijia;Birjia;Brijia;Burja
biy		Bihor;Birhar;Birhore;Birhul;Mankidi;Mankidia;Mankiria
biz		Baato Baloi;Boloi;Loi;Rebu
bja		Budza;Buja;Ebuja;Embudja;Limbudza;Mbudja
bjb		Bahanga-La;Bangala;Banggala;Banggarla;Bungeha;Bungela;Kortabina;Pakarla;Pangkala;Pankalla;Parnkala;Parnkalla;Punkalla
bjc		Aga Bereho
bje		Ao Biao;Biao Chao;Biao-Jiao;Biaomin;Byau Min;Dongshan Biao Min
bjf		Barzani Jewish Neo-Aramaic;Central Jewish Neo-Aramaic;Lishan Didan;Lishan Dideni
bjg		Bidjago;Bidyago;Bidyogo;Bijogo;Bijougot;Bijuga;Budjago;Bugago;Kajoukou
bjh		Bahenemo;Gahom;Inaru;Wogu;Yigai
bji		
bji		
bjj		Bhakha;Braj;Braj Kanauji;Dehati;Hindi;Kannauji
bjk		Kanalu;Kanapit;Kolube;Komalu;Kulubi
bjl		Bulu (Papua New Guinea)
bjm		Bajalani;Bajoran;Bejwan;Chichamachu;Gurani;Macho
bjn		Bahasa Banjar;Bandjarese;Banjar Malay;Banjar Melau;Banjarese;Benjar;Jaku Banjar;Labuhan
bjn		Bahasa Banjar;Bandjarese;Banjar Malay;Banjar Melau;Banjarese;Benjar;Jaku Banjar;Labuhan
bjo		Banda Central Sud;Mid-Southern Banda
bjp		Maket;Tangga
bjr		Afaqinna ufa;Binamarir;Binumaria
bjs		Barbadian Creole English
bjt		Alante;Balanda;Balant;Balante;Ballante;Belante;Brassa;Bulanda;Fjaa;Fraase
bjt		Alante;Balanda;Balant;Balante;Ballante;Belante;Brassa;Bulanda;Fjaa;Fraase
bju		Awa;Furu
bjv		Bediondo;Bediondo Mbai;Bedjondo;Bédjonde;Mbay Bediondo;Mbay Bejondo;Nangnda
bjw		Bakʋɛwii
bjx		Banao;Banao Itneg;Banaw;Bhanaw Tinggian;Itneg;Tinggian;Tinguian;Vanaw;Vyanaw
bjy		Baiali;Bajali;Bieli;Biyali;Byellee;Ningebal;Orambul;Warabal
bjz		
bka		Bambuka;Nyakyak
bkc		Baka (Cameroon);Bayaka;Bebayaga;Bebayaka;Bibaya;Pygmees Baka;Pygmees de l’Est
bkd		Binokid;Binukid Manobo;Bukidnon;Talaandig;Talaandig-Binukid
bkf		Babeeke;Beke;Ibeeke
bkg		Bolaka;Boraka;Bouraka
bkh		Basoo;Koko
bki		Burumba;Paki
bkj		Ipande;Pande-Gongo
bkk		Brok-skad;Brokpa;Brokpa of Dah-Hanu;Dokskat;Kyango;Minaro
bkk		Brok-skad;Brokpa;Brokpa of Dah-Hanu;Dokskat;Kyango;Minaro
bkl		Berick;Berrik;Sewan Teteris;Upper Tor
bkm		Bamekon;Bikom;Itaŋikom;Kom (Cameroon);Kong;Nkom
bkn		Bakatan;Bakitan;Beketan;Mangkettan;Manketa;Pakatan
bko		Bakoa;Bakwa;Bamileke-Kwa;Kwa';Kwa’
bkp		Boko (Democratic Republic of Congo);Iboko
bkq		Bacairí;Kurâ;Kurâ-Bakairi
bkr		Bara-Jida
bks		Masbate Sorsogon;Northern Sorsoganon;Northern Sorsogon;Sorsogon Bicolano;Sursugúnun
bkt		Baloki;Boleki;Buluki;River Ruki
bku		Bangon;Batangan;Buhid-Mangyan;Bukil;Tag-ala
bku		Bangon;Batangan;Buhid-Mangyan;Bukil;Tag-ala
bku		Bangon;Batangan;Buhid-Mangyan;Bukil;Tag-ala
bkv		Bekwara;Bekworra;Ebekwara;Yakoro
bkw		Bakwele;Bakwil;Bekwie;Bekwil;Bɛkwyel;Okpele
bkx		Ambeno;Ambenu;Atoni;Baikenu;Biqueno;Laes Baikeno;Lais Meto;Molok Meto;Oe Cusi;Oecusse;Oecussi;Oekusi;Uab Atoni Pah Meto;Uab Metô;Uab Pah Meto;Vaikenu;Vaikino
bky		Boki;Byoki;Nfua;Nki;Okii;Osikom;Osukam;Uki;Vaaneroki
bkz		Ikinyikiusa;Tamboeko;Tambuku;Tobuco
bla		Blackfeet;Niitsipowahsin;Pied Noir;Siksika;Siksiká
bla		Blackfeet;Niitsipowahsin;Pied Noir;Siksika;Siksiká
blb		Mbilua;Vella Lavella
blc		ItNuxalkmc;Nuxalk
bld		Atinggola-Bolango;Bolaang Uki;Bolang-Banka;Bulanga;Bulanga-Uki
ble		Alante;Balanda;Balant;Balanta-Kentohe;Balante;Ballante;Belante;Brassa;Bulanda;Fraase;Frase
blf		Apadu Vuolo;Bual;Bwool;Bwo’ol;Dia
blh		Belle;Belleh;Kowaao;Kwaa
bli		Bokoki;Bulia;Lia-Ntomba;Lolia
blj		Bolongan
blk		Black Karen;Northern Taungthu;Pa Oh;Pa'O;Pa'o Karen;Pa-O;Pa-Oh;Pa-U;Pa’O;Pa’o Karen;Taungtu
bll		Tanêksąyaa ade
blm		Behli;Beili;Beli (South Sudan);Jur Beli;’Beli;’Bëlї
bln		Coastal-Virac Bikol;Southern Catanduanes Bikol;Southern Catanduanes Bikolano;Virac;Viracnon
blo		Akpe;Baseca;Basila;Bassila;Basèda;Giseda;Gisida;Gɩsɩda
blp		Blanga;Gema;Goi
blq		Baluan-Pam;Pam-Baluan
blr		Bulang;Bulang Yu;Hkawa;Kawa;Khon Doi;Kontoi;K’ala;K’wa;Plang;Pula;Pulang;Sen Chun;Wa
blr		Bulang;Bulang Yu;Hkawa;Kawa;Khon Doi;Kontoi;K’ala;K’wa;Pangpung Plang;Plang;Pula;Pulang;Sen Chun;Wa
blr		Bulang;Bulang Yu;Hkawa;Kawa;Khon Doi;Kontoi;K’ala;K’wa;Plang;Pula;Pulang;Sen Chun;Wa
blr		Bulang;Bulang Yu;Hkawa;Kawa;Khon Doi;Kontoi;K’ala;K’wa;Plang;Pula;Pulang;Sen Chun;Wa
bls		Balaesan;Balaisang;Pajo
blt		Black Tai;Hei Dai;Jinping Dai;Tai Do;Tai Noir;Tailam;Tailon;Thai Den;Thái Den;ꞌTáy;ꞌTáy Ðăm
blt		Black Tai;Hei Dai;Jinping Dai;Tai Do;Tai Noir;Tailam;Tailon;Thai Den;Thái Den;ꞌTáy;ꞌTáy Ðăm
blt		Black Tai;Hei Dai;Jinping Dai;Tai Do;Tai Noir;Tailam;Tailon;Thai Den;Thái Den;ꞌTáy;ꞌTáy Ðăm
blv		Bolo;Ipala;Kibala-Ngoya;Kimbundu de Kwanza Sul;Ngoya;Pala;Quibala
blw		Balangao Bontoc;Balangaw;Farangao;Farangaw;Finarangao;Finarangaw;Finerangaw;Iferangaw;iFarangao;iFarangaw
blx		Ayta;Ayta Mag-Indi;Indi;Indi Ayta;Mag-Indi Ayta;Mag-Indi Sambal
bly		Boulba;Bulba;Burusa;Nootre
blz		Balanta;Kosian;Wurung Balantak
bam		Bamako;Bamana;Bamanakan;Bambara
bam		Bamako;Bamana;Bamanakan;Bambara
bam		Bamako;Bamana;Bamanakan;Bambara
bam		Bamako;Bamana;Bamanakan;Bambara
bma		
bmb		Beembe;Ebeembe;Ebembe;Ibembe;Kibembe
bmc		Bam
bmd		Baga Mandori;Baga Mandouri;Baka;Barka;Madouri;Maduri;Mandari;Mandore;Mandori;Mandouri;Manduri
bme		Bamassa;Bomasa;Bomassa
bmf	krm	Bom;Bome;Bomo;Bum
bmg		Bamwe
bmh		Bemal
bmi		Baghirmi;Bagrimma;Baguirme;Baguirmi;Barma;Lis;Lisi;Mbarma;Tar Bagrimma;Tar Barma;Ɓarma
bmj		Bot;Bote-Majhi;Pakhe-Bote;Pani-Bote
bmk		Boanai;Boanaki;Boianaki;Boinaki;Galavi
bml		Bombongo
bmm		Antavaratra;Betsimisaraka;Northern Betsimisaraka Malagasy
bmn		Bina (Papua New Guinea)
bmo		Bambalang;Bambolang;Chirambo;Cirambo;Mbaw-Yakum;Mbawyakum;Mboyakum;Tshirambo
bmp		Bulgebi
bmq		Bo;Bobo;Bobo Oule;Bobo Wule;Boomu;Boore;Boré;Mu Bomu;Mu Boomu;Western Bobo Oule;Western Bobo Wule;Western Bwamu;Western Red
bmr		Bora-Muinane;Féenemɨna’a;Féénemɨnaa;Muename;Muinana;Muinani
bms		Bilma Kanuri;Bla Bla;Kanouri;Kanoury
bmt		Biao Mien;Biao-Mian;Biaoman;Byaumon;Changping;Min Yao;Sida Min Yao
bmu		Bulum;Burum;Burum-Mindik;Mindik;Somba Siawari;Yaknge
bmv		Bom;Bûmì
bmw		Bomali;Boumoali;Bumali;Lino;Sangasanga;Sanghasangha
bmx		
bmz		
ben		Bangala;Bangali;Bangla;Bangla-Bhasa
ben		Bangala;Bangali;Bangla;Bangla-Bhasa
ben		Bangala;Bangla;Bangla-Bhasa
ben		Bangala;Bangali;Bangla;Bangla-Bhasa
ben		Bangala;Bangali;Bangla;Bangla-Bhasa
bna		
bnb		Baukan;Baukan Murut;Bookan
bnc	bkb;lbk	Bontoc;Bontoc Igorot;Bontok, Central;Central Bontoc;Kali
bnd		Banda (Indonesia)
bne		Bintaoena;Bintawoena;Bitaoena
bnf		Bonfia
bng		Boumba;Ndowe
bni		Bobangi;Bubangi;Bungi;Lobobangi
bnj		Barangan;Batangan;Binatangan;Eastern Tawbuid;Fanawbuid;Silangan bahagi Tawbuid;Suri;Tabuid;Taubuid;Tiron
bnk		Bonkovia-Yevali
bnl		Af-Boon
bnm		Bapoko;Bapuu;Batanga;Naka;Puku
bnn		Bubukun;Bunan;Bunti;Bunum;Vonun;Vunum;Vunun;Vunung
bno		Asi;Asiq;Binisaya;Bisaya
bnp		Bakovi;Bola-Bakovi;Talasea;Valupai
bnq		Banti’
bnr		Ati;Butmas-Tur;Farafi
bns		Bondili;Bundelkhandi
bnu		Bentong-Dentong;Dentong
bnv		Boneraf;Bonerif;Edwas
bnw		Bises;Yambiyambi;Yembiyembi
bnx		Bangobango;Kibangobango;Kibangubangu
bny		Bintulu
bnz		Bezen
bod		Bhotia;Bod;Bod Skad;Central Tibetan;Lhasa Tibetan;Literary Tibetan;Phoke;Pohbetian;Poke;Skad;Tebilian;Tibate;Tibetan;Wei;Weizang;Zang;Zang Wen
bod		Bhotia;Bod;Bod Skad;Central Tibetan;Lhasa Tibetan;Literary Tibetan;Phoke;Pohbetian;Poke;Skad;Tebilian;Tibate;Tibetan;Wei;Weizang;Zang;Zang Wen
bod		Bhotia;Lhasa Tibetan;Literary Tibetan;Phoke;Tibetan;Wei;Weizang;Zang
bod		Bhotia;Bod;Bod Skad;Central Tibetan;Lhasa Tibetan;Literary Tibetan;Phoke;Pohbetian;Poke;Skad;Tebilian;Tibate;Tibetan;Wei;Weizang;Zang;Zang Wen
bod		Bhotia;Lhasa Tibetan;Literary Tibetan;Phoke;Tibetan;Wei;Weizang;Zang
bod		Bhotia;Bod;Bod Skad;Central Tibetan;Lhasa Tibetan;Literary Tibetan;Phoke;Pohbetian;Poke;Skad;Tebilian;Tibate;Tibetan;Wei;Weizang;Zang;Zang Wen
bod		Bhotia;Bod;Bod Skad;Central Tibetan;Lhasa Tibetan;Literary Tibetan;Phoke;Pohbetian;Poke;Skad;Tebilian;Tibate;Tibetan;Wei;Weizang;Zang;Zang Wen
boa		Booraa;Bora-Miranya;Boro;Meamuyna;Miamunaa;Miamuna’a;Miranas;Miranha;Miranya;Miraña;Mirañã;Miriña;Mirãnha;Mirãnia;Mïamuna
bob		Af Aweera;Aweera;Bon;Ogoda;Wata-Bala
boe		Mundabli-Mufu
bof		Bo;Boka;Boon;Boron
bog		Bamako Sign Language;LSM;LaSiMa;Langue des signes bambara;Langue des signes malienne
boh		Boma Kasai;Buma;Kiboma
boi		
boj		Bogadjim;Bogajim;Bogati;Bom;Lalok
bok		Impfondo;Mbonzo
bol		Am Pìkkà;Ampika;Anika;Bolanchi;Bolanci;Bolawa;Bolewa
bom		Afango;Akuut;Baho;Berum;Birom;Cèn Bèrom;Gbang;Kibbo;Kibbun;Kibo;Kibyen;Lêm Berom;Sine
bon		Oriomo;Pine
boo		Boso;Bozo;Tiema Ciewe;Tiemacewe;Tiemacèwè Bozo;Tièma Cièwè;Tièma Cèwè;Tièmacèwè;Tié;Tiɛma Cɛwɛ
bop		
boq		Bogaia;Pogaya
bor		Boe;Boe Wadáru;Eastern Bororo
bot		Dor;Ndüü Böngö
bou		Bonde;Boondei;Kibondei
bov		Bawuli;Boviri;Bowili;Bowiri;Bowuri;Luwuli;Tuwili
bow		Bothar
box		Bobo;Bomo;Bouamou;Bwaba;Bwamu;Eastern Bobo Oule;Eastern Bobo Wule;Red Bobo
boy		Bodo (Central African Republic)
boz		Boso;Bozo-Tigemaxoo;Tie;Tiemaxo;Tieyaxo;Tigemaxo;Tigemaxoo;Tiguémakho;Tiéyakho;Tiéyaxo Bozo;Tyeyaxo;Tégué
boz		Boso;Bozo-Tigemaxoo;Tie;Tiemaxo;Tieyaxo;Tigemaxo;Tigemaxoo;Tiguémakho;Tiéyakho;Tiéyaxo Bozo;Tyeyaxo;Tégué
bpa		Baiap;Dakaka;South Ambrym
bpb		
bpc		Bembogho;Chungmboko;Mbogho;Mbyuk
bpd		
bpe	wra	Barapu;Barupu;Warapu
bpg		Armopa;Bgu;Bogu;Bongo
bph		Botlix;Buykhadi
bpi		
bpj		Babindji;Bambagani;Bambahani;BambaƔani;Binji;Bubindji;Kibindji;Kimbahani;Mbagani
bpk		'Ôrôê;Abwebwe;Boewe;Boewi;’Ôrôê
bpl		Broom Creole;Japanese Pidgin English;Koepang Talk;Malay Talk
bpm		Sasime
bpn		Ba Pai Yao;Yao Min;Yau Min;Zaomin;dzau min
bpo		Bapu
bpp	nxu	Kaure Ki;Kaure-Narau;Kaureh;Kaureki;Kaurne
bpq		Banda Malay
bpr		Baraan;Bilanes;Biraan;Blaan;Koronadal Bilaan;Koronadal Blaan;Koronadal B’laan;Tagalagad
bps		Balud;Bilaan;Blaan;Sarangani Bilaan;Sarangani Blaan;Tumanao
bpt		
bpu		
bpv		Bian;Bian Marind;Boven-Mbian;Malind Deg;Northwest Marind
bpw		Bo (Papua New Guinea);Po;Sorimi
bpx		Bareli;Pali;Palodi;Palya Bareli
bpy		Bishnupria;Bishnupria Manipuri;Bishnupriya;Bishnupriya Manipuri;Bisna Puriya
bpz		Belubaa;Bilbaa;Eastern Rote;Rote;Rote Timur;Roti;Rotinese
bqa		Bassa;Bassen;Chombulon;Chounbouloun;Cobecha;Gbassin;Tchombolo;Tchumbulu;Tshummbuli
bqb		Suaseso
bqc		Boko (Benin);Bokonya;Boo;Bòó;Bo’o
bqd		
bqf		Baga
bqf		Baga
bqg		Bago;Bagó;Koussountou;Kusuńtú
bqh		Bai Ma;Pe;To Pu
bqi		Bakhtiari;Lori;Lori-Bakhtiāri;Lori-ye Khaveri;Luri
bqj		Banjaal;Banjal;Eegima;Eegimaa;Endungo;Gubanjalay;Gújjolaay Eegimaa;Jóola Banjal
bqk		Banda of Mbrès;Banda-Mbre
bql		Bilakura
bqm		Bamboko;Bambuku;Bomboko;Bumboko;Mboko;Womboko;Wumbuko
bqn		BGSL;Balgarski žestomimičen ezik;BŽE
bqo		
bqp		Bariba;Bisayã;Boussa;Busa;Busa-Bisã;Busano;Bussanchi;Bussawa
bqq		Aliki;Ati;Biri
bqr		Berusuh;Bulusu
bqs		Bosman;Bosngun
bqt		Achab a Maŋkɔ̧;Bamenkombit;Bamenkoumbit;Bamoukoumbit;Bamukumbit;Bamunkum;Bamunkumbit;Mangkong;Maŋkɔ̧.
bqu		Buguru;Guru;Kinsong;Kogoro;Koguru
bqv		Agere;Begbere-Ejar;Koro Agwe;Koro Makama
bqw		Buru (Nigeria)
bqx		Abaangi;Baabga;Baganci;Bangawa;Bangi;Cibaangi;Vu-Baangi
bqy		Bengkala Sign Language;Benkala Sign Language
bqz		Central Mbo;Ehob Mkaa;Mkaaʾ
bre		Brezhoneg
bre		Brezhoneg
bra		Bijbhasha;Braj;Braj Bhakha;Bri;Brij Bhasha;Briju;Bruj;Daihaati Zabaan;Dehaati Zabaan
brb		Braou;Brau;Brou;Lave;Laveh;Love;Prao;Preon;Proav;Proon;Proue;Prov;Rawae;Rawe
brb		Braou;Brau;Brou;Lave;Laveh;Love;Prao;Preon;Proav;Proon;Proue;Prov;Rawae;Rawe
brb		Braou;Brau;Brou;Lave;Laveh;Love;Prao;Preon;Proav;Proon;Proue;Prov;Rawae;Rawe
brc		Berbice Creole Dutch
brd		Balkura;Baraamu;Baramo;Baramu;Brahmu
brf		Bera;Kibira;Plains Bira;Sese;Sumbura;WaBira
brg		Chiquimiti;Maure
brh		Barahui;Birahui;Biravi;Brahudi;Brahuidi;Brahuigi;Brahuiki;Kur Galli;Kurd Gali
brh		Birahui;Brahuidi;Brahuigi;Kur Galli
bri		Bakpwe;Bakueri;Bakwedi;Bakwele;Bakweri;Bakwiri;Bekwiri;Kpe;Kwedi;Kweli;Kwili;Kwiri;Mokpe;Mòkpè;Vakpe va Lelu;Vakpe va Mbenge;Wojuwa
brj		Bieri;Vovo;Wowo
brk		Birgid;Birguid;Birkit;Birqed;Kajjara;Murgi
brl		Sotho
brm		Abarambo;Amiangba;Amiangbwa;Balambu;Barambo;Duga
brn		Boruka;Borunca;Bronca;Brunca;Brunka;Burunca
bro		Brokskad;Jokay
bro		Brokskad;Jokay
brp		Baropasi;Siromi
brq		Bnyoqko;Iski;Mbñioŋko
brr		Mbirao
brs		Ende
brt		Asha;Njwande;Yukutare
bru		Baru;Brou;Bru;Bru Tri;Bru Van Kieu;Brôu;Brũ;B’ru;Eastern Bru;Quang Tri Bru;Van Kieu
bru		Baru;Brou;Bru;Bru Tri;Bru Van Kieu;Brôu;Brũ;B’ru;Eastern Bru;Quang Tri Bru;Van Kieu
bru		Baru;Brou;Bru;Bru Tri;Bru Van Kieu;Brôu;Brũ;B’ru;Eastern Bru;Quang Tri Bru;Van Kieu
brv		Baru;Bru;Bruu;B’ru;Western Bru
brv		Baru;Bru;Bru Dong Luang;Bruu;B’ru
brv		Baru;Bru;Bru Khong Chiem;Bruu;B’ru
brv		Baru;Bru;Bru Sakon Nakhorn;Bruu;B’ru
brw		
brw		
brx		Bara;Bodi;Bodo;Bodo (India);Boroni;Kachari;Mache;Mech;Meche;Mechi;Meci
brx		Bara;Bodi;Bodo;Bodo (India);Boroni;Kachari;Mache;Mech;Meche;Mechi;Meci
brx		Bara;Bodi;Bodo;Bodo (India);Boroni;Kachari;Mache;Mech;Meche;Mechi;Meci
bry		
brz		Bel;Bilibil
bos		Serbo-Croatian
bos		Serbo-Croatian
bos		Serbo-Croatian
bos		Serbo-Croatian
bsa		Avinomen;Foja;Foya
bsb		Basaya;Bekiau;Besaya;Bisaia;Bisaya;Bisaya Bukit;Bisayah;Brunei Bisaya;Dusun;Jilama Bawang;Jilama Sungai;Lorang Bukit;Southern Bisaya;Tutong;Visayak
bsc		Ayan;Basari;Bassari;Bassari-Tanda;Biyan;Oneyan;Onian;Onëyan;Tenda Basari;Wo
bse		Babessi;Chɔʼ Wuɔshikə;Pesii;Sii;Vesi
bsf		Bauci;Baushi;Kushi
bsg		Bashaka
bsh		Bashgali;Kata viri;Kati;Kativiri;Katı;Kâtʹa-vari;Nuristani;Shekhaniwar
bsi		Asobse;Basosi;Basossi;Ngen;Nsose;Nswase;Nswose;Sosi;Swose
bsj		Bangjinge;Bangunje;Bangunji
bsk		Biltum;Brooshaaski;Brushaski;Burucaki;Burucaski;Burushaki;Burushashki;Burushaski Hunza;Burushki;Mishāski;Miśa:ski
bsk		Biltum;Brooshaaski;Brushaski;Burucaki;Burucaski;Burushaki;Burushashki;Burushaski Hunza;Burushki;Mishāski;Miśa:ski
bsl		Basa;Basa Kuta;Basa-Kaduna;Bassa-Kaduna;Bassa-Kuta;Gwadara Basa
bsm		
bsn		Banera yae;Barasano;Barasano del Sur;Jãnerã-Eduria Oca
bso		Bousso;Busso;Dam de Bousso
bsp		Baka;Rio Pongo Baga;Sitemuú;Stem Baga;Tchitem
bsq		Ɓǎsɔ́ɔ̀
bsq		Ɓǎsɔ́ɔ̀
bsr		
bss		Akose;Akosi;Akɔɔse;Akɔ́ɔ̄sē;Bafaramani;Bakosi;Bakossi;Bekoose;Koose;Kosi;Kosse;Kossi;Manenguba;Ngoe;Nkoosi;Nkosi
bst		
bst		
bsu		Bahoe-soeaai;Bahonsoewaai
bsv		Baga;Baga Kakissa;Baka;Barka;Sobane;Sobané;Temne
bsv		Baga;Baga Kakissa;Baka;Barka;Sobane;Sobané;Temne
bsw		
bsw		
bsx		Bashar;Basharawa;Bashiri;Yankam
bsy		Basaya;Besaya;Bisaia;Bisayah;Jilama Bawang;Jilama Sungai;Sabah Bisaya
bta		Batta;Bete;Birsa;Bwaara;Bwaatye;Bwatiye;Demsa Bata;Dii;Dunu;Eastern Bwatiye;Gboati;Gbwata;Gbwate;Gwate;Magbwati;Magbwatiye;Magbwatá
btb		
btc		Bati (Cameroon);Bati Ba Ngong;Bati de Brousse
btd		Pakpak Dairi
btd		Pakpak Dairi
bte		
btf		Bergit;Berguid;Birgid
btg		Bhete;Bhete Gbo;Bhete of Gagnoa;Eastern Bété;Gagnoa Bété;Gagnoua-Bété;Shyen
bth		Biatah;Biatah Bidayuh;Bideyu;Bikuab;Kuap;Landu;Lundu;Menyu dayak;Pueh;Quop;Sentah;Siburan
bti		
btj		Bacan;Bacanese Malay;Batjan
btm		Batta;Mandailing Batak
btn		Aradigi;Datagnon;Lactan;Latagnun;Latan
bto		Bicol-Rinconada;Bikol-Rinconada;Iriga Bicolano;Rinconada;Rinconada Bicolano;Rinconada Bikol;Riŋkonāda
btp		Nada
btq		Bateg;Bateq;Batok;Kleb;Nong;Tomo
btr		
bts		Sahap Simalungun;Simelungan;Timur
bts		Sahap Simalungun;Simelungan;Timur
btt		Bette-Bendi;Dama
btu		
btv		Batera Kohistani;Baterawal;Baterawal Kohistani;Bateri Kohistani;Bhaṭʹe-sa zʹib
btv		Batera Kohistani;Baterawal;Baterawal Kohistani;Bateri Kohistani;Bhaṭʹe-sa zʹib
btw		Binutwanon
btx		Karo Batak;cakap Karo;kalak Karo
btx		Karo Batak;cakap Karo;kalak Karo
bty		Ahtiago;Atiahu;Bobat;Hatumeten;Ntau;Werinama
btz		Alas-Kluet Batak
bua	bxr	Buriat, Russia;Buriat-Mongolian;Buryat;Northern Mongolian
bub		Boa;Boua;Bwa;’Ba
buc		Antalaotra;Kibosy Kiantalaotsy-Majunga;Kibuki;Kibushi;Sakalava;Shibushi
bud		Baasaar sooŋyi;Basar;Basare;Basari;Bassar;Bassari;Ncam;Ncam sooŋyi;Ncham;Tobote
bud		Baasaar sooŋyi;Basar;Basare;Basari;Bassar;Bassari;Ncam;Ncam sooŋyi;Ncham;Tobote
bue		Beothukan
buf		Bakuba;Bamongo;Bukuba;Bushona;Bushong;Bushonga;Bushongo;Busoong;Ganga;Kuba;Mbale;Mongo;Shongo
bug		Basa Ugi;Boegineesche;Boeginezen;Bugi;Buginese;De’;Rappang Buginese;To Ugi
bug		Basa Ugi;Boegineesche;Boeginezen;Bugi;Buginese;De’;Rappang Buginese;To Ugi
buh		Pu No;Punu;Younuo;Younuo Bunu;Yuno;Yunuo
bui		Bokiba;Bongiri;Bonguili;Bungili;Bungiri
buj		Koromba
buk		Bukaua;Bukawa;Bukawac;Kawa;Kawac;Yom Gawac
bum		Boulou;Bulu (Cameroon)
bun		Amampa;Mampa;Mampwa;Shiba;Southern Bullom
buo		Buin;Kugara;Puuiŋ;Telei
bup		Bosoa
buq		Barem;Bububun;Bunabun;Bunubun
bus		Bariba;Busa-Bokobaru;Bussanchi;Bussawa;Zogben;Zogbeya;Zogbme;Zugweya
but		
buu		Bodo;Ebudu;Kibudu;Ɨbʉdhʉ
buu		Bodo;Budu - Bafwa;Ebudu;Kibudu;Ɨbʉdhʉ
buu		Bodo;Budu - Ineta;Ebudu;Kibudu;Ɨbʉdhʉ
buu		Bodo;Budu - Koya;Ebudu;Kibudu;Ɨbʉdhʉ
buv		
buw		Bhubhi;Eviia;Gevove;Ghevove;Ibhubhi;Ibubi;Pove;Vove
bux		Bogghom;Boghorom;Bohom;Bokiyim;Borrom;Burma;Burom;Burrum;Burum;Burumawa
buy		Bolom;Bulem;Bullin;Bullun;Mandenyi;Mandingi;Mani;Mmani;Northern Bullom
buz		
bva		Barayin;Baraïn
bvb		Adeeyah;Adija;Bobe;Boobe;Boombe;Bubi;Böbë;Ediya;Fernandian
bvc		Mbaelelea
bvd		Baegu;Mbaenggu
bve		Berau;Berau Malay;Merau Malay
bvf		Bwara;Damraw
bvg		Bongken;Bonkeng-Pendia;Bonkeng-Penja;Bonkenge
bvh		Bubure
bvi		Belanda;Belanda Viri;Biri;Bviri;Gamba;Gumba;Mbegumba;Mvegumba;Viri;Vï̃rï
bvj		Baan-Ogoi;Goi;Ogoi
bvk		
bvl		
bvm		Bamunka;Bamunkun;Mbika;Mekoh;Muka;Munka;Ndop-Bamunka;Niemeng;Ŋgieməkɔʼkə
bvn		
bvo		Bolgo nii;Bólɡònî
bvp		Manzhang Dai
bvq		Biri;Bviri;Viri
bvr		Anbarra;Barera;Bawera;Burada;Bureda;Burera;Gidjingaliya Gujingalia;Gu-jingarliya;Gujalabiya;Gun-Guragone;Jikai;Tchikai
bvt		Bati (Indonesia);Gah
bvu		Bukat;Bukit;Bukit Malay;Meratus
bvv		Abane;Avani;Ayane;Banibo;Baniva Yavitero
bvw		Boka
bvx		Babole;Southern Bomitaba
bvy		Leyte;Utudnon
bvz		Baudi;Baudji;Baudzi;Bauri
bwa		
bwb		Namosi-Naitaasiri-Seerua
bwc		
bwd		Bwaidoga;Bwainiu
bwe		Baghi;Bghai;Bghai Karen;Blimaw;Bwe;Bwe Karen;Dareh;Manaw
bwe		Baghi;Bghai;Bghai Karen;Blimaw;Bwe;Bwe Karen;Dareh;Manaw
bwf		Bosalewa;Bosilewa;Lagota;Mwani’u
bwg		Balke;ChiBarwe;Chirue;Cibalke;Rue
bwh		Biyam;Furu
bwi		Baniba;Banibo;Baniua do Içana;Baniva;Baniwa do Içana;Dakenei;Issana;Kohoroxitari;Maniba;Wakuenai;Walimanai
bwj		Buamu Laa;Buamu Laa Laa;Buamu-laa;Bwamu Laa;Kàdenbà;Làa làa Bũamu;Láá Láá Bwamu;Yere
bwk		Bawaki
bwl		Buela;Doko;Lingi
bwm		Munduguma;Mundugumor;Mundukumo
bwn		Hm Nai;Ngnai;Punu;Wunai;Wunai Bunu
bwo		Borna (Ethiopia);Boro (Ethiopia)
bwo		Borna (Ethiopia);Boro (Ethiopia)
bwp		Dumut;Kambon;Mandobbo;Nub
bwq		Black Bobo;Bobo;Bobo Fi;Bobo Fing;Boboda;Southern Bobo Madaré
bwr		Babir;Babur;Barburr;Bourrah;Bura;Burra;Huve;Huviya;Kwojeffa;Mya Bura;Pabir
bws		Boba
bwt		Ngoe
bwu		Builsa;Buli (Ghana);Bulisa;Bulsa;Guresha;Kanjaga
bww		Boa;Boua;Bua;Kibua;Kibwa;Libenge;Libua;Libwali;Ɓoa;ɓʉwa
bwx		Bu-Nao Bunu;Bunao;Bunu;Po-Nau;Pu Nu;Punu
bwy		Bwamu Twĩ;Coo;Cwi;Cwi Bwamu;Twi
bwz		Ibwisi;Mbwisi
bxa		Bwauro;Tairaha
bxb		De Bor;Di Bor
bxc		Balengue;Molendji
bxd		Bela;Bola;Bula;Pala;Pola;Polo
bxe		
bxf		Bilur;Birar
bxg		Ngala
bxh		Bohutu;Buhulu;Buhutu alinadi;Siasiada;Yaleba
bxi		Biladaba;Pirladapa
bxj		Baijungu;Baiong;Baiung;Bajungu;Biong;Giong;Mulgarnoo;Pajungu;Payungu
bxl		Blé;Dyala;Dyalanu;Jalkuna
bxm		Buriat-Mongolian;Burraad;Buryat;Mongolia Buriat;Mongolian Buriat;Northern Mongolian
bxm		Buriat-Mongolian;Burraad;Buryat;Mongolia Buriat;Mongolian Buriat;Northern Mongolian
bxm		Buriat-Mongolian;Burraad;Buryat;Mongolia Buriat;Mongolian Buriat;Northern Mongolian
bxn		Boordoona;Budina;Budoona;Buduna;Pinneegooroo;Poodena;Poordoona;Purduma;Purduna
bxo		
bxp		Bobilis;Gbigbil
bxq		Beelawa;Bele;Bellawa;Àbéélé;Àɓéelé;Ɓeele
bxs		
bxu		Bargu Buriat;Ba’erhu-Buliyate;Buriat-Mongolian;Buryat;China Buriat;Northeastern Mongolian;Northern Mongolian
bxu		Bargu Buriat;Ba’erhu-Buliyate;Buriat-Mongolian;Buryat;China Buriat;Northeastern Mongolian;Northern Mongolian
bxu		Bargu Buriat;Ba’erhu-Buliyate;Buriat-Mongolian;Buryat;China Buriat;Northeastern Mongolian;Northern Mongolian
bxv		Babalia;Bubalia
bxw		Banka;Bankagoma;Bankagoroma;Bankaje;Samogho
bxz		Binahari-Neme
bya		Babuyan;Palawan Batak;Tinitianes
byb		Furu
byc		
byd		Balantian;Balantiang;Benyadu';Njadu;Nyadu
bye		Bouye
byf		
byg		Baigo;Bego;Beigo;Beko;Beygo;Béogé
byh		Bujal;Bujhel;Bujheli;Bujhyal;Pukhgyal Ngur;Western Chepang
byi		Bujwe;Buyi;Kibuyu
byj		Abin;Bin;Bina (Nigeria);Binawa;Bogana;Ibin;Tibin
byk		Gang Bau;Kang Bau;Kang Beu;Kang Pau;Kangpau
byl		Benanu;Bese;Kofoyap
bym		Bidyara;Bithara;Bitjara
byn		Balen;Belen;Beleni;Bilayn;Bilein;Bilene;Bileno;Bilin;Blin;Bogo;Bogos;North Agaw
byn		Balen;Belen;Beleni;Bilayn;Bilein;Bilene;Bileno;Bilin;Blin;Bogo;Bogos;North Agaw
byo		Bio;Biyue;Piyo
byp		
byq		Basai;Basay-Trobiawan;Kawanuwan;Ketangalan;Sprache von Formosa
byr		Barua;Baruya;Yɨꞌmayagaala
bys		Buurak;Shongom;nyuwa Ɓuurak;nyuwǎ Ɓúúrák;Ɓuurak
byt		
byv		Bagangte;Bamileke-Medumba;Bangangte;Mejimba
byw		Athpagari;Athpahariya;Athpare;Athpariya;Belhare
byx		Baining;Kakat;Makakat;Maqaqet
byz		Banar;Banara;Banaro
bza		Bande;Bandí;Gbande;Gbandi;Gbunde
bzb		Andio’o;Imbao’o;Masama
bzc		Antatsimo;Betsimisaraka;Southern Betsimisaraka Malagasy
bzd		Talamanca
bze		Boso;Bozo-Jenaama;Bozo-djenama;Corogaama;Corogama;Djenaama;Jenaama;Jenaama Bozo;Jenama;Jɛnaama;Nononke;Sarkanci;Sarkawa;Sorko;Sorogaama;Sorogama;Sorogoye
bze		Boso;Bozo-Jenaama;Bozo-djenama;Corogaama;Corogama;Djenaama;Jenaama;Jenaama Bozo;Jenama;Jɛnaama;Nononke;Sarkanci;Sarkawa;Sorko;Sorogaama;Sorogama;Sorogoye
bzf		Boiken;Nucum;Yangoru;Yengoru
bzg		Babusa;Favorlang;Favorlang-Babuza;Favorlangsch;Jaborlang;Poavosa;Sprache von Formosa
bzh		Buang;Mapos Buang;Veriinġ;Veriinġ Ayej
bzi		Lawa;Lua;Mbisu;Mibisu
bzj		Belize Kriol English;Bileez Kriol;Kriol;Miskito Coast English Creole;Western Caribbean Creole
bzk		Creole;Mískito Coast English Creole;Nicaragua Creole English
bzl		Boan-diks;Boano (Sulawesi);Bolano
bzm		
bzn		Boano;Boano (Maluku);Buano
bzo		Budzaba;Buzaba
bzp		Arandai;Barau;Kalitami;Wariagar
bzq		Buli (Indonesia)
bzr		Juipera;Widi;Wierdi;Wirdi;Wiri;Wiriwiri;Wirri;Yuwibara
bzs		LIBRAS;LSB;Libras;Língua Brasileira de Sinais;Língua de Sinais Brasileira;Língua de Sinais dos Centros Urbanos Brasileiros;SPSL;São Paulo Sign Language
bzt		
bzu		Boromeso;Borumesso;Burumeso;Manau;Monao;Monau;Taurap
bzv		Bebe;Yi Be Wu
bzw		Abacha;Abatsa;Basa (Nigeria);Basa-Benue;Bassa;Rubasa;Rubassa
bzx		Boso;Hain;Hainyaxo Bozo;Hanyaxo;Kelenga;Kelengaxo;Kélenga;Kélinga;Kéllingua;Kɛlɛngaxo Bozo;Kɛlɛŋahoo;Kɛlɛŋakan;Xaaɲaxoo;Xan;Xanyaxo;Xanyaxoo
bzy		Abanliku;Obanliku
bzz		Avand;Avande;Balegete;Belegete;Evand;Ovand;Ovande;Ovando
cat		Algherese Catalan;Catalan-Valencian-Balear;Catalonian;Català;Patuet;Valencian;català;catalán;pataouète
cat		Algherese Catalan;Catalan-Valencian-Balear;Catalonian;Català;Patuet;Valencian;català;catalán;pataouète
cat		Algherese Catalan;Catalan-Valencian-Balear;Catalonian;Català;Patuet;Valencian;català;catalán;pataouète
caa		Chortiꞌ;Chortí
cab		Black Carib;Caribe;Central American Carib;Garífuna;Garínagu;Karif
cac		Chapai;Chuh;Chuhe;Chuje;Koti’
cad		Caddoe;Hasí:nay;Hatsinai;Kado;Kadohadacho
cae		Kelaalaa;Lala;Lehar;Serer
caf		Dakelh;Southern Carrier
caf		Dakelh;Southern Carrier
cag		Ashlushlay;Axluslay;Axluxlay;Guisnai;Nivaklé
cah		
caj		
cak		Cakchiquel;Kakchikel;Kaqchikel chʼabʼäl;Kaqchiquel;Maya
cak		Cakchiquel;Kaqchikel chʼabʼäl;Kaqchiquel;Maya
cak		Cakchiquel;Kaqchikel chʼabʼäl;Kaqchiquel;Maya
cak		Cakchiquel;Kaqchikel chʼabʼäl;Kaqchiquel;Maya
cak		Cakchiquel;Kaqchikel chʼabʼäl;Kaqchiquel;Maya
cak		Cakchiquel;Kaqchikel chʼabʼäl;Kaqchiquel;Maya
cak		Cakchiquel;Kaqchikel chʼabʼäl;Kaqchiquel;Maya
cak		Cakchiquel;Kaqchikel chʼabʼäl;Kaqchiquel;Maya
cak		Cakchiquel;Kaqchikel chʼabʼäl;Kaqchiquel;Maya
cak		Cakchiquel;Kaqchikel chʼabʼäl;Kaqchiquel;Maya
cal		Refalúwasch;Saipan Carolinian;Southern Carolinian
cam		Camuhi;Camuki;Cemuhi;Cèmuhî;Tie;Touho;Tyamuhi;Wagap
can		Tchambuli;Tshamberi
cao		Chákobo
cap		Puquina;uru-chipaya
caq		Car;Car Nicobarese;Nicobar;Nicobara;Pû
car		Caribe;Cariña;Galibi;Galibi Carib;Galibí;Kalihna;Kalinya;Kalin’a;Kali’na;Kara’ibs;Kariña;Kari’na;Kari’na auran;Kari’nja;Kari’nya;Kari’ña;Karìna;Karìna auran;Maraworno;Marworno
cas		Chimané;Chimán;Moseteno;Mosetén
cav		Kavinenya
caw		Callahuaya;Callawaya;Kallawaya;Pohena;machajuyai-kallawaya
cax	xba	Anenho;Besïro;Chikitano;Chiquito;Linguará;Tarapecosi
cay		Gayogo̱hó:nǫ’
caz		Kanichana
cbb		Cabiuarí;Cabuyari;Cauyarí;Cuyare;Kabiyarí;Kauyarí;Kawiarí;Kawillary;Kawiri;Kawiyarí
cbc		Carapana-Tapuya;Carapanã;Karapano;Karapaná;Karapanã;Mehtã;Mextã;Mi tea;Mochda;Moxdoa;Muteamasa;Muxtea;Mõxtã;Möxdöá;Ukopinõpõna
cbd		Carifuna;Carihona;Hianacoto;Hianacoto-Umaua;Hianakoto;Huaque;Kaliohona;Karihona;Karijona;Koto;Omagua;Tsahá;Umawa
cbg		Caca Weranos;Chimile;Ette Ennaka;Ette Taara;San Jorge;Shimizya;Simiza
cbi		Cayapa;Chachilla;Cha’ Palaachi;Cha’Palaa;Cha’palaachi;Kayapa
cbj		Caabe;Cabe;Ede-Cabε;Sábέε;Ṣabẹ;Tchabè;Tsábε
cbk		Chabacano;Chabakano
cbk		Chabacano;Chabakano
cbl		Bualkhaw Chin;Bualkhua;Phadei
cbn		Chao Dong;Chaodon;Lawa;Niakuol;Niakuoll;Nyah Kur;Nyakur
cbo		Azora;Chokobo;Cikobu;Cokobanci;Cokobawa;Cokobo;Ndazora;Zora
cbq		Cuba;Urcibar
cbr	nom	Aincacatai;Cachibo;Cacibo;Cahivo;Cashibo-Cacataibo;Caxibo;Hagueti;Incauncanibo;Kashibo;Kashibo-Kakataibo;Managua
cbs		Cashinahua;Caxinahua;Caxinauá;Caxinawá;Hantxa Kuin;Huni Kui;Huni Kuin;Hãtxa Kuī;Juni Kuin;Kashinahua;Kaxinauá;Kaxinawá;Kaxynawa
cbt		Balsapuertino;Cahuapa;Cahuapana;Campo Piyapi;Chahui;Chawi;Chayabita;Chayahuita;Chayawita;Chayhuita;Paranapura;Shahui;Shayabit;Tsaawí;Tshaahui
cbu		Candoshi;Candoshi-Shapra;Candoxi;Kadoazi koko;Kandoshi;Kandozi;Murato
cbv		Báda;Bára;Cakua;Kakua;Kákwa;Wacara
cbw		Bisaya’;Cabalian;Cabalianon;Kabalianon;Kinabalianon
cby		Yuri
cca		
ccc		Chamekolo;Chamicolo;Chamicura;Chamikuro
ccd		
cce		Chichopi;Cicopi;Copi;Shichopi;Shicopi;Shilenge;Tschopi;Txitxopi;Txopi;Xilenge;shiChopi
ccg		Chamba;Chamba Daka;Daka;Dakka;Dekka;Deng;Jama;Sama;Sama Mum;Samabu;Samba;Tchamba;Tikk;Tsamba
cch		Cawai;Cawe;Cawi;Chawai;Chawe;Chawi
ccj		Cassanga;Guatcha;Guhaaca;Haal;I-Hadja;Kassanga
ccl		Asian Swahili
ccm		Chitties Malay Creole;Malaccan Creole Malay
cco		Chinanteco de Santiago Comaltepec;Comaltepec Chinantec;Jmíiˊ;Santiago Chinantec;juu jmiih
ccp		Chakama;Changma Kodha;Changma Vaj;Daingnet;Sakma;Sangma;Takam;Tsakma
ccp		Chakama;Changma Kodha;Changma Vaj;Daingnet;Sakma;Sangma;Takam;Tsakma
ccp		Chakama;Changma Kodha;Changma Vaj;Daingnet;Sakma;Sangma;Takam;Tsakma
ccr		Pisbi
cda		Chona;Chone;Cone;Jone;Zhuoni
cde		Chenchucoolam;Chenchwar;Chensulu;Chenswar;Choncharu
cdf		Rem;Riem
cdf		Rem;Riem
cdg		
cdh		Cameali;Chamaya;Chambiali;Chambiyali;Chamiyali Pahari;Chamrali;Chamya;Chamĕāḷī
cdh		Cameali;Chamaya;Chambiali;Chambiyali;Chamiyali Pahari;Chamrali;Chamya;Chamĕāḷī
cdi		Bhil;Chaudhari;Chaudri;Chodhari;Choudhara;Choudhary;Chowdhary
cdj		Chaurahi;Churahi Pahari;Churai Pahari;Himachali;Pahari
cdm		Chyo’bang;Cyo’bang;Praja Bhasa;Tsepang
cdm		Chyo’bang;Cyo’bang;Praja Bhasa;Tsepang
cdn		Bangba Lo;Bangba-Lwo;Bangbani;Chanpa Lo;Chaudans Lo;Saukas;Shaukas;Tsaudangsi
cdo		Eastern Fujian;Eastern Min;Foochow;Hokchiu;Matsu;Mazu;Min Dong;Min Dong Chinese;Mindong
cdo		Eastern Fujian;Eastern Min;Foochow;Hokchiu;Matsu;Mazu;Min Dong;Min Dong Chinese;Mindong
cdo		Eastern Fujian;Eastern Min;Foochow;Hokchiu;Matsu;Mazu;Min Dong;Min Dong Chinese;Mindong
cdr		Cinda-Regi-Tiyal;Tiyal;Tiyar;Tucipu;Tu’yara;’Yara
cds		
cdy		Cha Dong;Chadonghua;Chadongyu
cdz		Kaora;Kora;Korali;Korati;Kore;Mudi;Mudikora
che		Galancho;Nokchiin Muott;Nokhchi;Nokhchiin
che		Galancho;Nokchiin Muott;Nokhchi;Nokhchiin
che		Galancho;Nokchiin Muott;Nokhchi;Nokhchiin
cea		Lower Chehalis;Łəw’ál’məš
ceb		Binisaya;Bisaya;Sebuano;Sinugbuanong Binisaya;Sugbuanon;Sugbuhanon;Visayan
ceb		Binisaya;Bisaya;Sebuano;Sinugbuanong Binisaya;Sugbuanon;Sugbuhanon;Visayan
ceg		Ishir;Ishiro;Jeywo;Yshyro;Yshyro ahwoso;Ɨshɨr ahwoso;Ɨshɨro;Ɨshɨro ahwoso
cek		Eastern Khumi Chin;Khami
cek		Chin, Eastern Khumi Asang (Khongso) dialect;Khami
cek		Chin, Eastern Khumi Hnise dialect;Khami
cek		Chin, Eastern Khumi Kanise dialect;Khami
cek		Chin, Eastern Khumi Khawng Tuu dialect;Khami
cek		Chfin, Eastern Khumi Khong Tu dialect;Khami
cek		Chin, Eastern Khumi Lemi dialect;Khami
cek		Chin, Eastern Khumi Likhy dialect;Khami
cek		Chin, Eastern Khumi Rengcaa dialect;Khami
cek		Chin, Eastern Khumi Rengcaa dialect Ta-aw alphabet;Khami
cen		Aficen;Biken;Cen;Chen;Forom;Icen;Icen FiForon;Icen Ibaas;Ichen;Itchen
cet		Cen Tuum;Jaabɛ;Jalaa;Jalabɛ
cey		Ekai;Ekai Chin;Lawktu;Läoktü
cfa		Cam;Dijim-Bwilim;Dikaka
cfd		Chara;Facara;Fachara;Fakara;Nfachara;Pakara;Tariya;Tera;Terea;Teriya;Terri
cfg		Asom;Bakula;Chomo;Como Karim;Khiyu;Kinzimba;Kirim;Kiyu;Nuadhu;Shomo Karim;Shomoh;Shomong
cfm		Falam;Falam Chin;Fallam;Halam;Halam Chin;Hallam;Hallam Chin;Tipura
cfm		Falam;Falam Chin;Fallam;Halam;Halam Chin;Hallam;Hallam Chin;Tipura
cfm		Chin, Falam Khualshim;Falam;Falam Chin;Fallam;Halam;Halam Chin;Hallam;Hallam Chin;Tipura
cfm		Chin, Falam Lente;Falam;Falam Chin;Fallam;Halam;Halam Chin;Hallam;Hallam Chin;Tipura
cfm		Chin, Falam Zanniat;Falam;Falam Chin;Fallam;Halam;Halam Chin;Hallam;Hallam Chin;Tipura
cga		
cgc		Cagayano;Kagay-anen;Kinagayanen
cgg		Bachiga;Bahororo;Bakiga;Ciga;Kiga;Nkore;Nkore-Kiga;Oluchiga;Orukiga;Rukiga;Runyankore-Rukiga
cgk		Chocangaca;Chocha Ngacha;Kursmadkha;Maphekha;Rtsamangpa’ikha;Tsagkaglingpa’ikha;Tsamang;rTsamangpa’i kha
cha		Chamorru;Tjamoro
chb		Mosca;Muisca;Muysc Cubun;Muysca
chc		
chd		Chontal de Oaxaca Alto;Chontal de la Sierra de Oaxaca;Highland Chontal;Highland Oaxaca Chontal;Tequistlatec;Tsame;Tsome
chf		Chontal Maya;Chontal de Tabasco;Tabasco Chontal;Yocot’an
chg		Chaghatai;Chaghatay;Jagatai;Tschagataisch
chh		Lower Chinook;Shoalwater
chj		Chinanteco del Norte;Comaltepec Chinantec;Jmiih kia’ dzä ‘vï ï;Jujmi;Ojitlán Chinantec
chk		Chuk;Chuuk;Lagoon Chuukese;Ruk;Truk;Trukese
chl		
chm	mhr	Cheremis;Cheremiss;Cheremissian;Eastern Cheremis;Eastern Mari;Low Mari;Lowland Mari;Lugovo Mari;Mari;Mari oriental;Mari, Meadow;Mari-Woods;More;Ostčeremissisch;Szeremissi;Tscheremissisch;Woods Mari;tchérémisse;Čeremissisch
chm	mhr	Cheremis;Cheremiss;Cheremissian;Eastern Cheremis;Eastern Mari;Low Mari;Lowland Mari;Lugovo Mari;Mari;Mari oriental;Mari, Meadow;Mari-Woods;More;Ostčeremissisch;Szeremissi;Tscheremissisch;Woods Mari;tchérémisse;Čeremissisch
chn		Chinook Jargon;Chinook Pidgin;Chinook jargon;Chinuk Wawa;Jargon;Tsinuk Wawa
chn		Chinook Jargon;Chinook Pidgin;Chinook jargon;Chinuk Wawa;Jargon;Tsinuk Wawa
cho		Chahta;Chahta Anumpa
chp		Dene Suline;Dëne Súline;Dënesųłıné
chp		Dene Suline;Dëne Súline;Dënesųłıné
chq		Highland Chinantec;Quiotepec Chinantec;juu jmiih
chr		Aniyunwiya;Tsalagi;Tslagi
chr		Aniyunwiya;Tsalagi;Tslagi
cht		Seeptsa;Tinganeses
chw		Chichwabo;Chuabo;Chuwabo;Chwabo;Cicuabo;Cuabo;Cuwabo;Echuabo;Echuwabo;Echuwabu;Ecwabo;Etxuwabo;Txuwabo;Xuabo
chx		Chantel;Chhantel;Chhantyal;Khamkura
chy		Tsisinstsistots;Tsitsistas;Tsėhesenėstsestȯtse
chz		Chinanteco de Ayotzintepec;Chinanteco del Sureste Alto;Jumi dsa mojai;Juujmii;Ozumacín Chinantec
cia		Boetoneezen;Buton;Butonese;Butung;South Buton;Southern Butung
cia		Boetoneezen;Buton;Butonese;Butung;South Buton;Southern Butung
cia		Boetoneezen;Buton;Butonese;Butung;South Buton;Southern Butung
cib		Ayizo-Ci;Ci;Ci Gbe;Cigbe;Tchi
cic		Chikashshanompa’
cid		
cie		Cinene
cih		Chana;Channali;Chinal;Dagi;Harijan;Shipi
cik		Chhitkul-Rakchham;Chitkhuli;Chitkuli;Chitkuli Kinnauri;Kanauri;Kinnauri;Thebarskad;Tsitkhuli;Tsíhuli
cim		Tzimbro;Zimbrisch
cin		
cip		Chaipanec;Chiapaneco;Chiapaneko;Proto Chiapanec
cir	meg	Ciiri;Ciri;Grand Couli;Ha-Tiri;Hamea;Haméa;Méa;Tinrin;Tiri;Tiri-Mea
ciw		Anishinaabemowin;Minnesota Ojibwe;Ojibway;Ojibwe;Southwestern Ojibwa
ciw		Anishinaabemowin;Minnesota Ojibwe;Ojibway;Ojibwe;Southwestern Ojibwa
ciy		Chayma;Guaga-Tagare;Sayma;Warapiche
cja		Cam;Cambodian Cham;Cham;Chiem;Chăm;Khmer Islam;New Cham;Tjam;Tscham;Tsiam;Western Cham
cja		Cambodian Cham;Cham;Chiem;Chăm;New Cham;Tjam;Western Cham
cja		Cambodian Cham;Cham;Chiem;Chăm;New Cham;Tjam;Western Cham
cje		Cadoe Loang;Cho Ru;Choru;Chrau Hma;Chu;Chu Ru;Churu;Cru;Kru;Seyu
cjh		Chehalis;Kwaiailk;Q̉ʷay̓áyiłq̉;Upper Chehalis
cji		Camalal;Chamalal mitsts;Chamalin
cjk		Ciokwe;Cokwe;Djok;Imo;Kioko;Quioco;Shioko;Tchokwé;Tschiokloe;Tschiokwe;Tshokwe;Ucokwe
cjm		Bhamam;Chiem;Chiem Thành;Chăm;Eastern Cham;Tjam
cjm		Bhamam;Chiem;Chiem Thành;Chăm;Eastern Cham;Tjam
cjm		Bhamam;Chiem;Chiem Thành;Chăm;Eastern Cham;Tjam
cjn		Chenap;Tsenap;Zenap
cjo		Ashaninka;Asheninca del Gran Pajonal;Asheninka;Ashéninca;Ashéninka Pajonal;Atsiri;Campa Pajonalino;Pajonal
cjp		Chirripó
cjs		Aba;Kuznets Tatar;Shortsy;Tom-Kuznets Tatar
cjs		Aba;Kuznets Tatar;Shortsy;Tom-Kuznets Tatar
cjv		Tjuave
cjy		Jin Chinese;Jinese;Jinhua;Jinyu;Jinyu Chinese;Shaanxi;Shanxi
cjy		Jin Chinese;Jinese;Jinhua;Jinyu;Jinyu Chinese;Shaanxi;Shanxi
cjy		Jin Chinese;Jinese;Jinhua;Jinyu;Jinyu Chinese;Shaanxi;Shanxi
ckb		Central Kurdish;Kordi;Korkora;Kurdi;Kurdy;Sine’i;Sorani;Wawa
ckb		Central Kurdish;Kordi;Korkora;Kurdi;Kurdy;Sine’i;Sorani;Wawa
ckh		Ashah;Sak;Thet;Tsak;atsaʔ
ckl		Chibak;Chibbak;Chibbuk;Chibok;Chibuk;Chibuku;Cibak;Cibuk;Cíbɔ̀k;Kibbaku;Kikuk;Kyibaku
ckm		Burgenland Croatian;Burgenlandkroatische Sprache;Chakavski;Chekavski;Gradišćanskohrvatski jezik;Gradišćei Horvát Nyelv;Čakavian;Čakavica;Čakavski;Čakavština;Čekavski;Čokovski
ckm		Chakavski;Chekavski;Čakavian;Čakavica;Čakavski;Čakavština;Čekavski;Čokovski
ckn		Kaang Chin;Kang;Makaang;Mgan;Mkan;M’kaang
cko		Chakosi;Chokosi;Chokossi;Kyokosi;Tchokossi;Tiokossi;anufɔ
ckq		Kadjakse;Kajeske;Kawa Tadimini;Kujarke;Mini
ckr		Neu-Pommern
cks		Patois;Patois de St-Louis
ckt		Chukcha;Chukchee;Chukot;Lygoravetlen
cku		Coushatta
ckv		Cabaran;Kabalan;Kabaran;Kamalan;Kavanan;Kavarauan;Kbalan;Kibalan;Kiwaraw;Kiwarawa;Kuvalan;Kuvarawan;Kuwarawan;Kvalan;Shekwan
ckx		
cky		Chakfem;Chokfem
ckz		Cakchiquel-Quiché Mixed Language;Cauque Mixed Language
cla		Challawa;Run
cla		Challawa;Run
cla		Challawa;Run
cla		Challawa;Run
cla		Challawa;Run
clc		Nenqayni Ch’ih;Tsilhqot’in;Tsilhqút’ín;Tzilkotin;Tŝinlhqot’in
cle		Chinanteco de San Juan Lealao;Fáh⁴jmii⁴²;Latani;Lealao Chinantec
clh		Chiliss;Galos
cli		
clj		Daitu;Hio Bei;Hle-tu;Laikhy;Laitu Chin;Laitu Kheu;Ledu;Leitu
clk		Ida;Idu;Idu Lhoba;Idu Mishmi;Lho-Pa;Lhoba;Luoba;Luoba, Yidu;Midhi;Nedu;Yidu
clk		Ida;Idu;Idu Lhoba;Idu Mishmi;Idu-Mishmi;Lho-Pa;Lhoba;Luoba;Midhi;Nedu;Yidu
cll		Bogong;Cala;Tshala
clm		Klallam;Na’klallam;S’klallam
clo		Chontal de Oaxaca de la costa;Chontal de la Costa de Oaxaca;Huamelula Chontal;Huamelulteco;Lajltyaygi;Lowland Oaxaca Chontal
clt		Lautu;Lautu Chin;Lawhtu
clu		Caluyanen;Caluyanhon;Caluyanon
clw		Chulim;Chulym Tatar;Chulym-Turkish;Melets Tatar
cly		Chatino Lachao-Yolotepec;Chatino Oriental Alto;Chatino de la Zona Alta Oriental;Cha’ jna’a;Eastern Highland Chatino;Lachao-Yolotepec Chatino;Sierra Oriental Chatino;Yolotepec-Lachao Chatino
cma		Chauma;Che Ma;Ma;Ma Krung;Ma Ngan;Ma To;Ma Xop;Maaq
cme		Goin;Gouin;Guin;Gwe;Gwen;Kirma;Mboing;Mbwḭ
cmg		
cmg		
cmg		
cmi		Chami;Chamí Emberá;Embena;Embera;Embera Bedea Chamí;Emberá-Chamí;Epena;Ẽbẽra;Ẽbẽra bed̶ea
cml		Campalagian;Kone-Konee;Kone’-Kone’e;Tallumpanuae;Tasing;Tjampalagian
cmm		Mitchigamea
cmo		Bu Nong;Budang;Budong;Bunong;Central Bu Nong;Central Mnong;Phanong;Phnong;Pnong;Punong
cmo		Bu Nong;Budang;Budong;Central Bu Nong;Central Mnong;Mnong, Central;Phanong;Phnong;Pnong;Punong
cmr	cka	Awa Khami;Khami;Khimi;Khumi Awa;Mro;Mro-Khimi Chin
cms		
cmt		Iscamtho;Isicamtho;Tsotsitaal
cna		Byangskat;Byanskat;Champas;Changs-Skat;Changtang;Changtang Ladakhi;Rong;Rupshu;Stotpa;Upper Ladakhi
cnb		Chin Pong;Chin Pung;Chinbon Chin;Chindwin Chin;Chinpon;Oo-pu;Sho;Tuishiip;Tuiship;Uppu;Uppu Chin;Ütbü
cnc		Khoong
cng		Ch’iang;Northern Qiang
cnh		Baungshe;Chin, Hakka;Haka;Haka Chin;Hakha;Hakha Chin;Hakha Lai;Lai;Lai Chin;Lai Hawlh;Lai Pawi
cni		Ashinanca;Asháninca
cnk		Kaladan Khumi;Kami;Khami;Khumi;Khumi Chin;Khuni;Kumi;Yangpan
cnl		Chinanteco de San Juan Lalana;Chinanteco del Sureste Bajo;Jujmi;Lalana Chinantec;ju²³jmii²³²
cno		
cnp		Guìběi Pínghuà;Northern Guangxi;Northern Ping Chinese;Northern Pinghua
cnp		Guìběi Pínghuà;Northern Guangxi;Northern Ping Chinese;Northern Pinghua
cnq	cug	Chungmboko;Chuŋ;Cung
cnr		Crnogorski;Serbo-Croatian
cnr		Crnogorski;Serbo-Croatian
cns		Central Asmat;Jas;Manowee;Yas
cnt		Chinanteco del Oeste Central Bajo;Jajmi dzä kï ï’;Jejmei;Jejmi;Tepetotutla Chinantec
cnu		Chenoui;Haqbaylit̠;Shenwa
cnw		Ngawn;Ngawn Chin;Ngon;Ngorn
cnx		
cos		Corse;Corsi;Corso;Corsu;Còrso
coa		Cocos;Cocos Islands;Cocos Islands Malay;Kokos;Kukus;Melayu Cocos;Ong Pulu
cob		Cabil;Cac’chiquel Mam;Cakchiquel Mam;Chicomukeltec;Chicomulcelteco
coc		Cocopah;Cocopá;Cucapá;Cucupá;Delta River Yuman;Kikima;Kikimá;Kuapá;Kwikapa;Kwikapá
cod		Cocama;Cocama-Cocamilla;Huallaga;Inikana;Kocama;Kokama;Kokama-Kokamilla;Kokama-Kokamilya;Pampadeque;Pandequebo;Ucayali;Xibitaoan
coe		Caquetá;Chaocha Pai;Coreguaja;Coreguaje;Coreguaxe;Correguaje;Korebaju;Korewahe;Koʼrehuajʉ chʉʼo;Koʼrevajʉ chʉʼo;Ko’reuaju
cof		Tsachela;Tsachila;Tsafiqui;Tsa’fiki
cog		Chawng;Chuang;Khmer Chong;Shong;Xong
coh		Chonyi-Dzihana-Kauma
coj		Cadegomeño;Cadegomo;Cochetimi;Cochima;Cochimtee;Cochimí;Didiu;Joaquín;Laimon;Laymon-Cochimi;Laymonem;San Francesco Saverio Mission;San Francisco Xavier de;San Javier;San Xavier;Viggé-Biaundo Mission
cok		Cuéimarusaꞌna;Kwéimarusaꞌna;Santa Teresa Cora
col		Chelan;Columbian;Moses-Columbia;Moses-Columbia Salish;Nxa’amxcin;Wenatchee;Wenatchi;Wenatchi-Columbia;n̓xaʔm̓xčín̓
com		Numinu;Nʉmʉ Tekwapʉ
con		A’i;A’ingae;Kofan;Kofane;Kofán
coo		Comox;K’ómoks;Éy7á7juuthem;ʔayʔaǰuθəm
cop		
cop		
cop		
coq		Chasta Costa;Ko’kwel;Miluk;Mishikhwutmetunee;Tutuni-Chasta Costa-Coquille;Upper Coquille
cot		Aguenquetsatsare;Caquinte Campa;Kakinte;Poyenisati
cou		Cogniagui;Conhague;Coniagui;Koniagi;Koniagui;Konyagi;Tenda;Wamay;Wamei;Wameỹ;Wey
cov		Grass Miao;Mjiuniang;Sanjiang Miao;mjiu ɲaŋ
cow		Lower Cowlitz
cox		Pucapucari
coz		Chocho;Chocholteco;Chochon;Chochonteco;Chochotec;Ngiba;Ngigua;Ngiwa
cpa		Chinanteco de San Pedro Tlatepuzco;Jajme dzä mii;Jmiih kia’ dzä mii;Jǿg³ jmei¹²;Palantla Chinantec;Tlatepuzco Chinantec
cpb		Asheninka;Campa;Kampa;Ucayali Ashéninca;Ucayali-Yurúa Ashéninka
cpc		Ajyéninka;Ashaninca;Ashéninca Apurucayali
cpg		Asia Minor Greek;Cappadocian
cpi		China Coast Pidgin;Melanesian-Chinese Mixed Pidgin English
cpn		Akuapem-Kyripon;Chiripon;Chiripong;Kyerepong;Kyerepɔn;Kyiripong;Kyripon;Okere;Ɔkere
cpo		Noumou;Noumoukan;Numu
cps		Capisano;Capiseño;Capizeño
cpu		Asheninka;Pichis Ashéninca;Pichis Ashéninka
cpx		Heng;Henghua;Hing;Hinghua;Hsien;Hsienyu;Hsing;Hsinghua;Pu-Xian Chinese;Putian;Putten;Xianyou;Xing;Xinghua
cpy		Asheninka;South Ucayali Ashéninka
cqd		Chuanchientien Miao;Chuanqiandian Cluster Miao;Chuanqiandian Miao;Core Farwestern Hmongic;Hua Miao;Sichuan-Guizhou-Yunnan Miao;Western Miao
cre	cwd	Cree, Woods;Cri des bois;Nīhithawīwin
cre	cwd	Cree, Woods;Cri des bois;Nīhithawīwin
cra		
crb		Igneri;Inyeri;Iñeri;Kalinago
crc		Ambrym;Craig Cove;Fali;Fanting;Raljago;West Ambrym
crd		Coeur d'Alene;Schitsu’umsh;Skitswish;Snchitsu’umshtsn
crf		
crg		French Cree;Mitchif;Métis
crh		Budjak Nogai;Budjak Tatar;Crimean;Crimean Turkish;Danube Tatar;Dobrujan Crimean Tatar;Dobrujan Nogai;Dobrujan Tatar;Limba Tătară;Nogai;Nogai-Tatar;Qirim;Qirim tili;Qirimtatar;Qırım Türkçesi;Qırımca;Romanian Tatar;Tatar tĭlĭ;Tatarşa
crh		Budjak Nogai;Budjak Tatar;Crimean;Crimean Turkish;Danube Tatar;Dobrujan Crimean Tatar;Dobrujan Nogai;Dobrujan Tatar;Limba Tătară;Nogai;Nogai-Tatar;Qirim;Qirim tili;Qirimtatar;Qırım Türkçesi;Qırımca;Romanian Tatar;Tatar tĭlĭ;Tatarşa
crh		Budjak Nogai;Budjak Tatar;Crimean;Crimean Turkish;Danube Tatar;Dobrujan Crimean Tatar;Dobrujan Nogai;Dobrujan Tatar;Limba Tătară;Nogai;Nogai-Tatar;Qirim;Qirim tili;Qirimtatar;Qırım Türkçesi;Qırımca;Romanian Tatar;Tatar tĭlĭ;Tatarşa
cri		Dialeto;Forro;Fôlô;Lungwa santome;Santomense;Santomé;São Tomense
crj		Cri du Sud-Est;Eastern James Bay Cree Southern Dialect;James Bay Cree Southern Dialect;Southern East Cree;Īnū Ayimūn
crj		Cri du Sud-Est;Eastern James Bay Cree Southern Dialect;James Bay Cree Southern Dialect;Southern East Cree;Īnū Ayimūn
crk		Cri des plaines;Nehiyaw;Nēhiyawēwin;Plains Cree;Western Cree
crk		Cri des plaines;Nehiyaw;Nēhiyawēwin;Plains Cree;Western Cree
crl		Cri du Nord-Est;East Cree;East Main Cree;Eastern James Bay Cree Northern Dialect;Iyiyiw-Ayimiwin;James Bay Cree;James Bay Cree Northern;Northern East Cree
crl		Cri du Nord-Est;East Cree;East Main Cree;Eastern James Bay Cree Northern Dialect;Iyiyiw-Ayimiwin;James Bay Cree;James Bay Cree Northern;Northern East Cree
crm		Cri de Moose;Moose Cree;West Main Cree;West Shore Cree;York Cree
crn		Cora;Cora de El Nayar;Cora tereseño;El Nayar Cora;Kora;Naáyeri;Naáyeri Niuka;Naáyeri Nyuuca
crn		Cora;Cora de El Nayar;Cora tereseño;Kora;Naáyeri;Naáyeri Niuka;Naáyeri Nyuuca
crn		Cora;Cora de El Nayar;Cora tereseño;Kora;Naáyeri;Naáyeri Niuka;Naáyeri Nyuuca
crn		Cora;Cora de El Nayar;Cora tereseño;Kora;Naáyeri;Naáyeri Niuka;Naáyeri Nyuuca
crn		Cora;Cora de El Nayar;Cora tereseño;Kora;Naáyeri;Naáyeri Niuka;Naáyeri Nyuuca
crn		Cora;Cora de El Nayar;Cora tereseño;Kora;Naáyeri;Naáyeri Niuka;Naáyeri Nyuuca
crn		Cora;Cora de El Nayar;Cora tereseño;Kora;Naáyeri;Naáyeri Niuka;Naáyeri Nyuuca
cro		Absaroke;Absarokee;Apsaroke;Apsáalooke
crq		Chorote;Choroti;Inkijwas;Iyo'wujwa Chorote;I’no’;Manjui;Manjuy;Yojwaja
crr	pmk	Croatoan;Pamlico
crs		Chagossian Creole;Creole;Ilois;Kreol;Kreol Seselwa;Seselwa;Seselwa Creole French;Seselwa French Creole;Seychellois Creole;Zilwa
crt		Chorote;Choroti;Eklenjuy;Iyojwa'ja Chorote;Yofuaha;Yowúwa
crv		Chowra;Tutet
crw		Chauro;Cho Ro;Choro;Doro;Ro;Tamun
crx		Central Carrier;Dakelh;Dakelhne;Porteur;Takelne;Takulie
crx		Central Carrier;Dakelh;Dakelhne;Porteur;Takelne;Takulie
cry		Chori;Cori;Girlor-Kyoli
crz		Chumash;Chumasha Proper;Island Chumash;Island Chumashan;Isleño;Santa Rosa;Ysleño
ces		Bohemian;Cehă;Český jazyk;Češki;Čeština;čeština
ces		Bohemian;Cehă;Český jazyk;Češki;Čeština;čeština
csa		Chiltepec Chinantec;Jajme dzä mii;Jmiih kia’ dzä mii
csb		Cashubian;Cassubian;Kaszubski;Kaszëbsczi jãzëk
csc		CSL;Catalonian Sign Language;LSC;Lengua de Señas Catalana;Lengua de Signos Catalana;Lengua de señas catalana;Llengua de Signes Catalana;Llenguatge de signes
csd		Chiengmai Sign Language;OCMSL;Old Chiang Mai Sign Language;Old Chiangmai Sign Language;Original Chiang Mai Sign Language;Original Chiangmai Sign Language
cse		CZJ;Český Znakový Jazyk
csf		Cuba Sign Language;LSC;LSCu;Lengua de señas cubana;Lengua de señas cubanas
csg		LENSE;LSCh;Lengua de señas Chile;Lengua de señas chilena;Lenguaje de señas chilenas
csh		Asho;Asho Chin;Ashu;Hyow;Khamaw;Khamoe;Khyang;Khyeng;Kyang;Qin;Saingbaung;Sho;Shoa
csh		Asho;Asho Chin;Ashu;Hyow;Khamaw;Khamoe;Khyang;Khyeng;Kyang;Qin;Saingbaung;Sho;Shoa
csi		Coast Miwok
csj		Hio;Songlai Chin
csj		Hio;Songlai Chin
csk		Bácuki;Casa;Diola-Kasa;Jóola Kaasa;Jóola-Kasa;kújoolowaay-kaasa
csl		Zhongguo Shouyu
csm		Central Sierra Miwok
csn		LSC;Lengua de señas colombiana;Lengua manual colombiana
cso		Chinanteco del Oeste;Jaú jm_;Jmiih kia’ dzä jii’;Jú¹jma²;Sochiapam Chinantec;Sochiapan Chinantec
csp		Guìnán Pínghuà;Southern Guangxi;Southern Ping Chinese;Southern Pinghua
csp		Guìnán Pínghuà;Southern Guangxi;Southern Ping Chinese;Southern Pinghua
csq		CSL;Croatia Sign Language;HZJ;Hrvatski znakovni jezik
csr		LESCO;Lengua de Señas Costaricenses;Lengua de Señas Costarricense;Lenguaje de Señas Costarricense
css		Southern Ohlone
cst		Northern Ohlone
csv		Ahmyo;Chang;Cumtu;Hmyo;Settu;Settu Hmyo;Sumtu Chin;Sungtu
csw		Cri des marais;Inilîmowin;Maskekon;Moskégon;Omaškêkowak;Omushkego;Swampy Cree;West Main Cree;West Shore Cree;York Cree
csx		CBDSL;CSL;Cambodia Sign Language;KSL;Khmer Sign Language
csy		Eima kam;Siyang;Siyin;Siyin Chin;Sizang
csz		Hanis
cta		Chatino Occidental Bajo;Chatino Tataltepec;Chaꞌ cña;Chaꞌ jnaꞌa;Lowland Chatino;Tataltepec Chatino
ctc		
ctd		Ei pau;Hai-Dim;Tedim;Tedim Chin;Tiddim;Tidim;Zo pau;Zome;Zomi
ctd		Ei pau;Hai-Dim;Tedim;Tedim Chin;Tiddim;Tidim;Zo pau;Zome;Zomi
cte		Chinanteco del Sureste Medio;Jujmi;Tepinapa Chinantec
ctg		Chatgaiyan Buli;Chatgaya;Chittagonian Bengali
ctg		Chatgaiyan Buli;Chatgaya;Chittagonian Bengali
ctg		Chatgaiyan Buli;Chatgaya;Chittagonian Bengali
cth		Thaiphum;Thaiphum Chin;Thui Phum
ctl		Chinanteco del Noroeste;Jau jmai;Tlacoatzintepec Chinantec
ctm		Chetemacha
ctn		Chhintange;Chintang;Chintang Rûng;Teli
cto		Catio;Catío;Catío Emberá;Embena;Embera;Embera Bedea Katío;Emberá-Catío;Emberá-Katío;Epena;Epera;Epẽrã;Eyabida;Katio;Ẽ́bẽra Katío;ẽbẽrã bed’ea–Katío
ctp		Chatino Central;Chatino de la Zona Alta Occidental;Cha’t-An;Chaꞌ jnaꞌa;Chaꞌtñan;Sierra Occidental Chatino;Western Highland Chatino
cts		Northern Catanduanes Bicolano;Northern Catanduanes Bikol;Pandan;Pandan Bikol
ctt		Chetti;Chetty;Wayanad Chetti
ctu		Ch’ol;Lak ty’añ;Lak t’an;Lakty’añ;Lakty’añ Ch’ol
ctu		Chol - Tila;Ch’ol;Lak ty’añ;Lak t’an;Lakty’añ;Lakty’añ Ch’ol
ctu		Chol - Tumala;Ch’ol;Lak ty’añ;Lak t’an;Lakty’añ;Lakty’añ Ch’ol
cty		Mamundadan Chetty;Mandadan Chetty;Moundadan Chetty;Moundan Chetty
cty		Mamundadan Chetty;Mandadan Chetty;Moundadan Chetty;Moundan Chetty
ctz		Chatino de San Marcos Zacatepec;Chatino de Zacatepec;Cha’ jna’a;Zacatepec Chatino
chu		Church Slavic;Church Slavonic;Old Bulgarian;Old Church Slavonic;Old Slavonic
chu		Church Slavic;Church Slavonic;Old Bulgarian;Old Church Slavonic;Old Slavonic
chu		Church Slavic;Church Slavonic;Old Bulgarian;Old Church Slavonic;Old Slavonic
cua		Bong Miew;Bòng Mieu
cub		Cobewa;Cubeu;Cuveo;Hehenawa;Hipnwa;Kobeua;Kobewa;Kubeo;Kubewa;Kubwa;Pamiwa;Pãmié
cuc		Chinanteco de San Felipe Usila;Chinanteco del Oeste Central Alto;Jau² jm⁴³;Jaú jm_;Jmiih kia’ dzä jii’;Usila Chinantec
cuh		Chuka;Chuku;Cuka;Gĩchuka;Suka
cui		Cuiba-Wámonae;Cuiva;Hiwi;Kuiva;Maiben;Wajume
cuj		Cujareno;Cujareño;Nomole
cuk		Cuna;Dulegaya;Duleigaiya;Guna;San Blas Cuna;San Blas Kuna;Tule Kaya
cul		Corina;Culina;Culina Madijá;Kollina;Kulina Madihá;Kulino;Kulyna;Kulína;Kurina;Madiha;Madija;Madija atti
cuo		Cumanagota;Cumanogota;Cumaná;Kumanagoto;Kumaná
cup		
cuq		Cun-Hua;Cunhua;Ngao Fon
cur		Chhilling;Chholung;Chhulung;Chhûlûng Rûng;Chiling;Chulung;Chülüng
cut		Cuicateco de Teutila;Dubaku;Teutila Cuicatec
cuu		Cung;Dai Ya;Daiya;Huayao Dai;Huayaodai;Multi-colored Waistband Tai;Tai Chung;Tai Cung;Tai-Chung;Tai-Cung;Ya;Yuanxin Hongjin Dai
cuv		Cuvakw;Tchouvok
cuw		Chukuwa;Cukwa Ring;Pohing;Pohing Kha
cux		Cuicateco del centro;Cuicateco yeⁿꞌe Tepeuxila;Dbaku;Dibaku;Tepeuxila Cuicatec
cuy		
chv		Bulgar
cvg		Chug Monpa;Chugpa;Duhumbi
cvg		Chug Monpa;Chugpa;Duhumbi
cvn		Chinanteco Central Bajo;Jajmi dzä kï ï’;Jejmei;Jejmi;Valle Nacional Chinantec
cwa		Ekikabhwa;Ekikabwa;Kikabhwa;Kikabwa
cwb		Chwambo
cwe		Kakwere;Kikwere;Kinghwele;Kwele;Nghwele;Ngh’wele;Ngwele;Ng’were;Nhwele;Nwele;Tsinghwele
cwg		Beri;Ceq Wong;Che Wong;Chewong;Che’wong;Chuba;Siwang
cwt		Kwatay
cxh		Cha'ari;Chaari;Chari;Danchawa;Danshe
cym		Cymraeg;Galés
cym		Cymraeg;Galés
cym		Cymraeg;Galés
cya		Chatino Nopala;Chatino Oriental Bajo;Chaꞌ jnaꞌa;Chaꞌtñan;Nopala Chatino;Teotepec Chatino
cyb		Cayuvava;Cayuwaba;Kayuvava
cyo		Cuyo;Cuyonen;Cuyono;Cuyunon;Koyonǝn;Kuyonon;Kuyunon;Visayan
czh		Anhui;Hui;Hui dialect;Huizhou;Huizhou Chinese
czh		Anhui;Hui;Hui dialect;Huizhou;Huizhou Chinese
czk		Canaanic;Judaeo-Czech;Judeo-Slavic;Leshon Knaan
czn		Chatino Occidental Alto;Cha’ jna’a;Northern Chatino;Tsa’ jnya;Zenzontepec Chatino
czo		Central Fujian;Central Min;Min Zhong Chinese;Minzhonghua
czt		Yotun;Zo Mingphuin;Zobya;Zotung;Zotung Chin
dan		Dansk;Dänisch;Rigsdansk
dan		Dansk;Dänisch;Rigsdansk
dan		
daa		Danal;Dangal;Dangla;Daŋla
dac		Mumeng
dad		Dami;Ham;Marik od
dae		Doupa;Dupa;Nduupa;Saa
dag		Dagbamba;Dagbane;Dagbanli;Dagomba;Mole-Dagbani
dag		Dagbamba;Dagbane;Dagbanli;Dagomba;Mole-Dagbani
dag		Dagbamba;Dagbane;Dagbanli;Dagomba;Mole-Dagbani
dah		Dahating;Gwatike
dai		Dai
daj		Beke;Bekke;Dagu;Daju Ferne;Dar Fur Daju;Fininga;Nyala-Lagowa
dak		Dakhóta;Dakhótiyapi;Sioux
dal		Guo Garimani;Numma guhoni;Sanye
dam		Tidama’un
dao		Daai;Daai Chin;Dai;Khyo;Kkhyou
dao		Chin, Kheng Daai;Daai;Daai Chin;Dai;Khyo;Kkhyou
dao		Chin, Daai Matupi Licang;Daai;Daai Chin;Dai;Khyo;Kkhyou
dao		Chin, Daai Matupi Tuivang;Daai;Daai Chin;Dai;Khyo;Kkhyou
dao		Chin, Yindu Daar;Daai;Daai Chin;Dai;Khyo;Kkhyou
daq		Bastar Koya;Bison Horn Maria;Dandami Madiya;Dandami Maria;Dhuru;Gondi Madiya;Madiya;Maria Gond
dar		Dargan Medz;Dargi;Dargin;Darginski;Dargintsy;Dargva;Khiurkilinskii;Uslar
das		
dau		Bokor;Bokorike;Bokoruge;Dadjo;Dajou;Daju;Dar Sila;Dar Sila Daju;Mongo-Sila;Shila;Sila;Sula
dav		Dabida;Davida;Kidabida;Kidawida;Kitaita;Taita;Teita
daw		Baganggenyo;Davaoeño;Davaweño;Matino;Matinyo
dax		Dhay’yi;Dha’i
daz		Dao;Maniwo;Moi;Wadea;X-Ray
dba		Bangande;Bangeri Me;Bangeri Me Dogon;Bangerime;Bangi Me;Dyeni;Elebo;Noumandan;Numadaw
dbb		Be;Denanchi;Denawa;Denwa
dbd		Bwe̱ Daddiya;Daadiya;Dadia;Loodiya;Na̱n Nyiyo Daddi̱ya;Nda Dia
dbe		Mangambilis
dbf		Dosobou;Dou;Doufou;Elopi;Foi;Iau;Turu;Urundi;Ururi;Yau
dbg		Dogul Dom Dogon;Dogul-Dom
dbi		Doka;Kadara Doka
dbj		Bulud Upi;Eraans;Ida'an;Idaan;Idahan;Idan;Idayan
dbj		Bulud Upi;Eraans;Ida'an;Idaan;Idahan;Idan;Idayan
dbl		Djirubal
dbm		Dugarwa;Duguranci;Dugurawa;Dukuri;Dõõri
dbn		Duriankari;Esaro;Sailen
dbo		Dulbu
dbp		Eastern Bade;Evji
dbq		Dabba;Ma Daba
dbr		Af-Dabarre
dbt	dwl	Ben Tey;Ben Tey Dogon
dbu		Bondum Dom Dogon;Bondum-Dom;Najamba-Kindige Dogon
dbv		Dingi;Dungi;Dunjawa;Dwingi
dbw		Bankan Tey;Bankan Tey Dogon;Oualo;Walo
dby		Bainapi;Dibiasu;Pikiwa
dcc		Dakhini;Dakhni;Dakini;Dakkani;Dakkhani;Deccani;Desi
dcc		Dakhini;Dakhni;Dakini;Dakkani;Dakkhani;Deccani;Desi
dcr		Creool;Dutch Creole;Kreool;Negerhollandsch;Negrodutch
dda		Dadidadi;Dardi-Dardi;Dardidardi;Tatitati;Tharrthi-Tharrthi
ddd		
dde		Dondo;Kidoondo
ddg		Dagada;Dagaga;Dagoda’
ddi		West Goodenough
ddj		Djaru;Jaroo;Tjaru;Wawari
ddn		Dandawa;Dandi;Dendi (Benin);Songhay
ddo		Cez;Didoi;Tsez;Tsezy;Tsuntin
ddr		Dhuduroa;Djilamatang;Do.dor.dee;Dodora;Duduroa;Dyinningmiddhang;Tharamirttong;Theddora;Theddora-mittung;Theddoramittung;Toutourrite;Victorian Alpine
dds		Donno;Donno So;Donno So Dogon;Kamba So;Kamma So
ddw		Davelor
deu		Alemán;Allemand;Deutsch;Duits;Däitsch;German;Germană;Nemački;Nemec;Nemetskiy;Niemiec;Njemački;Német;Němec;Tedesco;Tudestg;Tysk
deu		Alemán;Allemand;Deutsch;Duits;Däitsch;German;Germană;Nemački;Nemec;Nemetskiy;Niemiec;Njemački;Német;Němec;Tedesco;Tudestg;Tysk
deu		Alemán;Allemand;Deutsch;Duits;Däitsch;German;Germană;Nemački;Nemec;Nemetskiy;Niemiec;Njemački;Német;Němec;Tedesco;Tudestg;Tysk
deu		Alemán;Allemand;Deutsch;Duits;Däitsch;German;Germană;Nemački;Nemec;Nemetskiy;Niemiec;Njemački;Német;Němec;Tedesco;Tudestg;Tysk
deu		Alemán;Allemand;Deutsch;Duits;Däitsch;German;Germană;Nemački;Nemec;Nemetskiy;Niemiec;Njemački;Német;Němec;Tedesco;Tudestg;Tysk
dec		Dagig;Dhaduwa;Dharuwa;Duwa;Masakin Dagig;Ruwa;Thakik
ded		
dee		De;Dei;Dewoi;Dey
def		Dezfuli-Shushtari;Dezhfili;Dizfuli
deg		
deh		Deghwari
dei		Desawa
del		
del	umu	Huluníixsuwaakan;Lunaapeew;Munsee;Munsee Delaware;Munsiiw;Ontario Delaware;Stockbridge-Munsee
dem		Lem;Ndem
den	xsl	Acha’otinne;Deh Gáh Ghotie Zhatie;Dene;Dene Yatıé;Dene Zhatie;Esclave du Sud;Mackenzian;Slavey, South
den	xsl	Acha’otinne;Deh Gáh Ghotie Zhatie;Dene;Dene Yatıé;Dene Zhatie;Esclave du Sud;Mackenzian;Slavey, South
dep		Pidgin Delaware
deq		Dendi (Central African Republic)
der		Chutiya;Dari;Deori-Chutiya;Deuri;Dewri;Drori;Jimochaya;Jimosaya
der		Chutiya;Dari;Deori-Chutiya;Deuri;Dewri;Drori;Jimochaya;Jimosaya
des		Boleka;Boreká;Desana-Siriana;Dessana;Dessano;Desána;Desâna;Kotedia;Kusibi;Oregu;Uina;Umukomasã;Wina;Wira;Wirã;Wirã ya
dev	gav	Doming;Doming Me
dez		Ileo;Lengese;Londengese;Ndengese;Nkutu
dga		Dagaare;Dagara;Dagare;Dagari;Dagati;Degati;Dogaari;Southern Dagaare;Southern Dagari
dga		Dagaare;Dagara;Dagare;Dagari;Dagati;Degati;Dogaari;Southern Dagaare;Southern Dagari
dgb		Budu-Tagu;Bunoge;Bunoge Dogon;Korandabo
dgc		Agta;Agta Casiguran;Casiguran Agta;Casiguran Dumagat;Casiguran Dumagat Agta
dgd		Dagaari Jula;Dagari Dyoula;Jari;Wala;Yari
dge		Degenan;Dingana
dgg		Magabara
dgh		Azaghvana;Dehoxde;Dghwéɗè;Hude;Johode;Tghuade;Toghwede;Traude;Wa’a;Zaghvana
dgi		Dagaara;Dagaare;Dagaari;Dagara;Dagari;Dagati;Degati;Dogaari;Northern Dagaare;Northern Dagara
dgk		Daba
dgl		Danaagla;Danaqla;Dongola;Dongola Nubian;Dongolawi;Dongolawi Nubian;Dongolese
dgl		Danaagla;Danaqla;Dongola;Dongola Nubian;Dongolawi;Dongolawi Nubian;Dongolese
dgl		Danaagla;Danaqla;Dongola;Dongola Nubian;Dongolawi;Dongolawi Nubian;Dongolese
dgn		
dgr		Dogrib;Flanc-de-chien;Thlingchadine;Tłı̨chǫ;Tłı̨chǫ;Tłı̨chǫ Yatıì
dgs		Bambadion-Dogoso;Bambadion-Dokhosié;Black Dogose;Dorhosié-Finng;Dorhosié-Noirs;Dorossié-Fing
dgt		Andaˀaneti;Ndra'ngith;Ndra?angid;Ndrag’ngith;Ndraˀangit;Ntra’angith;Ntʳaˀŋit̯
dgu		
dgw		Daung Wurrung;Dhagung-wurrung;Taungurong;Taungurung;Thagawurung;Thagungwurrung
dgx		Dogoro
dgz		Nawp
dhg		Budalpudal;Burada;Buralbural;Buratha;Dangu;Dhaangu;Dhangu;Dhangu’mi;Djangu;War-ramirri;Warameri;Waramiri;Warramiri;Warumeri;Yolngu-Matha;Yuulngu
dhg		Budalpudal;Burada;Buralbural;Buratha;Dangu;Dhaangu;Dhangu;Dhangu’mi;Djangu;War-ramirri;Warameri;Waramiri;Warramiri;Warumeri;Yolngu-Matha;Yuulngu
dhi		Dhemal
dhl		Dalandji;Dalendi;Djalendi;Talaindji;Talandi;Talandji;Talangee;Tallainga;Taloinga;Thalantji;Thalanyji
dhm		Chimba;Dimba;Himba;Luzimba;Oludhimba;Oluthimba;Oluzimba;Otjidhimba;Ovazimba;Simba;Tjimba;Zemba
dhn		Dangri;Dangs Bhil;Dhanka;Dhanki;Kakachhu-Ki Boli;Tadavi;Tadvi Bhil
dho		Dhobi;Dhore;Dhori;Dhowari;Doria
dho		Dhobi;Dhore;Dhori;Dhowari;Doria
dhr		Dal’gari;Dargari;Targari;Tarkarri;Thargari;Tharrgari;Tharrkari
dhs		Daiso;Daisu;Kidhaiso;Kisegeju;Segeju;Sengeju
dhu		Dhuurga;Dhu’rga;Durga;Duurga;Tharumba;Thaua;Thoorga;Thurga
dhv		Dehu;De’u;Lifou;Lifouan;Lifu;Qene Drehu
dhw		Danuwari;Danwar;Denwar;Dhanuwar;Dhanvar;Dhanwar;Dhanwar (Nepal);Donwar;Kacarya Danuwar
dhx		Dungaloo
dia		Alu;Galu;Metru
dib		Central Dinka;Jiëëŋ;Jiɛ̈ɛ̈ŋ Ciɛɛm;South Central Dinka;Thuɔŋjäŋ
dic		Brabori;Dieko;Gabo;Lakota Dida;Satro;Ziki
did		Dĩdĩnga;Toi;Xaroxa;’Di’dinga
dif	dit	Dhirari;Dieri;Dirari
dig		Digo;Kidigo
dih		Campo;Cochimí;Comeya;Cuchimí;Diegueño;Digueño;Jamul Diegueño;Jamul Tiipay;Kamia;Kamiai;Kamiyahi;Kamiyai;Ki-Miai;Ko’al;Kumeyaai;Kumeyaay;Kumia;Ku’ahl;Kw’aal;Mesa Grande Diegueño;Quemayá;Tiipay;Tipai’;Tipái;Tipéi
dii		Bumbong;Kaalong;Kalong;Lakaalong;Lambong;Mbong;Palong
dij		
dil		Delen;Warki;Warkimbe
dim		
din	dik	Dinka Rek;Dinka, Southwestern;Jieng;Jiëëŋ;Jiɛŋ;Muɔnyjäŋ;Thoŋ ë Muɔnyjäŋ;Thuɔŋjäŋ;Western Dinka
din	dik	Dinka Rek;Dinka, Southwestern;Jieng;Jiëëŋ;Jiɛŋ;Muɔnyjäŋ;Thoŋ ë Muɔnyjäŋ;Thuɔŋjäŋ;Western Dinka
dio		Ganagana;Ganagawa;Shitako;Zhitako;Zitako
dip		Jiëëŋ;Northeastern Dinka;Padang;Padaŋ;Thoŋ de Jiëëŋ ë Padaaŋ;Thoŋ ë Jiëëŋ;White Nile Dinka
dir		Daka;Dakka;Dirin;Dirrim
dis		Dimasa Kachari;Grao Dima;Grau Dima;Hills Kachari;Magrau
dis		Dimasa Kachari;Grao Dima;Grau Dima;Hills Kachari;Magrau
diu		Dciriku;Dirico;Diriko;Diriku;Manyo;Mbogedo;Mbogedu;Rugciriku;Rumanyo;Rusambyu;Shimbogedu
diw		Northwestern Dinka;Thuɔŋjäŋ
dix		
diy		
diz		Di;Din;Dinga;Dzing;Idiŋ;Idzing;Kedeŋ-Lesye;Kiding;Kidiŋ;Kindinga
dja		Djadja Wurrung;Djadjawurung;Dyadyawurung;Jaara;Jaja-Wurrung;Jajawurung;Le Wurrung;Lewurru;Lewurrung;Yaara;Yaura
djb		
djc		Dadjo;Dadju;Dajiŋge;Dajo;Dajou;Daju;Daju Mongo;Daju Oum Hadjer;Dar Daju Daju;Saaronge
djd		Jaminjung;Ngaliwurru
dje		Adzerma;Djerma;Dyabarma;Dyarma;Dyerma;Zabarma;Zarbarma;Zarma sanni;Zarmaci;Zarmaciine;Zerma
dje		Adzerma;Djerma;Dyabarma;Dyarma;Dyerma;Zabarma;Zarbarma;Zarma sanni;Zarmaci;Zarmaciine;Zerma
dje		Adzerma;Djerma;Dyabarma;Dyarma;Dyerma;Zabarma;Zarbarma;Zarma sanni;Zarmaci;Zarmaciine;Zerma
djf		Adho-Adhom;Butju;Chungki;Chunkumberries;Chunkunburra;Gugu Djangun;Jangun Djanggun;Koko-Mudju;Koko-Tyankun;Mutyu;Ngaigungo
dji		Jandijinung
djj		Gunavidji;Ndjébbana
djk		Aukaans;Businenge Tongo;Businengee Tongo;Eastern Maroon Creole;Ndjuká;Ndyuka;Ndyuka tongo;Nenge;Nenge Tongo;Nengee;Nengee Tongo;Njuká;Okanisi;Okanisi Tongo
djk		Aukaans;Businenge Tongo;Businengee Tongo;Eastern Maroon Creole;Ndjuká;Ndyuka;Ndyuka tongo;Nenge;Nenge Tongo;Nengee;Nengee Tongo;Njuká;Okanisi;Okanisi Tongo
djm		Dyamsay Tegu;Gamsaj;Jamsay;Jamsay Dogon
djn		Adowen;Djawan;Jawan;Jawony;Jawoyn;Kumertuo
djo		Djongkang
djr		Djambarbwingu;Jambapuing;Jambapuingo
dju		Mugumute;Sare;Wasare
djw		Djaui;Jawi
dka		Dakpa
dkg		Kadun;Kwang;Kwanga;Kwangka;Kwanka;Kwanka-Boi-Bijim;Kwàŋ
dkk		Nordost-Celebes
dkr		Hill Dusun;Kijau;Koijoe;Kuiyow;Kujau;Kuliow;Kuriyo;Kwijau;Menindal;Menindaq;Minansut;Tidung;Tindal
dks		Cam;Dinka Cam;Eastern Dinka;Jieng;Jiëëŋ;Jiɛ̈ɛ̈ŋ Ciɛɛm;Southeastern Dinka;Thuɔŋjäŋ
dkx		Mazagway
dlg		Dolgang;Haka
dlk		Dahlak
dlm		Dalmatic;Dalmatico;Dalmato;Dalmatski;Langa Dalmata;Lingua Dalmatica
dln		Dalong;Darlong hnam
dma		Adouma;Aduma;Badouma;Douma;Liduma
dmb		Kolu-so;Kolum-so;Mombo Dogon;Pignari
dmc		Bosiken;Boskien;Dimir
dmd		Madhi-Madhi;Madhimadhi;Mathi-Mathi;Muthi Muthi;Muthimuthi;Mutti Mutti
dme		Dougour;Memekere;Mofu-Dugwor;Tchakidjebe
dmf		
dmg		Orang Sungai;Sungai Milian;Upper Kinabatangan
dmk		Bericho;Dom;Doma;Domaaki;Dumaki
dml		Damedi;Damel;Damia;Damiabaasha;Gidoji;Gudoji
dmm		Dama-Mono
dmo		Dumbo;Dzumbo;Díɛ yi Bədzumbu lə;Kemezung;Kumaju;Kɨmədzuŋ
dmr		East Damar;South Damar
dms		Dampelasa;Dian
dmu		Dubu
dmv		Doompas
dmw	xrq	Karanga;Karangpurru;Karranga;Karrangpurru;Madbara;Moodburra;Mootburra;Mudbara;Mudbarra;Mudbera;Mudbra;Mudbura;Mutpura;Pinkagama;Pinkagarna
dmx		
dmy		Demta;Muris
dna		Dani;Upper Grand Valley Dani
dnd		Dawonda
dne		Kindendeule;Kindendeuli;Ndendeuli;Ndwewe
dng		Dzhunyan;Huizu;Kwuizwu;Tungan;Zwn’jan
dng		Dzhunyan;Huizu;Kwuizwu;Tungan;Zwn’jan
dni		Dani;Grand Valley Dani;Lower Grand Valley Dani
dnj	daf	Da;Dàn;Dã̀ã̀;Gio;Gio-Dan;Guio;Gyo;Ya;Yacouba;Yakuba
dnj		Da;Dàn;Dã̀ã̀;Gio;Gio-Dan;Guio;Gyo;Ya;Yacouba;Yakuba
dnj		Da;Dàn;Dã̀ã̀;Gio;Gio-Dan;Ya;Yacouba;Yakuba
dnj		Da;Dàn;Dã̀ã̀;Gio;Gio-Dan;Ya;Yacouba;Yakuba
dnj		Da;Dàn;Dã̀ã̀;Gio;Gio-Dan;Ya;Yacouba;Yakuba
dnk		Rote;Rote Barat;Roti;Rotinese;Western Rote
dnn		Dzùùn;Eastern Duun;Kpankagooma;Samogho;Samogo;Samoro
dno		Ddradha;Ddraló;Ndralo;Ndrŭló;Ndukpa;Northern Lendu
dnr		Maiya
dnt		Baliem Valley Dani;Central Grand Valley Dani;Dani;Mid Grand Valley Dani;Tulem
dnu		Danaw
dnv		Intha-Yaw;Taruw;Täruw
dnw		Dani Barat;Ilaga Western Dani;Laany;Lani;Oeringoep;Timorini;Western Dani
dny		Dani;Madiha
doa		
dob		Dobuan
dob		Dobuan
doc		Gam;Kam;Lix Gaeml;Northern Dong;Tong;Tung;Tung-Chia
doe		Dohe;Dowe;Kidoe
dof		Dom
doh		Donga
doi	dgo	Dhogaryali;Dogari;Dogri;Dogri Jammu;Dogri Pahari;Dogri-Kangri;Dongari;Hindi Dogri;Tokkaru
doi	dgo	Dhogaryali;Dogari;Dogri;Dogri Jammu;Dogri Pahari;Dogri-Kangri;Dongari;Hindi Dogri;Tokkaru
doi	dgo	Dhogaryali;Dogari;Dogri;Dogri Jammu;Dogri Pahari;Dogri-Kangri;Dongari;Hindi Dogri;Tokkaru
doi	dgo	Dhogaryali;Dogari;Dogri;Dogri Jammu;Dogri Pahari;Dogri-Kangri;Dongari;Hindi Dogri;Tokkaru
dok		
dol		
don		Doura;Toura (Papua New Guinea)
doo		Dhɔ̀ngɔ̀kɔ́;Donga;Dongo Ko
dop		Dompago;Legba;Logba;Lokpa;Lugba;Yoa-Lokpa
doq		LSRD;Lengua de señas de la Republica Dominicana
dor		Dori'o;Kwarekwareo
dos		Doghose;Doghosié;Dokhobe;Dokhosié;Dorhossié;Dorhosye;Doro Doghosié;Dorobé;Dorosie;Dorossé;Dɔgɔsɛ
dot		Barawa
dov		Toka-Leya-Dombe
dow		Doayo;Donyanyo;Donyayo;Doohyaayo;Doowaaya̰a̰yɔ;Doowaayo;Dooyaangyo;Dooyaayo;Dooyayo;Dooya̰a̰yɔ;Dowayayo;Dowayo;Doyaayo;Doyau;Nomai;Tunga;Tungbo;Tuuno
dox		
doy		Dumpo;Guang;Ndmpo
doz		
dpp		Bajau Bukit;Bajau Pa’par;Pappar;Pa’par
drb		Dabab;Daier;Thaminyi
drc		Calão de Minde;Piação dos Charales do Ninhou
drd		Darimiya;Darma;Darma Lwo;Darma-Lwo;Darmani;Saukas;Shaukas
dre		Dolkha;Dolpa Tibetan;Dolpali;Dolpike;Phoke Dolpa
drg		Dayak Laut;Dusun Dayak;Kadazan;Melobong Rungus;Melubong Rungus;Memagun;Memogun;Momogun;Roongas;Rungus Dusun
dri		C'Lela;Cala-Cala;Chilala;Chilela;CˀLela;Dakakari;Dakarci;Dakarkari;Dakkarkari;Kalla-Kalla;Kolela;Lalawa;Lela;Zuru
drl	bjd	Baagandji;Bagandji;Darling;Kula;Paakanti;Paakintyi;Southern Baagandji
drn		North Damar;West Damar
dro		Daro-Matu Melanau;Matu-Daro
drq		
drs		
drt		Dreins;Dreints;Drente;Drenthe;Drèents
dru		Banga;Bantalang;Bantaurang;Drekay;Drukai;Drukay;Dukai;Dyokay;Kadas;Rutkai;Sarisen;Taloma;Tsalisen;Tsarisen
dry		Darai Kura
dsb		Bas Sorabe;Delnoserbski;Dolnoserbska reč;Dolnoserbski;Dolnoserbšćina;Lluzykie;Lower Lusatian;Lower Sorbian;Lusatian;Luzycki;Niedersorbisch;Wendish
dse		Dutch Sign Language;NGT;Nederlandse Gebarentaal;SLN
dsh		Af Daasanach;Daasanech;Dama;Dasenech;Dathanaik;Dhaasanac;Geleb;Geleba;Gheleba;Marille;Reshiat
dsi		
dsk		Luksanci;Luksawa;Lukshi;Lushi
dsl		DTS;Dansk tegnsprog
dsn		Dusnir
dso		Deshia;Desia;Desiya Oriya;Koraput Oriya
dsq		Daosahaq;Daoussahaq;Daoussak;Dausahaq;Dawsahaq;Idaksahak
dsq		Daosahaq;Daoussahaq;Daoussak;Dausahaq;Dawsahaq;Idaksahak
dsz		MarSL
dta		Daguor;Dagur;Dawar;Dawo’er;Tahuerh;Tahur
dta		Daguor;Dagur;Dawar;Dawo’er;Tahuerh;Tahur
dta		Daguor;Dagur;Dawar;Dawo’er;Tahuerh;Tahur
dta		Daguor;Dagur;Dawar;Dawo’er;Tahuerh;Tahur
dtb		Eastern Kadazan;Kadazan Labuk-Kinabatangan;Labuk Kadazan;Labuk-Kinabatangan Kadazan;Sogilitan;Sungai;Sungai Kinabatangan;Tinangaran Kadajan;Tindakon;Tompulung
dtd		Diidiitidq;Diitiid’aatx;Nitinaht;Nitinat
dth		Adetingiti
dti		Ana Tinga Dogon
dtk		Tene Kan;Tene Kan Dogon;Tene Tingi;Tengu Kan
dtm		Tomo Kan Dogon;Tomo-Kan
dtn		Daatsʼíin
dto		Tombo-So;Tommo So;Tommo So Dogon
dtp	ktr;kzj;kzt;tdu	Central Dusun;Central Kadazan;Dusan;Dusum;Dusun;Dusur;Idaan;Kadasan;Kadayan;Kadazandusun;Kedayan
dtp		Central Kadazan;Dusan;Dusum;Dusun;Dusur;Idaan;Kadasan;Kadayan;Kadazandusun;Kedayan
dtr		Dusun Lotud;Dusun Tuaran;Latod;Latud;Suang Lotud
dts		Bomu Tegu;Dogoso;Toro So;Toro So Dogon
dtt		Tandam;Toro Tegu Dogon
dtu		Oru yille;Tebul Ure;Tebul Ure Dogon
dty		Dotali;Doteli
dua		Diwala;Douala;Dualla;Duálá;Dwala;Dwela;Sawa
dub		Dubala;Dubla;Rathod;Talavia
duc		Yuna;Yunaya haga
due		Aeta;Agta Umiray Dumaget;Dumagat;Dumagat-Bulos;Dumaget;Dumaget-Bulus;Dumagot;Umiray Agta;Umiray Dumaget Agta;Umirey Dumagat
duf		Diubea;Dubea;Dumbea;Naa Drubea;Naa Dubea;Ndumbea;Nraa Drubea;Paita
dug		Duruma
duh		Bhilori;Dongre Bhil;Dungra Bhili;Dungri Bhil
duh		Bhilori;Dongre Bhil;Dungra Bhili;Dungri Bhil
dui		Bai
duk		Abowe;Amito;Amowe;Duduela;Koki;Uyaji;Xuyadzitaya;Yabatia
dul		Agta;Alabat Island Agta;Alabat Island Dumagat;Inagta;Inagta Alabat Agta
dum		
dun		Deah;Dejah
duo		Dupaninan Agta;Dupaningan Agta;East Cagayan Negrito;Eastern Cagayan Agta;Eastern Cagayan Dumagat
dup		Desin Dolak;Desin Duano;Duano’;Orang Kuala;Orang Laut
duq		
dur		Dourou;Durru;Duru;Nyag Dii;Yag Dii;Ya̧g dìì;Zaa
dus		Dumi Bo’o;Dumi Bra;Dumī Rāī;Hopupo Bra;Lsi Rai;Ro’do Bo’;Sotmali
duu		Derung;Dulong;Durung;Kiao;Kiu;Kiupa;Kiutze;Qiu;Qiuzi;Rawang;Taron;Tarong;Thrung;Trone;Trung;Tulung;Tvrung;T’rung
duv		Duvde;Duve;Duvele;Duvre;Wiri
duw		
dux		Du;Duungo;Mali Duun;Samogho;Samogo;Samoro;Western Duun
duy		Dicamay Agta;Dicamay Dumagat
duz	guv	Dui;Duli;Duli-Gewe;Gewe;Gey;Gueve
div		Dhivehi Bas;Divehi;Divehli;Mahl;Maldivian;Mali;Malikh;Malki
div		Dhivehi Bas;Divehi;Divehli;Mahl;Maldivian;Mali;Malikh;Malki
dva		
dwa		Buwane;Diri;Diriya;Diryanci;Diryawa;Sago;Tsagu
dwk		Davik Kui;Dawik Kui
dwr		
dwr		
dws		
dwu		Dual;Duala;Wulamba;Yolngu
dww		Dawana
dwy	duj	Baby Gumatj
dwz		Danuwar Rai;Rai Danuwar
dya		Dan;Dian;Dya;Dyane;Dyanu;Ja̰a̰ne
dyb		Jabirr-Jabirr;Jabirrjabirr
dyd		Djugun;Jugun;Jukun
dyg		Agta;Villa Viciosa Agta
dyi		Djimini;Djimini Senoufo;Dyimini;Jinmiire;Jinmini;Tagbana
dyl		BhSL;Drukgi Lagdai Khakay
dym		Dogon;Yanda;Yanda Dom;Yanda Dom Dogon
dyn		Boorkutti;Burgadi;Dainggati;Dangadi;Dangati;Danggadi;Danggetti;Dhanggati;Dhanggatti;Djan-Gadi;Ghangatty;Tangetti;Thangatti;Thangatty
dyo		Diola;Diola-Fogny;Dyola;Jola;Jola-Fogny;Joola-Fogny;Jóola;Jóola fóoñi;Kujamataak;Kújoola;Kújoolaak Kati Fooñi;Kújoolaak kati Kúfooñaak;Kújoolaay;Yola
dyo		Diola;Diola-Fogny;Dyola;Jola;Jola-Fogny;Joola-Fogny;Jóola;Jóola fóoñi;Kujamataak;Kújoola;Kújoolaak Kati Fooñi;Kújoolaak kati Kúfooñaak;Kújoolaay;Yola
dyr		Kaiwari;Kaiyorawa;Kayaurawa;Kayauri
dyu		Dioula;Dioula Véhiculaire;Diula;Djula;Dyoula;Dyula;Jula Kong;Julakan;Kong Jula;Tagboussikan;Trade Jula
dyu		Dioula;Dioula Véhiculaire;Diula;Djula;Dyoula;Dyula;Jula Kong;Julakan;Kong Jula;Tagboussikan;Trade Jula
dyu		Dioula;Dioula Véhiculaire;Diula;Djula;Dyoula;Dyula;Jula Kong;Julakan;Kong Jula;Tagboussikan;Trade Jula
dyy		Bulum-Bulum;Check-Cull;Chewlie;Djabugai;Dyaabugay;Dyabugay;Hileman;Jaabugay;Kikonjunkulu;Kodgotto;Koko-Tjumbundji;Kokonyungalo;Ngarlkajie;Orlow;Tjabakai-Thandji;Tjabogaijanji;Tjankir;Tjankun;Tjapukai;Tjapunkandji;Tjunbundji
dzo	adp	Bhotia of Bhutan;Bhotia of Dukpa;Bhutanese;Drokpa;Drukha;Drukke;Drukpa;Dukpa;Hloka;Jonkha;Lhoskad;Zongkhar
dzo		Bhotia of Bhutan;Bhotia of Dukpa;Bhutanese;Drokpa;Drukha;Drukke;Drukpa;Dukpa;Hloka;Jonkha;Lhoskad;Zongkhar
dza		Dugusa;Duguza;Itunzu;Tunzu;àTunzû
dzd		Dazawa
dze	djl	Djiwali;Djwarli;Jivali;Jiwali;Jiwarli;Tivali;Tjiwali;Tjiwarli
dzg		Dasa;Daza;Dazza;Gorane;Tebu;Teda-Daza;Toubou;Tubu
dzl		Dzala;Dzalamat;Yangtsebikha
dzn		
eaa		Garanggaba;Karrengappa;Kurengappa
ebc		Bihak
ebg		Oron
ebk		Eastern Bontoc;Eastern Bontok;Southern Bontoc
ebo		Aboo;Bamboma;Boma;Boo;Boõ;Central Teke;Eboo Teke;Eboom;Iboo;Ityɔɔ;Teke, Eboo;Teke-Boma;Teke-Ebo;Téké des Plateaux
ebr		Cama;Caman;Kyama;Tsama;Tyama;Tyaman
ebu		Embo;Embu
ecr		
ecs		LSEC;Lengua de Señas de Ecuador
ecy		
ewe		Ebwe;Efe;Ehwe;Eibe;Eue;Eve;Ewe;Eʋegbe;Gbe;Krepe;Krepi;Popo;Vhe
ewe		Ebwe;Efe;Ehwe;Eibe;Eue;Eve;Ewe;Eʋegbe;Gbe;Krepe;Krepi;Popo;Vhe
ewe		Ebwe;Efe;Ehwe;Eibe;Eue;Eve;Eʋegbe;Gbe;Krepe;Krepi;Popo;Vhe
eee		Ai Hua;E Hwen;E Xwen;Ea;Eahua;Ei;Kjang E
efa		Effiat
efe		
efi		Calabar
ega		Diés;Egwa
egl		Emigliân
egm		Bena Manga;Kibenamanga
ego		Egon;Hill Mada;Mada Dutse;Mada Eggon;Mo Egon;onumu Egon
egy		
egy		
ehs		Ehime Oshima Shuwa;Ehime-Oshima Sign Language;Miyakubo Shuwa
ehu		Ekpenmen;Ekpimi;Epimi
eip		Eipo;Eipomek;T-Valley
eit		
eiv		Eivo;Eiwo
eja		Djola-Felupe;Ediamat;Ejamat;Feloup;Felup;Felupe;Floup;Flup;Fulup
eka		Akajo;Akajuk
ekc		
eke		Eket;Ekid
ekg		Ekagi;Kapauku;Me;Me Mana;Mee Mana;Tapiro
eki		
ekl		Hor;Kol (Bangladesh)
ekm		Belibi;Belip;Central Yambassa;Elip;Kalong;Libie;Nuasúɛ;Nukalonge;Nulíbíe
eko	nte	Akoti;Angoche;Angoje;Angoxe;Coti;Ekoti
eko		Akoti;Angoche;Angoje;Angoxe;Coti;Ekoti
ekp		Ekkpahia;Ekpabya;Ekpaffia
ekr		Ekpari;Iyace;Yache;Yatye
eky		Eastern Kayah;Karenni;Karennyi;Kayah;Kayah Li;Kayay;Kayeh;Red Karen
eky		Eastern Kayah;Karennyi;Kayah;Kayah Li;Kayay;Kayeh;Red Karen
ell		Demotic Greek;Dimotiki;Greacă;Greco;Görög;Hellenic;Hretsʹkyy;Modern Greek;Modern Greek (1453-);Romaic;Standard Modern Greek;Urum;Yunan
ell		Demotic Greek;Dimotiki;Greacă;Greco;Görög;Hellenic;Hretsʹkyy;Modern Greek;Modern Greek (1453-);Romaic;Standard Modern Greek;Urum;Yunan
ell		Demotic Greek;Dimotiki;Greacă;Greco;Görög;Hellenic;Hretsʹkyy;Modern Greek;Modern Greek (1453-);Romaic;Standard Modern Greek;Urum;Yunan
ell		Demotic Greek;Dimotiki;Greacă;Greco;Görög;Hellenic;Hretsʹkyy;Modern Greek;Modern Greek (1453-);Romaic;Standard Modern Greek;Urum;Yunan
ele		Blabla;Samap
elh		El Hagarat;Hill Nubian;Kordofan
eli		Eliri
elk		Olkoi
elm		
elo		Dehes;Elmolo;Fura-Pawa;Ldes
elu		Admiralitäts-inseln;Elle;Ere
elx		
ema	uok	Aoma;Ivbiosakon;Kunibum
emb		Malo;Maloh;Matoh;Mbaloh;Memaloh;Palin;Pari;Sangau;Sanggau
eme		Emereñon;Emerillon;Emerilon;Melejo;Mereo;Mereyo;Teco
emg		Eastern Meohang;Mewahang;Newahang;Newahang Jimi;Newang;Newange Rai
emi		Emira;Emira-Mussau;Musao;Musau-Emira;Mussau
emm		Carrizo de Mamulique
emn		Emane
emp		Atrato;Chocó;Cholo;Dadyi Ẽ́berã Bed̶ea;Darien;Darien Emberá;Darién;Ebera Bedea;Eberã;Eberã Bed’ea;Embena;Embera;Empera;Emperã;Epena;Eperã Pedea;Epérã Pedée;Northern Emberá;Panama Embera;Pede;Pede Epenã;Sambú;Ẽ́berã Bed̶ea;Ẽ́berã Beɗea
emq		Eastern Minyag;Munya;Muya;Shimian Minyag;Shimian Munya;Shimian Muya
ems		Aleut;Alutiit’stun;Chugach Eskimo;Koniag-Chugach;Pacific Gulf Yupik;Pacific Yupik;South Alaska Eskimo;Sugcestun;Sugpiak Eskimo;Sugpiaq;Sugpiaq Eskimo;Sugt’stun;Suk
ems		Aleut;Alutiit’stun;Chugach Eskimo;Koniag-Chugach;Pacific Gulf Yupik;Pacific Yupik;South Alaska Eskimo;Sugcestun;Sugpiak Eskimo;Sugpiaq;Sugpiaq Eskimo;Sugt’stun;Suk
emu		Eastern Muria;Muria Gonḍi
emw		
emx		Basque Caló;Basque Romani;Caló Vasco;Errominchela;Errumantxela;Euskado-romani;Euskado-rromani
emy		
emz		Itangimbesa;Iteanghe-a-Mbessa;Iteangh’a Mbesa;Iteangh’a Mbessa;Mbesa;Mbizenaku
eng		Anglais;Angleščina;Anglisy;Angličtina;Anglų;Angol;Angļu;Engels;Engelsk;Engelska;Engelski;Englaisa;Englanti;Englesch;Engleză;Englisch;Ingilizce;Inglese;Ingliż;Inglés;Inglês;Język angielski;Kiingereza;anglais;inglés
eng		Anglais;Angleščina;Anglisy;Angličtina;Anglų;Angol;Angļu;Engels;Engelsk;Engelska;Engelski;Englaisa;Englanti;Englesch;Engleză;Englisch;Ingilizce;Inglese;Ingliż;Inglés;Inglês;Język angielski;Kiingereza;anglais;inglés
eng		Anglais
eng		Anglais;Angleščina;Anglisy;Angličtina;Anglų;Angol;Angļu;Engels;Engelsk;Engelska;Engelski;Englaisa;Englanti;Englesch;Engleză;Englisch;Ingilizce;Inglese;Ingliż;Inglés;Inglês;Język angielski;Kiingereza;anglais;inglés
eng		
eng		
eng		Anglais;Angleščina;Anglisy;Angličtina;Anglų;Angol;Angļu;Engels;Engelsk;Engelska;Engelski;Englaisa;Englanti;Englesch;Engleză;Englisch;Ingilizce;Inglese;Ingliż;Inglés;Inglês;Język angielski;Kiingereza;anglais;inglés
ena		Apali;Apalɨ;Emerum
enb		Marakuet;Marakwet;Markweta
enc		Ainh;Nung Ven;Nungven
end		Endeh
enf		Bai Enets;Bay Enets;Forest Enets;Pe-Bae;Yenisei Samoyedic
enh		Madu;Somatu;Tundra Enets;Yenisei Samoyedic
enl	leg	Eenlhit;Enlhet Norte;Enlhet-Lengua;Enslet;Enthlit;Lengua;Lengua Norte;Northern Lengua;Powok;Vowak
enm		
yol		
enm		
enn		Egene;Ngene
eno		Engganese
enq		Caga;Eŋa;Tchaga;Tsaga;endakali pii;kanakae pii
enr		Emumu;Imimkal;Kiamerop
enu		Ximoluo
env		Enwa;Enwan (Edo State)
enw		Enwan (Akwa Ibom State);Enwang;Oron
enx		Enxet Sur;Lengua Sur
epo		Lingvo Internacia
epo		Lingvo Internacia
eot		Beti (Côte d'Ivoire);Eotile
epi		Epie-Atissa;Epie–Atịsa
era		Ambuvilluvedar;Villu Vedan;Vilvedan
erg		Eromanga;Eromangan;Erramanga;Erromanga;Erromangan;Erromango;Sye;nam Eromaga
erh		Arokwa;Erakwa;Erohwa
eri		Erima;Nuru;Ogia
erk		Erakor;Fate;Nafsan;South Efate;Southern Efate
ero		Bawang;Bopa;Danba;Daofu;Daofuhua;Dawu;Ergong;Geshitsa;Geshiza;Geshizahua;Hor;Huo’er;Hórsók;Nyagrong-Minyag;Pawang;Rgu;Western Gyarong;Western Jiarong;Xinlong-Muya;rTau;sTau
err		Ari;Ere
ers		Bu’erci;Bu’erzi;Bu’erzi Ersu;Doxu;Duoxu;Erhsu;Lizu;Lusu;T’osu
ers		Bu’erci;Bu’erzi;Bu’erzi Ersu;Doxu;Duoxu;Erhsu;Lizu;Lusu;T’osu
ert		Aliki;Babiruwa;Babrua;Babruwa;Baburiwa;Barua;Editode Edai;Erai;Eri;Eritai;Haya
erw		
spa		Castellano;Castilian;Castillan;Espagnol;Español;Spanska;castellano;español
spa		Castellano;Castilian;Castillan;Espagnol;Español;Spanska;castellano;español
spa		Castellano;Castilian;Castillan;Espagnol;Español;Spanska;castellano;español
ese		Ese Eja;Ese Exa;Eseejja;Ese’eha;Eseꞌejja;Essejja;Guarayo;Huarayo;Tambopata-Guarayo;Tiatinagua
esg		Aheri Gondi;Koyam;Raj Gond
esg		Aheri Gondi;Koyam;Raj Gond
esg		Aheri Gondi;Koyam;Raj Gond
esh		
esi		Eskimo;Ieupiaq;Inuktitut, North Alaskan;Inupiak;Inupiat;Iñupiaq;Iñupiatun;North Alaskan Inuktitut;North Alaskan Inupiaq;North Alaskan Inupiat;North Alaskan Inupiatun;North Alaskan Iñupiaq;Uqabniqput Ieupiatun
esl		ESL;Egypt Sign Language;LIM;Lughat al-Ishaara al-Masriya;Lughat al-‘Ishāra al-Maṣriyya
esm		Essouma
esn		El Salvadoran Sign Language;LESA;LESSA;Lengua de señas salvadoreña;Lengua de señas salvadoreñas
eso		EVK;Eesti viipekeel;Viipekeel
esq		Huelel
ess		Akuzipigestun;Asiatic Yupik;Bering Strait;Bering Strait Yupik;Central Siberian Yupik;Saint Lawrence Island Eskimo;Siberian Yupik;Sivuqaghmiistun;Yoit;Yuit;Yuitsky;Yuk;Yupigestun;Yupik;Yupik, Central Siberian
ess		Akuzipigestun;Asiatic Yupik;Bering Strait;Bering Strait Yupik;Central Siberian Yupik;Saint Lawrence Island Eskimo;Siberian Yupik;Sivuqaghmiistun;Yoit;Yuit;Yuitsky;Yuk;Yupigestun;Yupik;Yupik, Central Siberian
esu		Central Alaskan Yupik;Central Yupik;Central Yup’ik;Kuskokwim Eskimo;Yugtun;Yupik;Yupʼik
esy		Bisayan Declarado;Bisayan Diklaradu;Bisayan-Eskaya;Eskaya’;Ineskaya;Iniskaya;Iskaya’
esy		Bisayan Declarado;Bisayan Diklaradu;Bisayan-Eskaya;Eskaya’;Ineskaya;Iniskaya;Iskaya’
est	ekk	Eesti;Eesti Keel;Eesti Kirjakeel;Estonian, Standard
est		
etb		
etc		
eth		
etn		Eastern Efate;Epwau;Eton (Vanuatu);Feshan
eto		Eton (Cameroon);Iton
etr		Edolo Ado;Etolo;Etoro
ets		Afenmai;Etsakor;Iyekhee;Yekhee
ett		
ett		
etu		Edjagam;Ejagam;Ejaham;Ejwe;Ejághá;Ekoi;Etung;Jagham;Keaka;Kwa;Obang;Éjághám
etx		Aten;Eten;Etien;Ganawuri;Niten;Ten;iTen;ìtên
etz		Etna Bay;Muri;Wesrau
eus		Euskara;Euskera;Vascuence;vasco
eus		Euskara;Euskera;Vascuence;vasco
eud		Dóhmenerít
eve		Eben;Ewen;Ilqan;Lamut;Orich
eve		Eben;Ewen;Ilqan;Lamut;Orich
evh		Effurun;Ephron;Evrie;Uvhria;Uvwie
evn		Avanki;Avankil;Chapogir;Ewenk;Ewenke;Ewenki;Khamnigan;Khamnigan Ewenki;Khamnigan Mongol;Owenke;Solon;Solong;Sulong;Suolun;Tungus;Tungus Ewenki
evn		Avanki;Avankil;Chapogir;Ewenk;Ewenke;Ewenki;Khamnigan;Khamnigan Ewenki;Khamnigan Mongol;Owenke;Solon;Solong;Sulong;Suolun;Tungus;Tungus Ewenki
evn		Avanki;Avankil;Chapogir;Ewenk;Ewenke;Ewenki;Khamnigan;Khamnigan Ewenki;Khamnigan Mongol;Owenke;Solon;Solong;Sulong;Suolun;Tungus;Tungus Ewenki
ewo		Ewundu;Jaunde;Yaounde;Yaunde
ext		Barranquenho;Barranquian;Barranquênhu;Cahtúo;Cahtúö;Ehtremeñu;Extremeño;extremeño
eya		dAxhunhyuuga’
eyo		Elgeyo;Keyo
eza		Eza;Ezza
eze		Ezekwe
fas	pes	Ajamic;Farsi;New Persian;Parsi;Persian, Iranian;West Persian;Western Farsi
fas	pes	Ajamic;Farsi;New Persian;Parsi;Persian, Iranian;West Persian;Western Farsi
faa		Namo Aporo;Namo Me;Namome
fab		Annobonense;Annobonese;Fa d'Ambu;Fa d’Ambô;annobonés
fad		Foran;Furan;Kamba;Mis-Kemba
faf		Faghani
fag		Finongan man;Finungwa;Finungwan
fah		Baissa Fali
fai		
faj		Faita
fak		Benjube Fenga;Fang (Cameroon)
fal		Fali;South Fali
fam		Konga;Kɔŋa
fan		Fang (Equatorial Guinea);Faŋ;Pahouin;Pamue;Pangwe;Paŋwe
fap		Falor;Palar;Palor;Serer;Siili;Siili-Mantine;Siili-Siili;Waro
far		
fau		Sehudate
fax		A Fala;A Fala de Xálima;A Fala do Xãlima;Galaico-Extremaduran;Nosa Fala
fay		Southwestern Fars
faz		
fbl		Bicol;Bikol;Ligaoeño;Oasnun;Oasnün;Polanguinon;West Albay Bikol
fcs		LSQ;Langue Signe Quebecars;Langue des signes;Langue des signes canadiens français;Langue des signes du Québec;Langue des signes québécoise;Québécoise
fer		Feroghe;Ferroge;Kalige;Kaligi;Kalike;Kaliki
ful	fuc	Fula;Fulacunda;Fulado;Fulani;Fulbe Jeeri;Fulfulde Pulaar;Fulfulde-Pulaar;Haalpulaar;Peuhl;Peul;Peulh;Pulaar;Pulaar Fulfulde;Pël
ful		
ful	fuc	Fula;Fulacunda;Fulado;Fulani;Fulbe Jeeri;Fulfulde Pulaar;Fulfulde-Pulaar;Haalpulaar;Peuhl;Peul;Peulh;Pulaar;Pulaar Fulfulde;Pël
ffi		Foiafoia;Foyafoya
ffm		Fulani;Fulbe;Fulfulde;Maasina Fulfulde;Maasinankoore;Macina;Peul;Toucouleur
ffm		Fulani;Fulbe;Fulfulde;Maasina Fulfulde;Maasinankoore;Macina;Peul;Toucouleur
fgr		Gele;Kole
fin		Finska;Finskiy;Suomi
fin		Finska;Finskiy;Suomi
fia		Fadicca;Fadicha;Fadija;Fedicca;Fedija;Fiadidja;Fiadidja-Mahas;Fiyadikkya;Mahas;Mahas-Fiadidja;Mahas-Fiyadikkya;Sukot
fia		Fadicca;Fadicha;Fadija;Fedicca;Fedija;Fiadidja;Fiadidja-Mahas;Fiyadikkya;Mahas;Mahas-Fiadidja;Mahas-Fiyadikkya;Sukot
fia		Fadicca;Fadicha;Fadija;Fedicca;Fedija;Fiadidja;Fiadidja-Mahas;Fiyadikkya;Mahas;Mahas-Fiadidja;Mahas-Fiyadikkya;Sukot
fie		Fer;Fier
fif		Al-fayfiyah;Al-fifiyah;Fifi
fil		Pilipino;Wikang Filipino
fil		Pilipino;Wikang Filipino
fil		Pilipino;Wikang Filipino
fip		Cifipa;Fiba;Ichifipa;Icifipa;Kifipa
fir		Afiran;Faran;Forom;Foron;Fəràn;Fɨràn;Kwakwi;yes Bèfɨràn
fit		North Finnish;Torne Valley Finnish;Tornedalen Finnish;Tornedalsfinska
fiw		Fimaga;Fiwage
fij		Boumaa Fijian;Eastern Fijian;Fiji;Na Vosa Vakaviti;Standard Fijian;Vakaviti;iTaukei
fkk		Karya;Kirya;Kirya-Konzəl;Konzal;myá Kákíryà;myá Kónzə̀l
fkv		Kainu;Kainun kieli;Kveenin;Kveenin kieli;Kven;Kven Finnish;Kvensk;Kvääna;Kvääni;Kväänin kieli;North Finnish
fla		Kalispel-Pend d'Oreille;Nqlispélišcn;Salish;Séliš
flh		Abawiri;Doa;Fuau
fli		Fali;Fali of Mubi;Fali of Muchella;Vimtim;Yimtim
fll		North Fali
fln		Gambilmugu;Mutumui;Walmbaria;Wurima;Yalgawarra
flr		Fulero;Fuliiro;Fuliru;Kifulero;Kifuliiru
fly		Bika;Flaai Taal;Fly Taal;Himbul;Himli;Hova;Iscamtho;Isikhumsha;Lingam;Lingo;Sepantsula;Setsotsi;Shalambombo;Sjita;Taal;Tsotsitaal;Withi
fmp		Bafang;Bamileke-Fe’fe’;Fe'fe';Feefee;Fefe;Fe’efe’e;Fotouni;Fè-fèè;Nufi;fèʼéfěʼè;nùfī
fmu		Far Western Muria;Gaita Koitor;Gondi;Gondi Boli;Koitor Boli;Koitori
fnb		Fanbyak;Orkon
fng		Basic Zulu;Chikabanga;Fanagoloi;Isilololo;Isipiki;Lololo;Piki;Silunguboi
fni		Fagnia;Fana;Fanian;Fanya;Fanyan;Kobe;Mana
fao		Faeroese;Føroyskt
fao		Faeroese;Føroyskt
fao		
fod		Bazantche;Bazentche;Fóodo;Guang
foi		Foe;Mubi River
fom		Fuma;Lifoma;Pseudo-Bambole
fon		Dahomean;Dahomeen;Djedji;Fo;Fogbe;Fon Gbe;Fon-Gbe;Fongbe;Fonnu;Fɔngbè
for		Kamana;Porané
fos		Baksa;Formosan;Sideia;Sideis;Sideisch;Sinccan;Sinckan;Siraia;Siraiya;Sirayaic
fpe		Fernandino;Fernando Po Creole English;Fernando Po Krio;Pichi;Pichinglis;Pidgin;Pidginglis;criollo;pidgin de Guinea Ecuatorial
fqs		Bembi;Fas
fra		Barang;Francese;Francès;Francés;Frans;Frantsay;Französisch;francés;francês;français
fra		Barang;Francese;Francès;Francés;Frans;Frantsay;Französisch;francés;francês;français
fra		Barang;Francese;Francès;Francés;Frans;Frantsay;Französisch;francés;francês;français
frc		Acadian;Cajan;Cajun;Cajun French;Louisiana French;cadien;français cadien;français de la Louisiane;français louisianais;françé la lwizyàn
frd		Larat;Vai Fordata;Vai Sera-Larat-Fordata;Vai Tnebar;Vaidida
frk		
frm		
fro		
frp		Franco-Provençal;Franco-provençal;Francoprovençal;Patois;Romand;arpetan;arpitano;francoprovençal;patouès
frq		Mamgak;Porak
frr		Frasch;Freesch;Freesk;Friisk;Fräisch;Nordfriesisch;Northern Frisian
frs		Eastern Frisian;Oostfreesk;Oostfräisk;Ostfriesisch;Ostfriesisch-Niederdeutsch;Platt;Plattdüütsk
frt		Fortsenal;Kiai;Vara Kiai
fse		FinSL;SVK;Suomalainen viittomakieli;Viittomakieli
fsl		LSF;Langue des signes française
fss		FinSSL;Finlandssvenskt Teckenspråk;SRVK;Suomenruotsalainen Viittomakieli;finlandssvenskt teckenspråk;suomenruotsalainen viittomakieli
fub		Adamawa Fulani;Adamawa Fulfulde;Biira;Boulbe;Domona;Dzemay;Eastern Fulani;Eastern Fulfulde;Fallata;Fellata;Fillanci;Foulfoulde;Ful;Fula;Fula Fulbe;Fulani;Fulata;Fulatanchi;Fulbe;Fulfulde;Mbororo;Nagapelta;Palata;Paldena;Paldida;Pelta Hay;Peul;Peulh;Pladina;Pule;Pullo;Sanyo;Taareyo;Zaakosa;Zemay
fub		Adamawa Fulani;Adamawa Fulfulde;Biira;Boulbe;Domona;Dzemay;Eastern Fulani;Eastern Fulfulde;Fallata;Fellata;Fillanci;Foulfoulde;Ful;Fula;Fula Fulbe;Fulani;Fulata;Fulatanchi;Fulbe;Fulfulde;Mbororo;Nagapelta;Palata;Paldena;Paldida;Pelta Hay;Peul;Peulh;Pladina;Pule;Pullo;Sanyo;Taareyo;Zaakosa;Zemay
fud		East Futuna;East Futunan;Fakafutuna;Futunan;Futunian;Futunien
fue		Benin-Togo Fulfulde;Borgu Fulfulde;Fulani;Fulbe-Borgu;Fulfulde;Fulfulde, Benin-Togo;Peul;Peulh
fue		Benin-Togo Fulfulde;Borgu Fulfulde;Fulani;Fulbe-Borgu;Fulfulde;Fulfulde, Benin-Togo;Peul;Peulh
fuf		Foula Fouta;Fouta Djallon;Fouta Dyalon;Fula;Fulbe;Fulfulde Jalon;Fullo Fuuta;Futa;Futa Fula;Futa Jallon;Fuuta Jalon;Jalon;Poular
fuf		Foula Fouta;Fouta Djallon;Fouta Dyalon;Fula;Fulbe;Fulfulde Jalon;Fullo Fuuta;Futa;Futa Fula;Futa Jallon;Fuuta Jalon;Jalon;Poular
fuf		Foula Fouta;Fouta Djallon;Fouta Dyalon;Fula;Fulbe;Fulfulde Jalon;Fullo Fuuta;Futa;Futa Fula;Futa Jallon;Fuuta Jalon;Jalon;Poular
fuh		Fula;Fulani;Fulbe;Fulfulde;Fulfulde, Burkina Faso;Fulfulde, Gorgal;Gorgal Fulfulde;Northeastern Burkina Faso Fulfulde;Peul;Peulh;Western Niger Fulfulde
fuh		Fula;Fulani;Fulbe;Fulfulde;Fulfulde, Burkina Faso;Fulfulde, Gorgal;Gorgal Fulfulde;Northeastern Burkina Faso Fulfulde;Peul;Peulh;Western Niger Fulfulde
fuh		Fula;Fulani;Fulbe;Fulfulde;Fulfulde, Gorgal;Fulfulde, Western Niger;Gorgal Fulfulde;Northeastern Burkina Faso Fulfulde;Peul;Peulh;Western Niger Fulfulde
fui		Baghirmi Peul;Bagirmi Fula;Bagirmi Fulfulde
fuj		Fungor;Fungur;Kau
fum		
fun		Carnijó;Fornió;Fulniô;Furniô;Yaathe;Yahthe;Yatê;Yatê-Fulniô
fuq		Central-Eastern Niger Fulfulde;Fula;Fulani;Fulbe;Fulfulde;Peul;Peulh
fur		Frioulan;Frioulian;Friulano;Furlan;Marilenghe
fut		Erronan;Fotuna-Anewa;West Futuna-Aniwa;West Futunan
fuu		Bagero;Bagiro;Baguero;Baguiro;Furu
fuv		Fulani;Fulatanci;Fulbe;Fulfulde;Fulfulde, Mbororo;Fulɓe;Hausa States Fulfulde;Nigerian Fulfulde;Peul
fuv		Fulani;Fulatanci;Fulbe;Fulfulde;Fulfulde, Mbororo;Fulɓe;Hausa States Fulfulde;Nigerian Fulfulde;Peul
fuy		Fujuge;Fuyuge;Fuyughe;Mafufu;Mafulu
fvr		Dala;For;Fora;Fordunga;Forok;Forta;Four;Furakang;Furawi;Kadirgi;Kondjara;Konjara;Korra;Kungara;Kurka;Lali;Onage;Poor’íŋ Belé’ŋ;Yerge;bèle fòòr;fòòraŋ bèle
fwa		Fûai;Poai;Yehen;Yengen
fwe		Cìfwè;Mafwe;Sifwe
fry		Fries;Frysk;Western Frisian;Westlauwers Fries
gle		Erse;Gaeilge;Gaelic;Gaelic Irish;Irish Gaelic;Ulster
gle		Erse;Gaeilge;Gaelic;Gaelic Irish;Irish Gaelic;Ulster
gle		Erse;Gaeilge;Gaelic;Gaelic Irish;Irish Gaelic;Ulster
gle		Erse;Gaeilge;Gaelic;Gaelic Irish;Irish Gaelic;Ulster
gaa		Accra;Acra;Amina;Gain;Gamei
gaa		Accra;Acra;Amina;Gain;Gamei
gaa		Accra;Acra;Amina;Gain;Gamei
gaa		Accra;Acra;Amina;Gain;Gamei
gab		Gabere;Gaberi;Gabri Darbé-Dormon;Gabri Maja;Maja;Ngabre;Southern Gabri
gac		Andamese;Jeru;Mixed Great Andamanese
gac		Andamese;Jeru;Mixed Great Andamanese
gad		Cagayan;Gadang
gae		Arequena;Baniva de Maroa;Guarekena;Uarequena;Uerequema;Urequema;Warekena;Werekena;Werikena
gaf		Bundi;Gedeka;Gendeka;Gene
gag		Gagauz dili;Gagauzi;Gagauzça
gag		Gagauz dili;Gagauzi;Gagauzça
gag		Gagauz dili;Gagauzi;Gagauzça
gah		Gafuku;Gahuku;Gahuku-Asaro;Gahuku-Gama;Gahukuq
gai		Bore;Borei;Gamai;Gamei;Mborei;Mborena Kam
gaj		Gadzub;Kasufu wayani
gak		
gal	ime	Galole;Galolem;Galoleng;Galoli;Galolin;Iliwaki;Ilmedu;Ilwaki;Lir Talo
gam		Narake
gan		Gan Chinese;Jiangxi;Jiangxi hua;Jiangxinese;Kan;Xi
gan		Gan Chinese;Jiangxi;Jiangxi hua;Jiangxinese;Kan;Xi
gan		Gan Chinese;Jiangxi;Jiangxi hua;Jiangxinese;Kan;Xi
gao		Gaj;Ganj
gap		Baimak;Weim
gaq		Didayi;Didei;Dire;Gata';Gataq;Getaq;Geta’;Gta Asa;Gta’
gar		Garea
gas		Adiwasi Garasia;Adiwasi Girasia;Adiwasi Gujarati;Garasia;Girasia
gat		Ganati;Kenathi;Kenati
gau		Gadaba;Gol Gadaba;Kondekar;Kondko;Konekor Gadaba;Mudhili Gadaba
gaw		Butelkud-Guntabak;Garuh;Halopa;Nobanob;Nobnob;Nupanob
gax		Afaani Borana;Booran;Boraan;Boraana;Boran;Borana-Arsi-Guji Oromo;Oromo
gax		Afaani Borana;Booran;Boraan;Boraana;Boran;Borana-Arsi-Guji Oromo;Oromo
gax		Oromo, Borana-Arsi-Guji - Borana
gax		Oromo, Borana-Arsi-Guji - Guji
gay		Gajo;Gayonese
gba	gya	Baya;Gbaya;Gbaya Nord-Ouest;Gbaya, Northwest;Northwest Gbaya;Nú Gbáyá
gba		
gbb		Gaididj;Kaiditj;Kaititj;Kaytej
gbd		Garadjari;Garadjiri;Garadyari;Gard’are;Guradjara;Karadjeri;Karrajarri
gbe		Meiyari;Sumwari
gbf		Gaikunti
gbg		Banziri;Gbandere;Gbanzili
gbh		Defi Gbe;Défi
gbi		Galelaka
gbj		Bodo Gadaba;Boi Gadaba;Gadba;Gadwa;Godwa;Gudwa;Gutab;Gutob;Gutob-Gadaba;Gutop
gbk		Bharmauri Bhadi;Gaddyali;Gadi;Gadiali;Pahari Bharmauri;Panchi Brahmauri Rajput
gbk		Bharmauri Bhadi;Gaddyali;Gadi;Gadiali;Pahari Bharmauri;Panchi Brahmauri Rajput
gbl		Gamati;Gameti;Gamith;Gamta;Gamti;Gavit
gbl		Gamati;Gameti;Gamith;Gamta;Gamti;Gavit
gbm		Gadhavali;Gadhawala;Gadwahi;Gashwali;Girwali;Godauli;Gorwali;Gurvali;Pahari Garhwali
gbn		Gbara;Gberi;Gweri;Mo'da;Muda
gbp		Gbaya;Gbaya de Bosangoa;Gbaya of Borro;Gbaya of Bossangoa;Gbaya-Borro;Gbea;Gbeya;Gbäyä Bossangoa;Gbɛa;Gbɛya;Gbɛ́yá
gbq		Bozom;Gbaya de Bozoum;Ɓòzôm
gbr		East Gwari;Gbagye;Gwari;Gwari Matai;Ibagyi
gbs		Gbesi Gbe
gbu		Abdedal;Abiddul;Gaagudju;Gagadju;Gagudju;Kakadu;Kakakta;Kakdju;Kakdjuan
gbv		Banu;Gbanou
gbw		Cabee;Carby;Carby-carbery;Dhapil;Dhipil;Dippil;Dipple;Doon-dooburra;Doondoora;Dowarburra;Dundubara;Dunduura;Gabi;Gabigabi;Gubbi Gubbi;Kabbi;Kabi;Kabi Kabi;Kabikabi;Kahby;Karabi;Karbi;Maiba
gbx		Eastern Xwla Gbe;Houla;Kpla;Offra;Ophra;Phla;Pla;Popo;Xwla
gby		Gbari Yamma;Gwari Yamma;Nkwa;West Gwari
gbz		Dari;Zoroastrian Dari
gcc		Baining;Gaktai;Mali-Baining;Neu-Pommern
gcd		Engarilla;Eugoola;Ganggalita;Iukala;Jakula;Jogula;Jokal;Jokala;Jokul;Jokula;Jugul;Jugula;Jugulda;Jungulda;Kanggaleida;Kangkalita;Mainland Tangkic;Southern Tangkic;Yangarella;Yokula;Yookala;Yugulda;Yukala;Yukula;Yukulta;Yukulta-Nguburindi
gce		
gcf		Guadeloupean Creole;Guadeloupean Creole French;Kreyol;Patois;Patwa;Saint Barthélemy French Creole
gcl		Grenadian Creole English
gcn		
gcr		French Guianese French Creole;Guianese Creole French;Guyanais;Guyane;Guyane Creole;Patois;Patwa
gct		Alemán Coloniero;Colonia Tovar German;Patois
gla		Erse;Gaelic;Gàidhlig;Gàidhlig Albannach;Gàidhlig na h-Alba;Scots Gaelic
gla		Erse;Gaelic;Gàidhlig;Gàidhlig Albannach;Gàidhlig na h-Alba;Scots Gaelic
gla		Erse;Gaelic;Gàidhlig;Gàidhlig Albannach;Gàidhlig na h-Alba;Scots Gaelic
gda		Bagri Lohar;Belani;Bhubaliya Lohar;Chitodi Lohar;Chittoriya Lohar;Dhunkuria;Domba;Dombiali;Gade Lohar;Gadia Lohar;Gaduliya Lohar;Gara;Kanwar Khati;Lohari;Lohpitta;Panchal Lohar;Rajput Lohar
gdb		Allar;Gadaba;Gadba;Hallari;Hollar Gadbas;Konekor;Konekor Gadaba;Mundli;Ollar Gadaba;Ollari;Ollaro;Pottangi Ollar Gadaba;San Gadaba;Sano
gdb		Allar;Gadaba;Gadba;Hallari;Hollar Gadbas;Konekor;Konekor Gadaba;Mundli;Ollar Gadaba;Ollari;Ollaro;Pottangi Ollar Gadaba;San Gadaba;Sano
gdc		Gugu-Badhun;Koko Padun;Koko Patun;Koko-Patun;Kokopatun;Patun
gdd		Bel;Graged;Mitebog;Ragetta;Rio;Sek;Siar;Siar-Ragetta;Szeak-Bagili;Tiara
gde		Cheke;Goude;Goudé;Guɗe;Mapodi;Mapuda;Mocigin;Motchekin;Mubi;Mudaye;Shede;Tchade;Tcheke;guɗe
gdf		Afkabiye;Gudupe
gdg		Baliwon;Ga'dang;Gaddang;Ginabwal;Karakkad
gdh		Gadjerong;Gadjerrong;Gadyerong;Gajerrong;Gajirrabeng;Gajirrawoong;Kadjerawang;Kadjeroen;Kadjerong;Kadpjeroen;Kajirrawong;Kajirrawung
gdi		Ngondi;Ngundi
gdj	kvs	Goom-Gharra;Gunggara;Kunggara;Kunggera;Kurtjar
gdk		
gdl		
gdl		
gdm		Gori
gdn		Gvede;Gweda;Gwede;Gwedena;Umanikaina
gdo		Godoberi;Godoberin;Qibdili mitstsi
gdq		Mahri
gdr		Jibu;Oriomo
gds		
gdt		Gungadidji;Gungadudji;Gunganndji;Kunatatchee;Kungaditji;Kungadutji;Kungarditchi;Kungatutji;Kungatutyi;Kungkatutyi
gdu		Gudo;Gutu
gdx		
gea		Geerum;Gerema;Germa;Gyeermu
geb		Gire;Giri;Kire-Puire
gec		Gblou Grebo;Gboloo;Gboloo Grebo
ged		Gede
gef		Gema;Gorai;Temiang
geg		Momu;Wegele;Yagele
geh		Carinthian German;German, Hutterite;Hutterian German;Hutterite German;Tirolean;Tyrolese
gei		Gebi;Minyafuin
gej		Ge;Gebe;Gegbe;Gen-Gbe;Guin;Gɛgbe;Gɛn Gbe;Gɛ̃gbe;Mina;Mina-Gen;Popo
gek		Garkawa;Gerka;Gerkanchi;Gerkawa;Gurka;Yioum;Yiwom
gel		Fakai;Fakanchi;Fakanci;Fakkanci;Gelanchi;ut-Ma'in
geq		Gueme;Jeme;Ngba Geme
ges		Gesa;Geser;Goram;Goran;Gorom;Gorong;Seram;Seran;Seran Laut
gev		Evia;Gevia;Geviya;Ivéa
gew		Fyandigere;Fyandigeri;Geranci;Gerawa;Gere;Rawam
gex		Af-Garre;Garreh;Gurreh;Karre
gey		Ena;Genya;Tsheenya
gez		
gfk		Gelik;Pala;Patpari
gfk		Gelik;Pala;Patpari;Patpatar - Hinsaal
gfk		Gelik;Pala;Patpari;Patpatar - Sokarek
gft		
gga		Nggao
ggb		Gbee;Gbi-Dowlu
ggd		Kukatj
gge		Gorogone;Gun-Guragone;Gunagoragone;Gungorogone;Guragone;Gurrogone;Gutjertabia
ggg		Marwari Ghera
ggk		Gunerakan;Gungaragan;Gungaragany;Gungarakanj;Gungarakayn;Kangarraga;Kungarakan
ggl		
ggt		Gitoa;Kelana
ggu		Gagou;Gagu;Kago;Sodua
ggw		Gogodara
gha		Berbère;Ghadames;Ghadāmis
gha		Berbère;Ghadames;Ghadāmis
gha		Berbère;Ghadames;Ghadāmis
ghc		
ghe		Galle Gurung;Lila;Lila Ke;Ril-Lila;Southern Ghale
ghh		Lila;Northern Ghale;Ril-Lila
ghk		Gaikho;Gekho;Geko Karen;Gek’o;Ghekhol;Ghekhu;Gheko;Kakhau;Kayan;Kayan Kakhau;Kekaungdu;Kekhong;Keku;Yathu Gekho
ghl		Gulfan;Uncu;Uncunwee;Wunci;Wuncimbe
ghn		Ganoga;Ganongga;Kubokota;Kumbokota
gho		Shilha;Taghumarit;Tamazight
gho		Shilha;Taghumarit;Tamazight
gho		Shilha;Taghumarit;Tamazight
ghr		Bara;Sindhi Ghera
ghs		Guhu-Samane noo;Muri;Tahari
ght		Bhotte;Kutang;Kutang Ghale
gia		Gidja;Kidja;Kitja
gib		Gembanawa;Gimbanawa;Jega
gic		
gid		Baynawa;Gidder;Guidar;Guider;Kada;Kaɗa;ma Kaɗa
gie		Gaɓogbo
gig		
gih		Gidabal;Gidabul;Gidhabal;Gidjoobal;Kidabal;Kidjabal;Kita-bool;Kitabool;Kitapul;Kitta-bool;Kittabool;Kuttibul;Noowidal
gii		
gil		Gilbertese;I-Kiribati;Ikiribati;Kiribatese
gim		Gimi (Eastern Highlands);Labogai
gin		Ginukh;Ginukhtsy;Ginux;Hinuq;Hinux
gip		Gimi (West New Britain);Loko
giq		Cape Draping Gelao;Green Gelao;Hagei;Hagei Gelao;Hakei;Hakhi;Hoki Gelao;Klau;Qau
gir		Red Gelao;Vandu Gelao;Voa Dê
gis		Dogba;Gisiga;Gisika;Giziga de;Guiziga;Maroua;Marva;Mi Marva;North Giziga;Tchere
git		Giklsan;Gitksan;Gitsenimx;Gitxsen;Gityskyan;Hazelton;Nass-Gitksan
giu		Ayo;Gelao;Longli;Longli Mulao
giw		Bai Gelo;Gelao, White;Southwestern Gelao;Telue;Tú Du;White Gelao
gix		
giy		
giz		Gisiga;Gisika;Guiziga;Marva;South Giziga
gjk		Bajania;Kachi;Kachi Gujarati;Kachi Koli;Katchi;Kohli;Kolhi;Koli;Kori;Kuchi;Kuchikoli;Vagari;Vagaria;Vaghri
gjk		Bajania;Kachi;Kachi Gujarati;Kachi Koli;Katchi;Kohli;Kolhi;Koli;Kori;Kuchi;Kuchikoli;Vagari;Vagaria;Vaghri
gjm		Dhauhurtwurru;Dhauwurd Wurrung;Gournditch-mara;Gundidj;Gurnditschmara;Kirurndit;Kuunditjmara;Kuurn Kopan Noot;Kuurn-kopan-noot;Ngutuk;Nil-can-cone-deets;Tourahonong;Warrnambool;Weeritch-Weeritch
gjn		Guang;Ngbanya;Ngbanyito;Ŋgbanyɛto
gjn		Guang;Ngbanya;Ngbanyito;Ŋgbanyɛto
gjr		Gurindji;Gurindji Children’s Language;Gurinji;Gurinji Kriol;Miksimap
gju		Gogri;Gojari;Gujar;Gujari;Gujer;Gujjari;Gujuri;Gujuri Rajasthani;Gurjar;Hindki;Kashmir Gujuri;Parimu;Rajasthani Gujuri
gju		Gogri;Gojari;Gojri;Gujar;Gujer;Gujjari;Gujuri;Gujuri Rajasthani;Gurjar;Hindki;Kashmir Gujuri;Parimu;Rajasthani Gujuri
gka		Guiarak;Guyarak
gkd		Magɨ (Madang Province)
gke		Galke;Pormi
gkn		
gko		Gog Nar;Goondarra;Gugu Nar;Gugu Nhang;Gundara;Kok Nar;Kok Narr;Kok Nhang;Kok-Narr;Kokatabul;Kokawan-gar;Koknar;Koko-Nar;Koko-Nari;Koko-Nhang;Koko-daua;Kokodaue;Kokowanggara;Kuantari;Kuk-Narr;Kundar;Kundara;Kuuk-Nhang;Kwanthar;Oikand;Wangara;Wanggara
gkp		Akpese;Gbese;Gerse;Gerze;Guerzé;Guinea Kpelle;Kpele;Kpelese;Kpelesetina;Kperese;Kpese;Kpwessi;Kpɛlɛwoo;Northern Kpele;Pessa;Pessy
gku		Vaal–Orange;ǁKxau;ǂUngkue
glg		Galego;Gallego;galego;gallego
glg		Galego;Gallego;galego;gallego
glb		Balning;Belnəng
glc		Bon;Bon Goula;Bun;Gula Guera;Poun;Taataal;Êêni
gld		Gold;Goldi;Heche;Hezhe;Hezhen;Juchen;Nanaj;Nanay;Sushen
glh		Northwest Pashai;Northwest Pashayi;Pashai
glj		Goula Iro;Goula d’Iro;Kulaal;Moriil
glk		Gelaki;Gilani;Guilaki;Guilani
glk		Gelaki;Gilani;Guilaki;Guilani
gll		Galali;Kalali;Kalil;Kullali;Kullalli;Kullally;Kullilla;Kullilli;Ngura
glo		Galambanchi;Galambawa;Galambe;Galambu;Galembi
glr		
glu		Bayo;Goula;Gula (Chad);Sara Goula;Sara Gula
glw		Galavda;Galvaxdaxa;Gelebda;Gelvaxdaxa;Glanda;Guelebda;Vale;Wakura
gly		Anej;Fecakomodiyo;Hamej
gma		Gamberre;Gambre;Gamgre;Guwan;Kambera
gmb		Gula'alaa;Kwai;Ngongosila
gmd		Lee Mághdì;Tala;Widala
gmg		Magɨyi
gmh		
gml		
gmm		Mbodomo;Mbódɔ̀mɔ̀
gmn		Gimbe;Kadam;Koma Kadam;Komlama;Laame;Yotubo
gmr		Mirniny
gmu		
gmv		
gmv		
gmx		Kimagoma
gmy		
gmz		Mgbo;Ngbo
grn	gug	Avanye’e;Avañee;Avañe’ẽ;Guaraní;Guaraní paraguaio;Guaraní, Correntino;Guaraní, Paraguayan;Paraguayan Guaraní;Taragui Ñe’ẽ
grn		
gna		Gan;Gane;Gã;Kaan;Kaanse;Kan;Ka̰a̰sa;Kãasa;Kã́asa
gnb		Gante
gnc		Insular Tamazight;Ínsuloamaziq
gnd		
gne		Gashish
gng		Dye;Gamgan;Gando;Gangam;Gangum;Migangam;Miganganm;Mijiem;Nbangam;Ngangan
gnh		
gni		Goonien;Gunan;Gunian;Guniandi;Guniyan;Guniyandi;Guniyn;Konajan;Konean;Konejandi;Koneyandi;Kunan;Kunian;Kuniandu;Kuniyan;Wadeawulu
gnj		Gan;Ngain;Ngan;Ngin;Nguin;Ngɛn
gnk		/Gui;Dxana;Gxana;Gxanna;Gǁana;Gǁana-Khwe;Kanakhoe
gnl		Cangoolootha;Ka-ngool-lo;Kaangooloo;Kangalo;Kangulu;Kanolu;Khang;Khangalu;Kongal;Kongul;Konguli
gnm		Dime
gnn		Gomadj;Gumait;Gumaj
gnq		Ganaq;Gana’;Ganna;Keningau Dusun;Minansut
gnr		Curang-gurang;Curanggurang;Daribalang;Ginginburra;Goorang-goorang;Gooranggorang;Gooreng Gooreng;Goreng Goreng;Goreng-Goreng;Gurang;Gurang Gurang;Gurang-Gurang;Guranggurang;Gureng-Gureng;Gurreng Gurreng;Kooranga;Koreng-koreng;Korenggoreng;Korrengkorreng;Kurranga;Taribelang;Taribeleng;Tarribelung;Tulua;Wokka;Yawaim
gnt		Guntai;Kan;Thuntai;Warta Thuntai;Wartha
gnu		
gnw		Guaraní;Simba;Simba Guaraní;Western Bolivian Guaraní
gnz		
goa		Baba;Dalo;Dipa;Golo;Gouro;Ku;Kweni;Kwéndré;Lo
gob		Guahibo Playero;Pepojivi;Rio Arauca Guahibo
goc		
god		-gwödyéwale;Betɩgwʋʋ;Dadjriwalé;Godye;‑Gwëjewälɩ
goe		Gongdubikha
gof		
gof		
gog		Chigogo;Cigogo;Kigogo;Wagogo
goh		
goi		Gobasi;Nomad
goj		
gok		Nand
gol		Gula
gom		Goan;Goan Konkani;Goanese Konkani;Gomataki;Konkani;Konknni;Southern Kanara
gom		Goan;Goan Konkani;Goanese Konkani;Gomataki;Konkani;Konknni;Southern Kanara
gom		Goan;Goan Konkani;Goanese Konkani;Gomataki;Konkani;Konknni;Southern Kanara
gon		
gon	gno	Gaudi;Ghond;Godi;Gondi, Northern;Gondiva;Gondu;Gondwadi;Goondile;Goudi;Goudwal
gon		
gon	gno	Gaudi;Ghond;Godi;Gondi, Northern;Gondiva;Gondu;Gondwadi;Goondile;Goudi;Goudwal
goo		Fidji-Inseln;Gonedau
gop		Goni;Umar;Umari
goq		
gor		Gorongtalo;Guarantala;Gunongtello;Holontalo;Hulondalo;Hulontalo;Hulonthalo
gos		Groningen;Grunnegs;Grunnings;Grönnegs
got		
gou		Gauar;Gawar;Gaware;Gouwar;Kortchi;Ma Gavar;Rtchi
gov		Goh;Guse;Guu;Gụ̏ụ̏
gow		Fiome;Fiomi;Goroa;Gorowa;Mbulu;Ufiomi
gox		Gabou;Gabu;Gubu;Ngobo;Ngobu
goy		
goz		Gozärkhon
gpa		
gpe		Broken;Kroo Brofo;Kru English;Pidgin;Pidgin English
gpn		Gapun;Taiap
gqa		Ga'anda;Ganda;Ga’ana;Ga’andu;Kaandata;Kaandecha;Makwar;Mokar
gqi		Guichong;Guiqiang;Yutong
gqn		Chana;Chuala;East Paraná;Equinao;Equiniquinao;Guana (Brazil);Guaná;Kinihinao;Kinikinao;Kinikinau
gqr		Bodo
gqu	gio	Aqao;Aqaw;Chilao;Gao;Gao Gelao;Gelo;Ilao;Keh-lao;Kehlao;Kelao;Keleo;Khi;Klo
gra		Dhungri Garasia;Dungari Garasia;Dungri Grasia;Girasia;Grasia;Nyar;Rajput Garasia
gra		Dhungri Garasia;Dungari Garasia;Dungri Grasia;Girasia;Grasia;Nyar;Rajput Garasia
grb	gbo	Grebo, Northern;Klépo
grc		Ancient Greek (to 1453)
grc		
grc		Ancient Greek (to 1453)
grd		Gurdun;Gurdung;Guruntum
grg		
grh		Gbiri-Niragu;Gure-Kahugu;Tugbiri
gri		Gari;Sughu;Sugu;Tangarare;West Guadalcanal
grj		Southern Grebo
grm		
gro		Gromo;Tromawa;Tromowa
grq		Gorova;Yerani
grr		Sud Oranais-Gourara;Zenatiyya
grr		Sud Oranais-Gourara;Zenatiyya
grs		Geresi;Glesi;Gresik;Klesi
grt		Garrow;Mande;Mandi
grt		Garrow;Mande;Mandi
grt		Garrow;Mande;Mandi
gru		
gru		
grv		Central Grebo
grw		Garuwahi
grx		Guriaso
gry		Barclayville Grebo;Wedebo Grebo
grz		
gse		GSL
gsg		DGS;Deutsche Gebärdensprache
gsl		Gusiilaay;Gusiilay;Gusilaay;Kusiilaay;Kusilay
gsm		GSM;LENSEGUA;Lensegua
gsn		Gusan
gso		Gbaya;Gbaya Sud-Ouest;Nu Gbaya;Southwest Gbaya
gsp		Biapim;Gusap;Horokoi;Yankowan
gss		ENG;Elleniké Noematiké Glossa;GSL
gsw		Alemanic;Alemannic;Alemannic Alsatian;Alemannisch;Alsacien;Alsatian;Elsaessisch;Schweizerdeutsch;Schwiizerdütsch;Schwiizertüütsch;Schwizerdütsch;Schwizertitsch;Schwizertitsch Mundart;Schwytzertuetsch;Schwyzerdütsch;Schwyzerdütschi Sprooch;Swiss German;Upper Alemannic
gta		
gtu	ggr	Aghu Tharnggala;Aghu Tharnggalai;Aghu Tharnggalu
guj	prp	Gujerathi;Gujerati;Gujrathi
guj		Gujerathi;Gujerati;Gujrathi
guj		Gujerathi;Gujerati;Gujrathi
gua		Guba;Gubawa;Gubi;Mashiki
gub		Guazazzara;Tenetehar;Tenetehára;Zeʼegete
guc		Goajiro;Guajira;Guajiro;Uáira;Wahiro;Waiu;Wayu;Wayuunaiki;Wayuunaiqui;Wayúu
gud		Dida de Yocoboué;Dída;Yocoboué Dida
gue		Gurinji;Wurlayi
guf		Gobabingo;Gubabwingu
guh		Goahibo;Goahiva;Guaigua;Guajibo;Guayba;Hivi;Hiwi;Jive;Jivi;Jivijume;Jiwi;Jiwijume;Sikwani;Wahibo;Wahivo
gui		Eastern Bolivian Guaraní;Guaraní;Guaraní Occidental;Guaraní, Western Argentine;Guarayo;Guasurango;Western Argentine Guaraní;Ñandeva
guk		Deguba;Kadallu
guk		Deguba;Kadallu
gul		Geechee;Gullah;Sea Island Creole English
gum		Coconuco;Guambia;Guambiano;Guanaca;Moguex;Nam Trik;Namdrik
gun		Bugre;Eastern Argentina Guaraní;Ka’yngua;Mbiá;Mbua;Mbya;Mbya-apytere;Mbyá;Mbyá Guaraní;Nhandeayvu
guo		Cunimía;Jiw;Jiwjame;Mítua;Mítus
gup		Bininj Gun-Wok;Bininj Gunwok;Bininj Kunwok;Gunawitji;Gunwinjgu;Gunwinygu;Kuninjku;Kunwinjku;Kunwinjkuan;Kunwok
guq		Axé
gur		Frafra;Fãrfãre;Gurene;Gurenne;Gurenɛ;Gurne;Gurune;Gãrfãrɛ;Gʋrnɛ Ninkãrɛ;Nankam;Nankana;Nankani;Ninkare;Ninkarsé;Ninkãrɛ
gus		
gut		Guatuso;Malécu lhaíca
guu		Guaharibo;Guaica;Guajaribo;Ianomami;Shaathari;Shamatari;Shamatri;Xamatari;Yanoama;Yanoamae;Yanoamï;Yanomae;Yanomam;Yanomame;Yanomami;Yanomamï;Yanomamɨ
guw		Egun;Goun;Gu;Gugbe;Gun-Alada;Gun-Gbe;Gungbe;Seto-Gbe
gux		Goulimancema;Goulmacema;Goulmancema;Gourma;Gourmantche;Gulimancema;Gulimanchema;Gulma;Gulmancema;Gurma;Migulimancema;gùlmàncéma
guz		Gusii;Guzii;Kisii;Kosova
glv		Gaelg;Gailck;Manx Gaelic
glv		Gaelg;Gailck;Manx Gaelic
gva		Cashquiha;Guana (Paraguay);Kaskihá;Vana
gvc		Anana;Cotiria;Guanano;Kootiria;Kotiria;Kótedia;Kótirya;Uanana;Uanano;Wanana;Wanana-Pirá;Wanâna
gve		Guwet;Guwot;Waing
gvf		Golin ka;Gollum;Gumine
gvj		Avá;Awá;Awá Guajá;Ayaya;Guaxare;Wazaizara
gvl		Goulai;Goulaye;Goulei;Gouley;Gulai;Gulei;Guley
gvm		
gvn		Gugu Yalandyi;Gugu Yalanji;Guguyalanji;Koko-Yalanji;Kuku-Yalangi
gvo		Digüt;Gavião - RO;Gavião Do Jiparaná;Gavião do Rondônia;Ikolen;Ikólóéhj;Ikõleey;Ikõlej;Ikõro
gvp		Gavião Perkatêjê;Gavião do Mãe Maria;Gavião do Pará;Parakatêjê;Parkatêjê;Pará Gavião;Perkatêjê;Pukobjê
gvr	ggn	Daduwa;Gurung Kura;Tamu Kyi;Western Gurung
gvr		Daduwa;Gurung Kura;Tamu Kyi;Western Gurung
gvr	ggn	Gurung Kura;Tamu Kyi;Western Gurung
gvs		Domdom;Gumasi;Gumasila
gvy		Cooyiannie;Gujani;Kijani;Koonarie;Kooteeuna;Kooteeunna;Kooyeeunna;Kooyiannie;Kujani;Kuyani;Kuyanni;Kwiana;Kwiani;Nganitjidi;Ngannityiddi;Owinia
gwa		Goaa;Gwa;Mbato;Mbatto;Mgbato;M’bato;N-Batto;Nglwa;Ogwia;Potu
gwb		
gwc		Bashgharik;Bashkarik;Baskarik;Dir Kohistani;Diri;Dirwali;Gaawro;Garwa;Garwi;Gowri;Kalam Kohistani;Kalami;Kohistana;Kohistani
gwd		
gwe		Ghonu;Kighonu;Kigweno
gwf		Gabari;Gabaro;Gaber Khel
gwg		Gomu;Gwom;Gwomo;Gwomu;Ngwaa Móò;Yáá Mòò
gwi		Dinjii Zhuh Ginjik;Dinjii Zhuh K’yaa;Dinjii Zhuꞌ Ginjik;Dinju Zhuh K’yuu;Gwichʼin;Kutchin;Loucheux;Takudh;Tukkuthkutchin;Tukudh
gwj		Dcui;G!wikwe;Gcwi;Gǀwi;Gǀwikhwe;ǀGui
gwm		Angudimi;Angutimi;Mamangidigh;Mamangiti;Mbadjana
gwn		Kwandara
gwr		Bagwere;Lugwere;oLugwere
gwt		Arandui;Gawar;Gawarbati;Gowar-Bati;Gowari;Narisati;Narsati;Satre
gwu		Guamu;Kaombal;Koambal;Koamu;Kooma;Kuam;Kuamu;Oamu
gww		Cuini;Goonan;Gunin;Gwiini;Gwini;Kunan;Wunambal
gwx		Anum-Boso;Guan;Gwa
gxx		Central Guéré;Gere;Guéré;Wèè
gyb		Ate;Em;Kurupi
gyd		Gajadilt;Gajardild;Gayadilt;Gayardild;Gayardilt;Kaiadilt;Malununda
gye		Agyem;Gema;Gemawa;Gyam;Gyemawa
gyf		Khungabula;Kongabula;Kungabula;Ongabula
gyg		Kpasiya
gyi		Babinga;Bagiele;Bagyele;Bagyeli;Bajele;Bajeli;Bako;Bakola;Bakuele;Bekoe;Bogyel;Bogyeli;Bondjiel;Giele;Gieli;Gyele;Likoya
gyl		
gyl		
gym		Chiriqui;Guaymí;Ngobere;Ngäbe;Nove;Valiente
gyn		Creolese;Gaiyniiz;Guyanese;Guyanese Creole English;Guyanese English Creole;Kriiyliiz;Kriiyoliiz
gyo		
gyr		Chapacura;Guapore;Gwarayu;Huachi;Iten;Maré;Tapacura;Ñañañe
gyy		Kunja;Kurnja
gyz	gji	Bagba;Gaejawa;Gejawa;Geji;Gezawa;Ka̱ biGyazi
gza		Ganzo;Gwami;Koma;Koma-Ganza
gzi		
gzn		Gani;Giman
hau		Abakwariga;Haoussa;Harshen Hausa;Hausawa;Haussa;Hawsa;Mgbakpa
hau		Abakwariga;Haoussa;Harshen Hausa;Hausawa;Haussa;Hawsa;Mgbakpa
hau		Haoussa;Harshen Hausa;Hausawa;Haussa
hau		Abakwariga;Haoussa;Harshen Hausa;Hausawa;Haussa;Hawsa;Mgbakpa
hau		Haoussa;Hawsa
hau		Haoussa;Harshen Hausa;Hausawa;Haussa
hau		
hau		Abakwariga;Haoussa;Harshen Hausa;Hausawa;Mgbakpa
haa		Dawson;Han;Han-Kutchin;Häł Gołan;Moosehide;Tr’ondëk Hwëch’in
hab		HNSL;Ha Noi Sign Language;NNKHHN;Northern Vietnamese Sign Language;Vietnamese Sign Language
hac		Avromani;Awroman;Awromani;Gorani;Hawramani;Hawrami;Hewrami;Hourami;Howrami;Macho;Macho-Zwani;Ourami
had		Atam;Borai;Hattam;Mansim
hae		Eastern Oromo
haf		HPSL;Hai Phong Sign Language;NNKHHP;Vietnamese Sign Language
hag		Anga;Haŋa;Haŋatiri
hah		Bantsia;Hanon;Rautsuiiri
hai	hdn	Haida, Northern;Masset;Xaad Kil;Xaat Kíl;X̱aad Kíl;X̱aat Kíl
haj		Haijong;Hajang;Hajong Bhasa;Hazong
haj		Haijong;Hajang;Hajong Bhasa;Hazong
hak		Hakka Chinese;Hokka;Ke;Kechia;Kehia;Kejia;Kejiahua;Kek;Khek;Majiahua;Ngái;Người Ngái;Tu Guangdonghua;Xinminhua
hak		Hakka Chinese;Hokka;Ke;Kechia;Kehia;Kejia;Kejiahua;Kek;Khek;Majiahua;Ngái;Người Ngái;Tu Guangdonghua;Xinminhua
hak		Hakka Chinese;Hokka;Ke;Kechia;Kehia;Kejia;Kejiahua;Kek;Khek;Majiahua;Ngái;Người Ngái;Tu Guangdonghua;Xinminhua
hal		Koyong;Salang
ham		Sisimin;Taduaguay;Yoliapi
han		Igihangaza;Kihangaza
hao		Haku
hap		Soba
haq		Giha;Igiha;Ikiha;Kiha;Ruha;Ruhaa
har		
har		
har		
has		Haishilla;Northern Kwakiutl;Xenaksialakala;X̄a’islak̓ala;X̌àh̓isl̩ak̓ala
hav		Gihavu;Haavu;Kihavu
haw		’Olelo Hawai’i;’Olelo Hawai’i Makuahine
haw		’Olelo Hawai’i;’Olelo Hawai’i Makuahine
hax		Southern Haida;Xaaydaa Kil
hay		EkiHaya;Ekihaya;Ekihâya;Kihaya;Luhaya;OluHaya;Oluhaya;Oluhâya;Oruhaya;Ruhaya;olu-Haya
haz		Azargi;Barbari;Berberi;Hazara;Hazaraghi;Hezareh;Hezare’i
hba		
hbb		Chobba;Huba;Hәba;Kilba
hbn		Abul;Ebang
hbo		Ancient Hebrew;Old Hebrew
hbo		Ancient Hebrew;Old Hebrew
hbu		Habu;Sabu
hca		Andaman Creole Hindi;Andaman Hindi
hch		Viixáarica;Vixaricacü;Vixaritari;Vixaritari Vaniuqui;Vizaritari Vaniuki;Wixárika;Wixárika Niukiyari;ꞌüquisicayari
hds		Honduras Sign Language;LESHO;Lengua de señas hondureña;Lengua de señas hondureñas
hdy		
hdy		
heb		Contemporary Hebrew;Israeli;Israeli Hebrew;Modern Hebrew
heb		Contemporary Hebrew;Israeli;Israeli Hebrew;Modern Hebrew
heb		Contemporary Hebrew;Israeli;Israeli Hebrew;Modern Hebrew
hed		He’dé;Ka’do Herdé;Zime;Zime Pala;Zime of Pala
heg		Helon;Kupang;Semau
heh		Ehe;Ekiehe;KiHehe;Kihehe;Wahehe
hei		Hailhzaqvla
hem		Eastern Luba;Emba;Kiemba;Kihemba;Kiluba-Hemba;Luba-Hemba
hgm		Haikom;Haikum;Haiǁom;Heikom;Heikom Bushman;Heikum;Hei|ǁom;Kaikom;Oshikwankala Haiǁom;Xwaga
hgw		Garaghwaghi;Kapulika;Naura
hhi		Hoiahoia;Ukusi-Koparamio Hoyahoya
hhr		Her;Keerak;Keeraku
hhy		Hoiahoia;Hoya Hoya;Matakaia Hoyahoya
hin		Dakhini;Hindi-Urdu;Hindustani;Modern Standard Hindi
hin		Dakhini;Hindi-Urdu;Hindustani;Modern Standard Hindi
hin		Dakhini;Hindi-Urdu;Hindustani;Modern Standard Hindi
hin		Dakhini;Hindi-Urdu;Hindustani;Modern Standard Hindi
hin		Dakhini;Hindi-Urdu;Hindustani;Modern Standard Hindi
hin		Dakhini;Hindi-Urdu;Hindustani;Modern Standard Hindi
hia		Gbuhwe;Laamang;Waha
hib		Chibito;Hivito;Ibito;Jibito;Xibita;Xibitoana;Zibito
hid		Hinatsa;Hiraca;Minitari
hif		Fiji Baat;Fiji Hindustani
hif		Fiji Baat;Fiji Hindustani
hig		Hiji;Kamwə;Vәcәmwe
hih		Ambon;Hinihon
hii		Handuri
hii		Handuri
hij		
hik		Hila-Kaitetu
hil		Hiligainon;Illogo;Ilonggo
hil		Hiligainon;Illogo;Ilonggo
hio		Amasili;Bakhwa;Basarwa;Chirechire;Chuwau;Chware;Gabake-Ntshori;Gǁabake;Haitshuari;Haitshuwau;Hiechware;Hietshware;Hiochuwau;Hiotshuwau;Kalahari Khoe;Khoisan;Koi-san;Koisan;Kwe;Kwe-Etshori Kwee;Kwe-Tshori;Masarwa;Sesarwa;Tati;Tati Bushman;Tjwao;Tshikwa;Tshwa;Tshwao;Tshwawo;Tsoa;Tsua
hir		Hi-Merima
hit		
hiw		Hiu
hix		Chawiyana;Faruaru;Hichkaryana;Hishkariana;Hishkaryana;Hixkariana;Hyxkaryana;Kumiyana;Parucutu;Parukoto-Charuma;Sherewyana;Sokaka;Wabui;Xereu;Xerewyana
hji		Aji;Malayisch
hka		Kikahe
hke		Kihunde;Kobi;Rukobi
hkh		Banhali;Khahistani;Khash;Khasha;Khashali;Kohistani;Panchali;Parbati;Paristani;Poguli
hkh		Banhali;Khahistani;Khash;Khasha;Khashali;Kohistani;Panchali;Parbati;Paristani;Poguli
hkh		Banhali;Khahistani;Khash;Khasha;Khashali;Kohistani;Panchali;Parbati;Paristani;Poguli
hkk		
hkn		
hks		HKSL;Heung Kong Sau Yue;Macao Sign Language;Macau Sign Language;MacauSL
hla		Tasi
hlb		Halabi;Halba;Halvas;Halvi;Holva;aia jaia got
hld		Doan;Duan;Halang Duan
hle	sca	Lesu;Sansu;Shansu
hlt		Matu;Matu Chin;Matupi;Nga La
hlu		
hma		Hsiung;Hunan Miao;Southern Mashan Hmong;Southern Mashan Miao
hmb		Central Songai;Hombori Songhay;Humburi Senni Songhay;Songai;Songay;Songay Senni;Songhai;Songhay;Songhoy;Songoi;Songoy;Sonrai;Sonrhai
hmc		Central Huishui Hmong;Central Huishui Miao;Hmo;Hsiung;Hunan Miao
hmd		A-Hmao;A-Hmaos;A-hmaos;Ad Hmaob lul;Big Flowery Miao;Da Hua Bei Miao;Da Hua Miao;Da-Hua Miao;Diandongbei Miao;Flowery Miao;Great Flowery Tribe;Hua Miao;Hwa Miao;Large Flowery Miao;Northeastern Dian Miao;Northeastern Yunnan Miao;Ta Hwa Miao
hmd		A-Hmao;A-Hmaos;A-hmaos;Ad Hmaob lul;Big Flowery Miao;Da Hua Bei Miao;Da Hua Miao;Da-Hua Miao;Diandongbei Miao;Flowery Miao;Great Flowery Tribe;Hua Miao;Hwa Miao;Large Flowery Miao;Northeastern Dian Miao;Northeastern Yunnan Miao;Ta Hwa Miao
hmd		A-Hmao;A-Hmaos;A-hmaos;Ad Hmaob lul;Big Flowery Miao;Da Hua Bei Miao;Da Hua Miao;Da-Hua Miao;Diandongbei Miao;Flowery Miao;Great Flowery Tribe;Hua Miao;Hwa Miao;Large Flowery Miao;Northeastern Dian Miao;Northeastern Yunnan Miao;Ta Hwa Miao
hmd		A-Hmao;A-Hmaos;Ad Hmaob lul;Big Flowery Miao;Da Hua Bei Miao;Da Hua Miao;Diandongbei Miao;Flowery Miao;Great Flowery Tribe;Hua Miao;Hwa Miao;Miao, Large Flowery, Normalised orthography;Northeastern Dian Miao;Northeastern Yunnan Miao;Ta Hwa Miao
hme		Eastern Huishui Hmong;Eastern Huishui Miao
hmf		Hua Binh;Hunan Miao;Nghia Lo;YenBai
hmg		Southwestern Guiyang Hmong
hmh		Miao;Southwestern Huishui Hmong;Southwestern Huishui Miao
hmi		Gaopo;Kwei-chu;Kwei-chu Miao;Northern Huishui Hmong;Northern Huishui Miao
hmj		Chonganjiang Miao;Ge Jia;Ge-Mong;Gedang;Gedong;Gedou;Gedou Miao;Gedoudiu;Gedu;Gejia;Gho-mhon;Keh Deo
hmk		
hml		Lobohe Miao;Luobo River Miao;Luobohe Hmong;Luopohe Hmong;Luopohe Miao;Xi;Xijia Miao;Ximahe Miao
hmm		Central Mashan Hmong;Central Mashan Miao
hmn		Mong
hmn	hea	Black Miao;Central Miao;Chientung Miao;East Guizhou Miao;Eastern Guizhou Hmu;Gha Ne;Gha Ne Dlai;Heh Miao;Hei Miao;Hmu;Kuv tsis has lug Moob tau;Miao, Northern Qiandong;Mong;Northern East Guizhou Miao;Northern Hmu;Qián-Dōng fāngyán;m̥hu˧;m̥ə˧
hmn		Mong
hmp		Northern Mashan Hmong;Northern Mashan Miao
hmq		Black Miao;Central Miao;Chientung Miao;Eastern East-Guizhou Miao;Eastern Hmu;Eastern Qiandong Miao;Hei Miao;Hmu;mo˧
hmr		Hamar;Hmari;Mhar
hms		Black Miao;Central Miao;Chientung Miao;Hei Miao;Hmu;Southern East-Guizhou Miao;Southern Hmu;Southern Qiandong Miao
hmt		Hamday;Kamea;Kapau;Watut
hmu		
hmv		
hmw		Western Mashan Hmong;Western Mashan Miao
hmy		Southern Guiyang Hmong;Southern Guiyang Miao
hmz		Biantou Miao;Changshu Miao;Curved Comb Miao;Flat Head Miao;Han Miao;Hmong Nzi;Hmong Sa;Hmong Shua;Hmong Sua;Hmongb Shuat;Long Comb Miao;Lopsided Comb Miao;Mushu Maio;Piān Miáo;Shuixi Miao;Sinicised Hmong;Waishu Miao;Water Miao;West of the Water Miao;Wooden Comb Miao
hmz		Biantou Miao;Changshu Miao;Curved Comb Miao;Flat Head Miao;Han Miao;Hmong Nzi;Hmong Sa;Hmong Shua;Hmong Sua;Hmongb Shuat;Long Comb Miao;Lopsided Comb Miao;Mushu Maio;Piān Miáo;Shuixi Miao;Sinicised Hmong;Waishu Miao;Water Miao;West of the Water Miao;Wooden Comb Miao
hna		Hina;Mina (Cameroon)
hnd		Hindko;Southern Hindko
hne		Khaltahi;Laria
hng		Bahungu;Dihungu;Kihungu
hnh		Handa-Khwe;Handakwe-Dam;Handá;Handádam;Ts’exa;Ts’éxa;ǀAnda;ǁAnikhwe
hni		Ha Nhi;Hanhi;Hani Proper;Haw;Hayi;Hànhì;U Ní;Uni;Xauni;Xá U Ní
hnj		Mong Leng;Mong Njua
hnj		Blue Hmong;Blue Meo;Ching Miao;Green Hmong;Green Meo;Hmong Leng;Hmong Nzhua;Hmongb Nzhuab;Hmoob Leeg;Lu Man Zi;Lu Miao;Meo Dam;Meo Lai;Miao Tsi;Mong Leng;Mong Njua;Mong Ntsua;Moob Leeg;Qing Miao;Tak Miao
hnj		Blue Hmong;Ching Miao;Green Hmong;Hmong Leng;Hmong Nzhua;Hmongb Nzhuab;Hmoob Leeg;Lu Man Zi;Lu Miao;Miao Tsi;Mong Leng;Mong Njua;Mong Ntsua;Moob Leeg;Qing Miao;Tak Miao
hnj		Blue Hmong;Ching Miao;Green Hmong;Hmong Leng;Hmong Nzhua;Hmongb Nzhuab;Hmoob Leeg;Lu Man Zi;Lu Miao;Miao Tsi;Mong Leng;Mong Njua;Mong Ntsua;Moob Leeg;Qing Miao;Tak Miao
hnj		Blue Hmong;Ching Miao;Green Hmong;Hmong Leng;Hmong Nzhua;Hmongb Nzhuab;Hmoob Leeg;Lu Man Zi;Lu Miao;Miao Tsi;Mong Leng;Mong Njua;Mong Ntsua;Moob Leeg;Qing Miao;Tak Miao
hnj		Blue Hmong;Blue Meo;Ching Miao;Green Hmong;Green Meo;Hmong Leng;Hmong Nzhua;Hmongb Nzhuab;Hmoob Leeg;Lu Man Zi;Lu Miao;Meo Dam;Meo Lai;Miao Tsi;Mong Leng;Mong Njua;Mong Ntsua;Moob Leeg;Qing Miao;Tak Miao
hnj		Blue Hmong;Ching Miao;Green Hmong;Hmong Leng;Hmong Nzhua;Hmongb Nzhuab;Hmoob Leeg;Lu Man Zi;Lu Miao;Miao Tsi;Mong Leng;Mong Njua;Mong Ntsua;Moob Leeg;Qing Miao;Tak Miao
hnj		Blue Hmong;Ching Miao;Green Hmong;Hmong Leng;Hmong Nzhua;Hmongb Nzhuab;Hmoob Leeg;Lu Man Zi;Lu Miao;Miao Tsi;Mong Leng;Mong Njua;Mong Ntsua;Moob Leeg;Qing Miao;Tak Miao
hnm		Hailamese;Hainamese;Hainan;Hái-nâm;Qiong-Lei;Qiong-Wen;Qiongwen Hua
hnm		Hailamese;Hainamese;Hainan;Hái-nâm;Qiong-Lei;Qiong-Wen;Qiongwen Hua
hnn		Hanonoo;Hanunoo-Mangyan;Hanunuu;Hanunó’o;Mangyan;minaŋyan
hnn		Hanonoo;Hanunoo-Mangyan;Hanunuu;Hanunó’o;Mangyan;minaŋyan
hno		Hazara Hindko;Hindko;Kagani;Kaghani;Northern Hindko
hns		Aili Gaili;Caribbean Bharatiya;Caribbean Hindi;Caribbean Hindustani;Caribbean Urdu;Guyanese Hindustani;Sarnaanie Hiendoestaanie;Sarnami Hindi;Sarnami Hindoestani;Trinidad Bhojpuri;Trinidadian Bhojpuri;Trinidadian Hindustani
hnu		Cuói;K’katiam-Pong-Houk
hmo		Hiri;Hiri Motu;Pidgin Motu;Police Motu
hmo		Hiri;Hiri Motu;Pidgin Motu;Police Motu
hoa		
hob		Hop;Mari (Madang Province)
hoc		Bihar Ho;Ho haram;Ho jagar;Ho kaji;Ho: basa;Ho̅;Hōō jagara;Lanka Kol
hoc		Bihar Ho;Ho haram;Ho jagar;Ho kaji;Ho: basa;Ho̅;Hōō jagara;Lanka Kol
hoc		Bihar Ho;Ho haram;Ho jagar;Ho kaji;Ho: basa;Ho̅;Hōō jagara;Lanka Kol
hoc		Bihar Ho;Ho haram;Ho jagar;Ho kaji;Ho: basa;Ho̅;Hōō jagara;Lanka Kol
hoc		Bihar Ho;Ho haram;Ho jagar;Ho kaji;Ho: basa;Ho̅;Hōō jagara;Lanka Kol
hod		Bali Holma;Da Holmaci
hoe		Barom
hoh		Hewbyót;Hobi;Kalam Rifi
hoi		Doogh Qinag;Innoko
hoj		Hadauti;Hadothi;Hadoti;Hara;Harauti
hol		Holo;Hongu;Kiholo;Kiholu
hom		
hoo		Guha;Horohoro;Kalanga;Kiholoholo;Kikalanga
hop		Hopílavayi
hop		Hopílavayi
hor		Hor
hos		HCMCSL;NNKHTPHCM;Southern Vietnamese Sign Language;Vietnamese Sign Language
hot		Hote;Hotec;Ho’tei;Malei-Hote;Malê
hov		Hobongan;Punan Bungan
how		Baihong;Hao-Bai;Haoni;Ho;Ouni;Uni;Woni
hoy		Gohllaru;Golari-Kannada;Holar;Holari;Hole;Holian;Holu
hoz		
hpo		Hpun;Hpön;Megyaw;Phon;Phun;Phön;Samong
hps		HPS;HSL;Hawai'i Pidgin Sign Language;Hawai'i Sign Language (HSL);Hawaii Sign Language;Hawaiian Sign Language;Hawai‘i Pidgin Sign Language
hrv		Hrvatski;Serbo-Croatian
hrv		Hrvatski;Serbo-Croatian
hra		Hrangkol;Rangkhol
hrc		Tanga;Tangga;Tuak
hre		Cham-Re;Chom;Davach;Davak;Dá Vách;Hrey;Hrê;Moi;Moi Da Vach;Moi Luy;Tachom
hre		Cham-Re;Chom;Davach;Davak;Dá Vách;Hrey;Hrê;Moi;Moi Da Vach;Moi Luy;Tachom
hre		Cham-Re;Chom;Davach;Davak;Dá Vách;Hrey;Hrê;Moi;Moi Da Vach;Moi Luy;Tachom
hrk		
hrm		A-Hmo;Bai Miao;Changjiao Miao;Forest Miao;Hmo;Hmong Khua Shua Ndrang;Hmong Ndong;Hmong Ndou;Hmong Sou;Horned Miao;Jiao Miao;Jiaojiao Miao;Kha-Nzi;Longhorn Miao;Qing Miao;White Miao
hrm		A-Hmo;Bai Miao;Changjiao Miao;Forest Miao;Hmo;Hmong Khua Shua Ndrang;Hmong Ndong;Hmong Ndou;Hmong Sou;Horned Miao;Jiao Miao;Jiaojiao Miao;Kha-Nzi;Longhorn Miao;Qing Miao;White Miao
hro		Aroi;Bahnar Cham;Hoi;Hroi;Hroy;Hrway
hrp		Palpamadramadra
hrt		Hartevan;Hertevince
hru		Aka;Angka;Angkae;Gusso;Hrusso;Tenae
hrw		Anir;Feni;Tangga;Tuak
hrx		Hunsrick;Hunsrickisch;Hunsriker;Hunsriqueano;Hunsriqueano Riograndense;Hunsrück;Katharinensisch;Rio Grand Hunsriker;Riograndenser Hunsrickisch
hrz		Harzandi
hsb		Haut Sorabe;Hornjoserbsce;Hornjoserbska rěč;Hornjoserbski;Hornjoserbšćina;Hornoserbski;Obersorbisch;Upper Lusatian;Upper Sorbian;Wendish
hsh		Magyar Jelnyelv;Magyarországi jelnyelv
hsl		HSL;Harshen bebaye na kasar Hausa;Maganar Bebaye;Maganar Hannu
hsn		Hsiang;Hunan;Hunanese;Xiang Chinese
hsn		Hsiang;Hunan;Hunanese;Xiang Chinese
hss		Harsi ’Aforit;Harsiyyet;Hersyet;South Arabian;Ḥarsūsī;Ḥersīyet
hat		Ayisyen;Creole;Haitian;Kreyol;Kreyòl;Kreyòl Ayisyen;Western Caribbean Creole;créole haïtien
hti		
hto		Huitoto Meneca;Huitoto Mɨnɨca;Meneca;Meneka;Minica Huitoto;Minika;Murui-Mɨnɨka;Mɨnɨca;Mɨnɨca Huitoto;Noaiko-Muína;Southern Witoto;Uitoto-Mɨnɨka;Witoto Meneca
hts		Hadzabe;Hadzabi;Hadzane;Hadzape;Hadzapi;Hatsa;Kangeju;Kindega;Kindiga;Kitindiga;Tindiga;Watindiga
htu		
htx		
hun		Madžarski;Maghiar;Magyar;Maďarský;Mađarski;Uhorsʹkyy;Ungarisch
hun		Madžarski;Maghiar;Magyar;Maďarský;Mađarski;Uhorsʹkyy;Ungarisch
hub		Huambisa;Huambiza;Wambisa
huc		Eastern ‡Hoan;ǀHua;ǀHû;ǂHua;ǂʼAmkhoe;‡Hoa;‡Hoan;‡Hoan-Sasi;‡Hoã;‡Hua;‡Hua-Owani
hud		Alakamat;Bahasa Asli
hue		Huave del Este;Ombeyajts;San Francisco Del Mar Huave
huf		
hug		Huachipaire;Wachipaeri;Wacipaire
huh		Huilche;Huiliche;Veliche
hui		Huli-Hulidana;Huri
hui		Huli-Hulidana;Huri
huj		Northern Guiyang Hmong;Northern Guiyang Miao
huk		
hul		Bula’a;Hula;Vulaa
hum		Huana;Hungaan;Hungan;Hungani;Hunganna;Kihungan;Kihungana
huo		Angku;Āng-kú
hup		Hoopa;Hoopa-Chilula;Hupa-Chilula-Whilkut;Na:tinixwe Mixine:whe’
huq		Hainan Cham;Hui;Huihui;Poi Tsat;Sanya Hui;Utsat;Utset;Utsul
hur		Halq’eméylem;Holkomelem;Hul’q’umi’num’
hus		Teenek;Tenek;Tének
hus		Teenek;Tenek;Tének
hus		Teenek;Tenek;Tének
hut		Bhote;Humla Tibetan;Humli Lama;Kham;Phoke
hut		Bhote;Humla Tibetan;Humli Lama;Kham;Phoke
huu		Bue;Central Witoto proper;Huitoto;Huitoto Murai;Huitoto Murui;Komïne;Murai;Murai Huitoto;Murui;Murui Huitoto;Uitoto;Witoto
huv		Huave;Huave del Oeste;Ombeayiüts;San Mateo Del Mar Huave
huw	pmc	Balamata;Bambaa;Palamata;Palumata
hux		Huitoto;Huitoto Muinane;Muinane;Muinane Huitoto;Nipode;Nipode Huitoto;Nipode Witoto;Nüpode;Nüpode Huitoto;Witoto, Nipode
huy		Jabali;Lishana Akhni;Lishana Noshan
huz		Enzeb;Ghunzib;Gunzib;Hontl’os myts;Khunzal;Khunzaly;Khvanal;Xunzal
hvc		Langaj;Langay
hve		Huave del Este;Ombeyajts;San Dionisio Del Mar Huave
hvk		Aveke;’Aveke
hvn		Havu;Havunese;Lii Hawu;Sabu;Savu;Savunese;Sawu;Sawunese
hvv		Huave del Oeste;Ombeayiüts;Santa María Del Mar Huave
hwa		Hwane;Ngwané
hwc		HCE;Hawai'i Creole English;Hawai'i Pidgin;Hawaiian Creole;Hawaiian Creole English;Hawaiian Pidgin;Hawai’i Creole;Hawai’i Creole English;Pidgin;ōlelo paʻi ʻai
hwo		Fiterya;Hona;Hwona;Tuftera
hye		Armani;Armjanski;Armjanski Yazyk;Eastern Armenian;Ermeni Dili;Ermenice;Erâmani;Haieren;Somekhuri;Somkhuri ena
hye		Armani;Armjanski;Armjanski Yazyk;Eastern Armenian;Ermeni Dili;Ermenice;Erâmani;Haieren;Somekhuri;Somkhuri ena
hya		Ghye;Hwate;Mukta;Munta;Za
hyw		West Armenian;Western Armenian
her		Himba;Ochiherero;Otjiherero;Otjihimba;Otshiherero;Ovaherero
ina		Interlingua (International Auxiliary Language
iai		Hwen Iaai;Iai;Yai
ian		Big Sepik;Gepma Kwudi;Gepma Kwundi;Gepmakudi;Ngepma Kwundi
iap		
iar		Eurika;Evorra;Iai;Koriki;Maipua
iba	blg;snb	Iban Sabah;Jaku Iban;Sea Dayak
ibb		Ibibyo
ibd		Eiwaja;Ibadjo;Iwaidja Inyman;Iwaidji;Iwaja yinyman;Iwaydja;Jiwadja;Karadjee;Limba;Manganawal Iwaja;Yibadjdja;Yiwaidja
ibe		Ibaram-Efifa
ibg		Ibanak;Ivanak;Ybanag
ibh		
ibl		Benguet-Igorot;Ibadoy;Ibaloy;Igodor;Inibaloi;Nabaloi
ibm		Agoi;Ibami;Vabambami;WaGoi;Wabambami
ibn		Ibeno;Ibino;Ibuno;Ibọnọ;Ifon
ibr		
ibu		
iby		Bonny;Ịḅanị;Obani;Okoloba;Okuloma;Ubani
ica		Ica;Itcha;Ìtsà
ich		Etekwe;Icen;Ichen;Itchen;Kentu;Kyanton;Kyãtõ;Nyidu
icl		ITM;ÍTM;Íslenskt táknmál
icr		Bende;Islander Creole English;San Andres Ailanda Kriol;San Andres-Old Providence Creole English;San Andrés Creole;San Andrés-Providence Creole;San Andrés–Providencia Creole
ind		Bahasa Indonesia
ind		Bahasa Indonesia
ind		Bahasa Indonesia
ind		Bahasa Indonesia
ida		Idakho-Isukha-Tiriki;Idaxo-Isuxa-Tiriki
idb		Daman-Diu Portuguese
idc		Ajuli;Idon;Idong;Misiwa
idd		Dasa;Èdè Ìdàáshà;Idaaca;Idaasa;Idaatcha;Idaca;Idaṣa;Idáìtsà;Ìdàáshà
ide		
idi		Diblaeg;Dimisi;Dimsisi;Tame
idr		Yanderika;Yandirika
ids		Idesa;Otuo
idt		
idu		Idɔma
ile		Occidental
ifa		Amganad;Amganad Ifugao;Amgode Ifugao;Central Ifugao;Ifugao;Ifugaw;Ipugaw;Mun-alyon
ifb		Ayangan;Ayangan Ifugao;Batad;Batad Ifugao;Eastern Ifugao;Ifugaw;Ipugaw
ife		Ana;Ana-Ife;Ana-Ifé;Anago;Baate;Ede Ife;Ifɛ̀
iff		Utaha
ifk		Gilipanes;Ifugaw;Ipugaw;Kiangan Ifugao;Quiangan;Tuwali;Tuwali Ifugao
ifm		Fumu;Fuumu;Ifumu;Kiteke;South Central Teke;Teke du Pool;Teke-Fuumu
ifu		Ifugaw;Ipugaw;Mayaoyaw;Mayayao Ifugao;Mayoyao;Mayoyao Ifugao
ify		Antipolo Ifugao;Hanalulo;Keley-I Kallahan;Keley-i;Keley-i Kalanguya;Keleyqiq Ifugao
ibo		Asụsụ Igbo;Ebo;Ibo;Iɓo;Unege
ibo		Asụsụ Igbo;Ebo;Ibo;Iɓo;Unege
igb		Egbira;Egbura;Ibara;Igbarra;Igbira;Igbirra;Katawa;Kotokori;Kwotto
ige		Egedde;Egede;Igedde
igg		Iski
igl		Igara
igm		Igom
ign		Ignaciano Mojo;Inaciànurupi;Moja;Mojeño;Mojo;Moxo
igo		Balahaim
igs		
igs		
igw		
ihb		
ihi		
ihp		Kapaur
ihw		Beddiwell;Bidawal;Bidewel;Biduelli;Bidwell;Bidwelli;Bidwill;Birdawal;Birdhawal;Birtowall
iii		Black Yi;Liangshan Yi;Liangshan Yi-Nuosu;Lolo;Northern Yi;Nosu;Nosu Yi;Sichuan Yi;Yi-Nuosu
iii		Black Yi;Liangshan Yi;Liangshan Yi-Nuosu;Lolo;Northern Yi;Nosu;Nosu Yi;Sichuan Yi;Yi-Nuosu
iin		Deen;Deenma;Denma;Dhiyin;Dhiyinma;Teen;Teenma;Tenma;Thenma;Thiinma
ijc		Central-Western Ijo;Ezon;Ijaw;Ijo;Ijon;Izo;Uzo;Ịzọn
ije		Amegi;Buseni;Northeast Central Ijo
ijj		Ede-Ijε;Holi;Holli-Djé;Hɔlí;Ije;Ìjὲ;Ọhọ̀rí
ijn		Kalaḇari Bibi;Ịjọ
ijs		Brass Ijo;Brass-Nembe;Ijaw;Nembe-Akassa;Southeast Ijo
ipk	esk	Eskimo;Ieupiaq;Inupiatun, Northwest Alaska;Iñupiaq;Iñupiatun;Northwest Alaska Inupiat;Seward Peninsula Inupiaq
ipk		
ikh		Ikhin-Arokho
iki		
ikk		Igbanke;Ịka
ikl		Ankulu;Bekulu;Ikolu;Kulu
iko		Lulumo
ikp		Ekpeshe;Ikpeshe
ikr		Aghu Tharnggalu;Ikarranggal;Ikarranggali
iks		ISL;IUR;Inuit Uukturausingit;Inuk Sign Language
ikt		Western Canada Inuktun;Western Canadian Inuit;Western Canadian Inuktitut
ikt		Western Canada Inuktun;Western Canadian Inuit;Western Canadian Inuktitut
ikv		Ekhwa;Iku
ikw		Ikwerre;Ikwerri;Ìwhnuruòhnà
ikx		Icetod;Icietot;Icé-tód;Ngulak;Ng’ateus;Ng’ateuso;Teus;Teuso;Teuth
ikz		Ikiikiizu;Ikiikiizʉ;Ikikizo;Ikikizu;Kiikizu;Kizu
ila		
ilb		Chiila;Shukulumbwe;Sukulumbwe
ilg		
ili		Ili Turk;Taranchi;Tuerke;Tu’erke;T’urk
ili		Ili Turk;Taranchi;Tuerke;Tu’erke;T’urk
ili		Ili Turk;Taranchi;Tuerke;Tu’erke;T’urk
ilk		Bugkalot;Bugkalut;Bukalot;Ilongot;Lingotes
ilm	ill	Ilanun;Illanoan;Illanoon;Illanos;Illanun;Iranon Maranao;Iranum;Iranun (Malaysia);Lanoon;Lanun;Ylanos
ilo		Ilokano;Iloko
ilo		Ilokano;Iloko
ilo		Ilokano;Iloko
ilp		Ilanun;Illanun;Iranun (Philippines)
ils		Gestuno;IG;IS;International Sign Language;International Sign Pidgin;International gesture;International gestures
ilu		Erai;Hahutan;Hahutau;Ili'uun;Iliun;Ilmaumau;Limera
ilv		Idua
ima		Maha Malasar;Malai Malasar;Malasir
imi		Anamgura;Ikundun;Mindivi
iml		Lower Coquille
imn		
imo		Ibo Ugu;Imbo Ungo;Imbo Ungu;Imbonggo
imr		Imroin
ims		
imt		
imy		
inb		Highland Inga;Runa simi
ing		Deg Hit’an;Deg Xit’an;Degexit'an;Degexit’an
inh		Galgay;Ghalghaj;Ghalghay;Ingus;Ingushi;Kisti;Kistin
inh		Galgay;Ghalghaj;Ghalghay;Ingus;Ingushi;Kisti;Kistin
inh		Galgay;Ghalghaj;Ghalghay;Ingus;Ingushi;Kisti;Kistin
inj		Ingano;Jungle Inga;Lowland Inga;Mocoa
inl		BISINDO;Bahasa Isyarat Indonesia;ISL
inm		
inn		Inmeas;Isinai
ino		Inoke;Jate;Yate
inp		Inamari
ins		Bangla Ishara Vasha;Bangla Sign Language;Bangladesh Sign Language;Bangladeshi Sign Language;Bengali Sign Language;IPSL;ISL;Indo-Pakistani Sign Language;Urban Indian Sign Language
int		Inntha;Insa;Naung Ma
inz		Chumash;Chumasha Proper;Inezeño;Samala;Santa Inez;Santa Rosa;Ynezeño
ido		
ior		
iou		Irumu;Tatuma-Irumu;Tuma;Tuma Man;Upper Irumu
iow		Iowa-Oto-Missouria
ipi		Ipili-Paiela;Ipili-Payala
ipo		Epai;Higa;Ipikoi
iqu		Akenóiri;Amacacore;Hamacore;Ikito;Ikitu;Iquita;Iquito;Puca-Uma;Quiturran
iqw		
ire		Beduba;Iresim
irh		Arguni Bay;Irahutu;Irutu;Kaitero;Kasira
iri		Aregwe;Idafan;Iregwe;Irigwe;Kwal;Kwan;Kwoll;Miango;Miyango;Nkarigwe;Nnerigwe;Nyango;Yirigwe
irk		Erokh;Iraku;Iraqu;Kiiraqw;Kángw Iraqw;Mbulu;Mbulunge
irn		Iranche;Iranshe;Iranxe;Manoki;Münkü
irr		In;Yiir;Yir
iru		Erukala;Irava;Irulan;Irular;Irular Mozhi;Irulavan;Iruliga;Iruligar;Kad Chensu;Korava
iru		Erukala;Irava;Irulan;Irular;Irular Mozhi;Irulavan;Iruliga;Iruligar;Kad Chensu;Korava
irx		Iria;Kambrau;Kamrau
iry		Iraya Mangyan
isl		íslenska
isl		íslenska
isl		
isa		Maruhia
isc		Iscobaquebu;Iskobákebo;Iskonawa
isd		Apayao;Isneg;Maragat
ise		LIS;Lingua Italiana Dei Segni;Lingua dei Segni Italiana
isg		AISL;Australian Irish Sign Language;Teanga Chomharthaíochta na hÉireann
ish		Awain;Esa;Isa;Ishan
isi		
isk		Eshkashimi;Ishkashim;Ishkashmi
isk		Ishkashim
ism		
isn		Ihaanzu;Issansu;Kiisanzu;Kinyihanzu;Kinyisanzu
iso		
isr		ISL
ist		Istriano;Istro-Romance
isu		Essu;Esu;Idzəŋi Isu;Idzəŋi Usu;Isu (Menchum Division)
isv		
isv		
ita		Italiano;Italiană;Italien;Italienisch;Italijanski;Talijanski;Talyaaniga
ita		Italiano;Italiană;Italien;Italienisch;Italijanski;Talijanski;Talyaaniga
itb		Binongan;Binongan Itneg;Tinggian;Tingguian;Tinguian
itd		Camucones;Southern Tidung;Tedong;Tidoeng;Tidong;Tidung;Tiran;Tirones;Tiroon;Zedong
ite		Guarayo;Iten;Iteneo;Iténez;Maré;Moré
iti		Inlaod;Inlaod Itneg;Inlaud Itneg;Tinggian;Tinguian
itk		Giudaico-Romanesco;Giudeo-Italiano;Italkian;Judaico-Romanesco;Judeo-Roman;Judeo-Venetian;La‘az
itl		Itelymem;Kamchadal;Kamchatka;Western Itelmen;Western Kamchadal
itm		Itu Mbon Uso;Itu Mbuzo
ito		Itonama-Saramo;Itoname;Machoto;Saramo;Sihnipadara
itr		Alowiemino;Iteri;Iyo;Laro;Rocky Peak;Yawuno;Yinibu
its		Chekiri;Dsekiri;Irhobo;Iselema-Otu;Ishekiri;Itsekiri;Iwere;Izekíri;Iṣekiri;Jekri;Selemo;Shekiri;Tshekeri;Warri
itt		Itneg;Luba-Tiempo Itneg;Maeng;Maeng Itneg;Southern Itneg;Tingguian;Tinguian
itv		Itawes;Itawis;Tawit
itw		
itx		Betef;Borto;Ittik;Ittik-Tor
ity		Ammutan;Moyadan;Moyadan Itneg;Muyadan Itneg;Tinggian;Tinguian
itz		Icaiche Maya;Itz;Itzaj;Itzaj Maya;Itzá;Itzá Maya;Maya;Petén Itza’ Maya
iku	ike	Canadian Inuit;Inuit;Inuit of Quebec;Inuktitut, Eastern Canadian;Inuktut
iku		
ike		Canadian Inuit;Inuit;Inuit of Quebec;Inuktitut;Inuktut
ium		Ban Yao;Dao Do;Dao Thanh Phan;Dìu;Ewmien;Highland Yao;Iu Mienh;Kim Mien;Man;Mian;Mien;Mienh;Mjen;Myen;Pan Yao;Red Dao;Yao;Yao Kimmien;Yao Mienh;Yao Ogang;Yiu Mien;Youmian;Yu Mien
ium		Ban Yao;Dao Do;Dao Thanh Phan;Dìu;Ewmien;Highland Yao;Iu Mienh;Kim Mien;Man;Mian;Mien;Mienh;Mjen;Myen;Pan Yao;Red Dao;Yao;Yao Kimmien;Yao Mienh;Yao Ogang;Yiu Mien;Youmian;Yu Mien
ium		Ban Yao;Dao Do;Dao Thanh Phan;Dìu;Ewmien;Highland Yao;Iu Mienh;Kim Mien;Man;Mian;Mien;Mienh;Mjen;Myen;Pan Yao;Red Dao;Yao;Yao Kimmien;Yao Mienh;Yao Ogang;Yiu Mien;Youmian;Yu Mien
ium		Ban Yao;Dao Do;Dao Thanh Phan;Dìu;Ewmien;Highland Yao;Iu Mienh;Kim Mien;Man;Mian;Mien;Mienh;Mjen;Myen;Pan Yao;Red Dao;Yao;Yao Kimmien;Yao Mienh;Yao Ogang;Yiu Mien;Youmian;Yu Mien
ium		Ban Yao;Dao Do;Dao Thanh Phan;Dìu;Ewmien;Highland Yao;Iu Mienh;Kim Mien;Man;Mian;Mien;Mienh;Mjen;Myen;Pan Yao;Red Dao;Yao;Yao Kimmien;Yao Mienh;Yao Ogang;Yiu Mien;Youmian;Yu Mien
ivb		Babuyan;Ibataan;Ivatan
ivv		Chirin nu Ibatan;Ivatanen
iwk		I-Wak;Igwak;Iowak;Iuwak;Iwaak;Iwak
iwm		May River;May River Iwam
iwo		Iwoer;Iwur
iws		Sepik Iwam;Yawenian
ixc		Ixcateco;Xwja
ixl		Ixhil;Ixhil Mayan;Ixil Maya
ixl		Ixhil;Ixhil Mayan;Ixil Maya
ixl		Ixhil;Ixhil Mayan;Ixil Maya
iya		Idoani
iyo		Banagere;Iyon;Messaga;Messaga-Ekol;Messaka;Ugal;Ugare;Ugarə
iyx		Iyaa;Iyaka;West Teke;Yaa;Yaka (Congo)
izh		Ingermanlandian;Inkeroisen;Isuri keel;Izhor;Izhorian;Ižoran;Ižoran keel;Ižoran keeli
izm	ksa	Azaman;Azamani;Kuzamani
izr		Afizare;Afizarek;Afizere;Afudelek;Afusare;Feserek;Fezere;Fizere;Hill Jarawa;Izarek;Izer;Jarawa;Jarawan Dutse;Jari;Jos-Zarazon;Zarek
izz	izi	Ezzi;Izhi;Izi;Izzi
jpn		Burajiru no Nihongo;Japonés;Japonês Brasileiro;Koronia-go;Nikkei
jpn		Burajiru no Nihongo;Japonés;Japonês Brasileiro;Koronia-go;Nikkei
jpn		
jaa		Canamanti;Kanamanti;Kapaná;Madi;Yamadi;Yamamadí;Yamamandi
jaa		Canamanti;Kanamanti;Kapaná;Madi;Yamadi;Yamamadí;Yamamandi
jaa		Canamanti;Kanamanti;Kapaná;Madi;Yamadi;Yamamadí;Yamamandi
jab		Ham;Hum;Hyamhum;Jaba;Jabba;Jeba
jac		Abxubal;Abꞌxubꞌal Poptiꞌ;Jabxubal;Jabʼ xubʼal;Jakalteko del Oeste;Jakalteko-Popti’;Popti';Popti’
jad		Diakanka;Diakhanke;Diakkanke;Djakanka;Dyakanke;Jahanque;Jahonque;Jakankalou;Jaxanka
jae		Jabem;Jabim;Jabêm;Laulabu;Yabim
jaf		Jera
jah		Jah Het
jaj		Jajao;Kilokaka
jak		Djakun;Jakoon;Jakud’n;Jaku’d;Orang Hulu
jal	hrr	Atamanu;Awaiya;Jahalatan;Jahalatane;Yalahatan-Haruru-Awaiya
jam		Bocas del Toro Patois;Bongo Talk;Jamaican Creole English;Jamaican Patois;Jamiekan;Jimiekn;Jimiekn Langwij;Jumieka Kruyol;Jumieka Languij;Jumieka Langwij;Jumieka Taak;Jumiekan;Jumiekan Kriol;Jumiekan languij;Langui Jumieka;Limonese Creole;Limón Creole English;Panamanian Creole English;Panamanian Patois English;Patois;Patua;Patwa;Patwah;Southwestern Caribbean English Creole
jan		Coobenpil;Djandai;Djendewal;Dsandai;Goenpul;Goinbal;Gonjbal;Janday;Jendairwal;Jundai;Koenpel;Noogoon;Tchandi
jao		Aniula;Anula;Anyula;Janjula;Leeanuwa;Wadiri;Yanula;Yanuwa;Yanyula
jaq		Jakai;Jaqai;Mapi;Sohur;Yaqai
jas		New Caledonian Javanese
jat		Enku;Jakati;Jat;Jataki;Jati;Jatu;Kayani;Musali
jau		Jaur
jax		Bahasa Melayu Jambi;Bahaso Daerah;Bahaso Dusun;Baso Jambi;Batin;Djambi;Jambi;Jambi Malay
jay		Gokulu mana dhanguny’ bulthun;Jarnango;Nangu;Nhangu;Yanangu
jaz		Diahoue;Njawe;Oubatch;Ubach
jbe		Jewish Amazigh;Judeo-Amazigh;Judeo-Shilha;Judeo-Tamazight
jbi		Baddjeri;Badjari;Ngura
jbj		Dombano;Jaban;Sebyar;Sumuri;Yaban
jbk		Iba
jbm	bij	Bijimawa;Vaghat;Vaghat-Ya-Bijim-Legeri
jbn		Djerbi;Jabal Nafusi;Jbel Nafusi;Jebel Nefusi;Nefusi;Shilha;Tunisian Berber
jbn		Djerbi;Jabal Nafusi;Jbel Nafusi;Jebel Nefusi;Nefusi;Shilha;Tunisian Berber
jbo		
jbr		
jbt		Djeoromitxí;Jabotí;Jeoromitxí;Quipiu;Yabutí
jbu		Diyi;Diyu;Jukun;Njikum;Nuu Dandan;Takum-Donga
jbw		Bergalgu;Jadjiba;Jadjibaia;Jaudji-Bara;Jaudjibaia;Jaudjibara;Jawadjag;Jawdjibaia;Jawdjibara;Jawdjobara;Jawutjubar;Winjawindjagu;Yaudjibaia;Yaudjibara;Yaujibaia;Yawjibara;Yawjibarra
jcs		Country Sign;Jamaican Country Sign Language;KS
jct		Judeo-Crimean Tatar;Judeo-Crimean Turkish;Krymchak
jct		Judeo-Crimean Tatar;Judeo-Crimean Turkish;Krymchak
jda		Bhotia;Dzad;Rongba
jdg		Jat;Jatgali;Jatki
jdt		Bik;Dzhuhuric;Hebrew Tat;Jewish Tat;Judeo-Tatic;Juhur;Juhuri;Juwri;Lahji;Mountain Jewish;Tati
jdt		Bik;Dzhuhuric;Hebrew Tat;Jewish Tat;Judeo-Tatic;Juhur;Juhuri;Juwri;Lahji;Mountain Jewish;Tati
jdt		Bik;Dzhuhuric;Hebrew Tat;Jewish Tat;Judeo-Tatic;Juhur;Juhuri;Juwri;Lahji;Mountain Jewish;Tati
jeb		Chebero;Shiwilu;Shiwilu la’la’;Xebero;Xihuila
jee		Jero;Jero Mala;Jerum;Jerunge;Jherung;Zero;Zero Mala;Zerum
jeh		Die;Gie;Yae;Yaeh;Yeh
jeh		Die;Gie;Yae;Yaeh;Yeh
jei		Je;Jei;Yei-Nan;Yey
jek		Celle;Jeli Kuo
jel		Jab;Jabsch;Jelmek;Jelmik
jen		Dzə;Dƶə;Idzə;Ja;Janjo;Jen;Jenjo;nnwa’ Dzâ;Èédzá
jer		Jeere;Jera
jet		Jeti;Skofro;Wembi;Yeti
jeu		Djongor Bourmataguil;Dougne;Karakir
jgb		Lingbe;Lingbee;Majuu;Mangbele;li-Ngbee
jge		
jge		
jgk	jar	Bankalawa;Gingwak;Jar;Jaracin Kasa;Jaranchi;Jaranci;Jarancin Kasa;Jarawa;Jarawan Bununu;Jarawan Kasa;Lasjar
jgo		Bamileke-Ngomba;Cú-Mbɔ́ndaa;Cú-Ŋgɔmbaa;Ndaa;Nda’a;Sẅíŋɛ́-Mbɔ́ndaa;Ŋgɔmba
jhi		Jahai;Pangan
jhs		Jhankot Sign Language
jia		Jina;Zina
jib		Jibanci;Jibawa
jic		Tolpan;Tolupan;Torrupan
jid		Bu (Kaduna State);Ibut;Jida;Jida-Abu;Jidda-Abu;Nakare
jie		Yilbe;Zoulbou
jig		Chingalee;Chunguloo;Djingila;Djingili;Djingulu;Jingali;Jingili;Lee;Tchingalee;Tjingili;Tjingilu
jih		Shangzhai
jii		Af-Jiiddu;Jiddu
jil		Jilim
jim		Jimi;Jimi (Cameroon);Jimjimən
jio		Gevou;Kamau;Ku vou;Tai
jiq		Guanyingqiao;Guanyinqiao;Khroskyabs;Western Jiarong;Zhongzhai
jit		Echijita;Ecijiita;Ecijita;Kijita
jiu		Jino;Youle;Youle Jinuo
jiv		Chicham;Shiwar chicham;Shuar chicham;Shuara;Siurra;Siwora
jiy		Buyuan;Buyuan Jinuo;Jino
jje		Cheju;Chejumal;Cheycwu;Cheycwumal;Jeju;Jeju bang-eon;Jeju saturi
jjr		Bankala;Bankalanci;Baranci;Jaranchi;Jaranci;Jarancin Kasa;Jarawa;Jarawan Kasa;Zhar
jka		
jkm		Bilichi;Blimaw;Dermuha;Maleh;Mobwa Karen;Monpwa;Mopwa;Pa-Le-Chi;Palachi;Palakhi;Palaychi
jkm		Bilichi;Blimaw;Dermuha;Maleh;Mobwa Karen;Monpwa;Mopwa;Pa-Le-Chi;Palachi;Palakhi;Palaychi
jkm		Bilichi;Blimaw;Dermuha;Maleh;Mobwa Karen;Monpwa;Mopwa;Pa-Le-Chi;Palachi;Palakhi;Palaychi
jko		
jkp		Mogpha;Mogwa;Monebwa;Monnepwa;Mopaga;Mopha;Pagu;Paku;Paku Karen;Thalwepwe
kpp		
jkr		Aka Koro;Koro (India)
jks		Amami-Oshima Shuwa
jku		Jaaku;Jakanci;Jaku;Jakun;Kun Laɓur;Labir
jle		Angire;Arra;Daloka;Darra;Masakin;Mesakin;Taloka
jls		JSL;Jamaica Sign Language
jma		Bayu Dimadima;Dimadima;Jimajima;Jimjam
jmb		Jimbin;Jimbinawa;Zumbun
jmc		Ki-Mashami;Kimachame;Kimashami;Macame;Machambe;Madjame;Mashami
jmd		Jamden;Jamdena;Tanempar;Tanempar Liriny;Tanemprar lirin
jmi		Bi-Gimu;Jimanci;Jimawa;Jimi (Nigeria);Mi-Gimu
jml		Central Nepali;Jumla;Jumleli;Khas Kura
jmn		Makuri;Makuri Naga;Makury;Makury Naga
jmr		Ka’marsiri;Mara
jms		Mashi (Nigeria)
jmw		
jmx		Coicoyán Mixtec;Mixteco de Encino Amarillo;Mixteco de Llano Encino Amarillo;Mixteco del Oeste Alto;Mixteco del Oeste de Juxtlahuaca;Tu̱’un davi;Tu̱’un savi;Tu̱ꞌun‑yó;Western Juxtlahuaca Mixtec
jna		Central Kinnauri;Jangiam;Jangrami;Thebarskad;Thebor;Thebör Skadd;Zangram;Zhang-Zhung
jnd		Jhandoria
jng		Dagoman;Jangman;Jongman;Jungman;Yung munni;Yungman;Yungmanni;Yungmun;Yungmunee;Yungmunnee;Yungmunni
jni		Ajanji;Anafejanzi;Jenji;Tijanji
jnj		
jnj		
jnl		Ban Manus;Ban Rauts;Bhulla;Bãt-kha;Dzanggali;Jangali;Janggali;Jhangar;Raji;Raut
jns		Jansauri;Jaunpuri;Jaunsauri;Pahari
jns		Jansauri;Jaunpuri;Jaunsauri;Pahari
jns		Jansauri;Jaunpuri;Jaunsauri;Pahari
job		Baviila;Joba;Kijoba;Kivira;Loba;Vira
jod		Malinké;Odiennekakan;Odienné Jula
jog		
jor		Hora
jos		LIU;Levantine Arabic Sign Language;Lughat al-Ishāra al-Urdunia;Lughat il-Ishaarah il-Urduniyyah
jow		Jo;Jɔ;Jɔwulu;Samogho;jôwulu
jpa		
jpr		Djudi;Fārsi;Jewish Persian;Judeo-Isfahani;Judeo-Median;Judi
jqr		Ak’aro;Aru;Hage aru;Haqaru;Haqearu;Haq’aru;Jacaru;Jaq’aru;Tupe
jra		Charay;Cho Rai;Cho-Rai;Chor;Chrai;Djarai;Drai;Gia Rai;Gia-Rai;Gio Rai;Gio-Rai;Jo’rai;Jrai;Jơrai;Mthur;Zrai
jra		Charay;Cho Rai;Cho-Rai;Chor;Chrai;Djarai;Drai;Gia Rai;Gia-Rai;Gio Rai;Gio-Rai;Jo’rai;Jrai;Jơrai;Mthur;Zrai
jrb	aju	Arabic, Judeo-Moroccan;Darija;il‘arabiyya dyalna
aju		Darija;Judeo-Arabic;il‘arabiyya dyalna
jrr		Atak;Bakula;Kir;Wiyap;Zhiru
jrt		Chakato;Jakato;Jorto
jru		Japrería;Zabriles;Zapreria
jsl		JSL;NS;NSG;Nihon Shuwa;Nihon Shuwa Gengo;Shuwa;Temane
jua		Arara;Içuã Tupi;Kagwahibm;Kagwahiph;Kagwahiv;Kagwahiva;Kavahiva;Kawahip;Kawaib;Yumá
jub		Abinsi;Awannu;Jukun Abinsi;River Jukun
juc		
jud		Bakokan;Ouorodougou;Worodougou Jula;Worodougoukakan;Worodugu;Wüödughukakan
juh		Kona
jui		Aluri;Alury;Boanawari;Burra;Burra Burra;Doora;Eeleeree;Eura;Hillary;Hilleri;Manu;Manuley;Manuri;Mimbara;Monnoo;Ngadhuri;Ngadluri;Ngadyuri;Ngaluri;Ngarluri;Weera;Werra;Wiramaya;Wirameju;Wirameyu;Wirra;Wirra-Maya;Wirramaya;Wirramayo;Wirrameyu;Yilrea;Youngye
juk		Jinkum;Jukon;Juku;Juku Junkun;Jukum;Jukun Wapan;Jukun Wukari;Wakari;Wapã;Wukari
jul		Jiri;Jirial;Ziral
jum		Berin;Jiik Mäbaan;Olga;Tüŋ Mäbaan;Wadega;Wadkai
jum		Berin;Jiik Mäbaan;Olga;Tüŋ Mäbaan;Wadega;Wadkai
jun		Juango;Patra-Saara;Patua;Puttooas
juo		Bajibaro;Jibe;Jibi;Jibə;Jukun Kona;Kona
jup		Hup;Hupda;Hupdah;Hupdé;Húpd’äh;Jupde;Ubdé
jur		Iuruna;Jaruna;Jurûna;Yudjá;Yudya;Yurúna
jus		Jumla Sign Language
jut		
juu		Ju
juw		Jukun Wase;Wase;Wase Tofa
juy		
jav		Djawa;Jawa
jav		Djawa;Jawa
jav		Djawa;Jawa
jvd		
jvn		Caribbean Javanese;Jawa Suriname;Surinaams Javaans
jwi		Gwira;Pepesa-Jwira
jya		Chiarong;Gyarong;Gyarung;Jarong;Jyarung;Keru;Rgyarong;dGyarung
jye		Judeo-Yemeni;Judeo-Yemeni Arabic;Yemenite;Yemenite Judeo-Arabic;Yeminite
jyy		Yaya
kat		Common Kartvelian;Gorji;Grunzinski yazyk;Gruzin
kat		Common Kartvelian;Gorji;Grunzinski yazyk;Gruzin
kat		Common Kartvelian;Gorji;Grunzinski yazyk;Gruzin
kaa		Kara-Kalpak;Karaklobuk;Klobouki;Qaraqalpaq tili;Tchorny
kaa		Kara-Kalpak;Karaklobuk;Klobouki;Qaraqalpaq tili;Tchorny
kaa		Kara-Kalpak;Karaklobuk;Klobouki;Qaraqalpaq tili;Tchorny
kab		Amazigh;Kabyl;Tamazight;Tazwawt
kab		Amazigh;Kabyl;Tamazight;Tazwawt
kab		Amazigh;Kabyl;Tamazight;Tazwawt
kac		Aphu;Chingpaw;Chingp’o;Dashanhua;Jinghpaw;Jinghpaw ga;Jinghpo;Jingphaw;Jingpo;Jìngphòʔ gà;Kachin;Marip;Phu
kad		Kadara;Ànda;Èdà
kae		Ketagalan;Ketangalano;Sprache von Formosa;Tangalan
kaf		Gazhuo;Gezhuo;Kazhuo
kag		Kajaman;Kajaman-Sekapan;Kayaman;La’ei Kejaman
kah		Dam Fer;Fer;Fertit;Kara (Central African Republic)
kai		Bo Karaikarai;Karai Karai;Karai-karai;Karaikarai;Kerekere;Kerikeri;Kәrekәre
kaj		Bajju;Baju;Kache;Kaje;Kajji;Kәjju
kak	tne	Ahin-Kayapa Kalanguya;Ikalahan;Kalangoya;Kalangoya-Ikalahan;Kayapa Kallahan
kam		Akamba;Kamba (Kenya);Kiikamba;Kikamba;Kĩkamba;Kĩĩkamba
kao		Kasonke;Kasso;Kasson;Kassonke;Khasonke;Khassonka;Khassonkakano;Khassonké;Malinke;Maninka;Xaasonga;Xaasongué;Xasonga;Xasongo;Xasonke
kap		Bazht’;Bazht’al;Bechitin;Bexita;Bezheta;Bezhita;Bezhituri;Bezhti;Bezhtin;Bezht’alas mits;Kapuch;Kapucha;Kapuchin;Kapuchin-Gunzib;Kapuchuri;Khvanal;Kiburabi;Kupuca
kaq		Capa Baquebo;Capabaquebo;Capanawa;Kapanawa;Nuquencaibo
kav		Catuquina;Katukina do Jutaí;Katukina do Rio Biá;Pedá Djapá;Pidá-Djapá;Tüküná
kaw		
kaw		
kaw		
kax		Kau;Ka’u
kay		Camaiura;Kamaiurá;Kamayirá
kba		Galaagu;Kalaako;Kalaaku;Kalako;Kalakul;Kalarku;Malba;Malpa
kbb		Caxuiana;Kachuana;Kashujana;Kashuyana;Katxuyana;Katxuyana-Xikuyana;Kaxuyana-Xikuyana;Kaxúyana;Warikiana;Warikyana
kbc		Cadiuéu;Caduvéo;Ediu-Adig;Ejiwajigi;Eyiguayegi;Kadiweo;Mbaya-Guaikuru;Ǥoniwoladi ejiwajegi
kbd		East Circassian;Eastern Adyghe;Eastern Circassian;Highland Adyghe;Kabard;Kabardin;Kabardino-Cherkes;Kabardo-Cherkess;Kabardo-Cherkessian;Upper Adyghe;Upper Circassian
kbe		Gandanju;Gandju;Jabuda;Kaanju;Kaantyu;Kamdhue;Kandju;Kandyu;Kanyu;Karnu;Neogulada;Yaldiye-Ho
kbg		Khamba Khaadi
kbh		Camëntsá;Camëntxá;Coche;Kamemtxa;Kamsa;Kamse;Kamëntsa;Sibundoy;Sibundoy-Gaché
kbi		Kapitiauw;Kaptiauw;Sobei
kbj		Kare;Li-Kari-Li
kbk		Grass Koiari
kbl		Kaidi-Kanembu;Kanambu;Kanembou
kbm		Kaiwa
kbn		Kali;Kare (Central African Republic);Kareng;Kari;Karré;Kãrɛ̃;Labi-Kare;nzáà kã́rĩ́
kbo		Kaliko;Kaliko-Ma’di;Kẹ̃lị̃kọ́;Maditi;Ma’di
kbp		Cabrai;Cabrais;Kabire;Kabre;Kabure;Kabye;Kabɩyɛ;Kabɩyɛ Tɔm
kbp		Cabrai;Cabrais;Kabire;Kabre;Kabure;Kabye;Kabɩyɛ;Kabɩyɛ Tɔm
kbq		Kamano-Kafe
kbr		
kbr		
kbs		Kaande;Kanda;Okande
kbt		Gabadi;Kabadi
kbu		Nat;Natra
kbv		Awe;Dera;Dera (Indonesia);Dra;Kamberataro;Kamberatoro;Komberatoro;Mangguar
kbw		Samap;Sumup
kbx		Ap Ma Botin;Botin;Kambot;Karaube
kby		Kanouri;Kanoury;Kanuri;Kànòrí;Manga;Manga Kanuri
kby		Kanouri;Kanoury;Kanuri;Kànòrí;Manga;Manga Kanuri
kbz		Karfa;Kerifa;Nzuhwi
kca		Hanty;Kazym-Berezover-Suryskarer Khanty;Khant;Khanti;Ostjak;Ostyak;Xanty
kca		Hanty;Kazym-Berezover-Suryskarer Khanty;Khant;Khanti;Ostjak;Ostyak;Xanty
kcb		Kawatsa
kcc		Dubire;Kabila;Kabire;Lubilo;Lubire;Ofor;Ojor
kcd		Enkelembu;Kanum;Kenume;Knwne;Ngkolmpu;Ngkontar Ngkolmpu;Ngkâlmpw Kanum
kce		Kaibi
kcf		AIKA (Ayanran-Ishe-Kakumo-Auga);Anyaran;Ikaan;Ikani;Ìkàn;Ìkã;Ùkãã
kcg		A̠tyap;Katab;Kataf
kch		Avɔnɔ;Kiballo;Kibolo;Kivɔnɔ;Kiwollo;Vono
kci		Angan;Anghan
kcj		Buy;Cobiana;Guboy;Uboi
kck		Bakaa;Chikalanga;Ikalanga;Kalagan;Kalaka;Kalana;Kanana;Makalaka;Sekalaka;Sekalanga;Sekalaña;Tjikalanga;Wakalanga;Western Shona
kcl		Apoze;Gela;Kela;Kela (Papua New Guinea);Kelana;Laukanu
kcm		Goula;Gula (Central African Republic);Gula du Mamoun;Kara;Kara de Soudan;Kara of Sudan;Tar Gula;Yamegi
kcn		Ki-Nubi;Kinubi;Rutan Nubi
kco		
kcp		
kcq		Kamu;Ma;Nubama;Nyii Ma;Nyima
kcr		Akalak;Kalak
kcs		Kanam;Kanem;Korenoem
kct		Kaian;Kayan Na Yon
kcu		Kami (Tanzania);Kikami;Wakami
kcv		Ciket;Kikete;Lukete;Tshikete
kcw		Bwari
kcx		
kcy		Belbalis;Kwarandzyey;Tabelbala;lbəlbaliyya
kcz		Kikonongo
kda		Birbay;Gadang;Gadhang;Gadjang;Gathang;Kattang;Warimi
kdc		Khutu;Kikutu;Kixutu
kdd		Jangkundjara;Kulpantja;Southern Luritja;Yangkundjara;Yankuntatjara;Yankuntjara;Yankuntjatjara;Yankuntjatjarra
kde		Chimakonde;Chinimakonde;Cimakonde;Kimakonde;Konde;Maconde;Makonda;Matambwe;Mekwengo;Shimakonde;Simakonde;Símákòòndè
kdf		Kakuna
kdg		Kunda;Sewa;Shishi
kdh		Cotocoli;Kotokoli;Temba;Tembe;Tim;Timu
kdh		Cotocoli;Kotokoli;Temba;Tembe;Tim;Timu
kdh		Cotocoli;Kotokoli;Temba;Tembe;Tim;Timu
kdi		Akokolemu;Akum;Ikokolemu;Ikumama;Kuman;Kumum
kdj		Akarimojong;Karamojong;Karimojong;Karimonjong;Ngakarimojong;Ngakarimojongo;Ng’akaramojong;N’Karamojong;a-karamojoŋ;a-karimojoŋ;ŋaKaramojoŋ;ŋaKarimojoŋ
kdk		Dialectes de l’Extreme Sud;Duauru;Kapone;Kunie;Kwényi;Naa Numee;Naa-Wee;Ouen;Touaouru;Truaru;Tuauru;Uen;Wen;Xere
kdl		Akimba;Auna;Kambari;Kamberchi;Kamberri;Kimba;Wara
kdm		Agoma;Gong;Gwong;Kagoma;Kwong
kdn		Achikunda;Chicunda;Chikunda;Cikunda;Mu Chikunda
kdp		Kaningdom-Nindem;Kaningdon-Nindem;Kaningkom-Nindem;Kaningkon-Nindem;Kaninkom-Nindem;Kaninkon-Nindem;Ninkyob-Nindem
kdq		Koc;Kocch;Koce;Kocha;Kochboli;Konch
kdr		Karaite;Karaj Tili;Lashon kedar;Turkic Karaite
kdr		Karaite;Karaj Tili;Lashon kedar;Turkic Karaite
kdt		Aouei;Cuoi;Douon;Dui;Khamen-Boran;Kouy;Kui;Kui Souei;Kuoy;Kuy;Old Khmer;Soai;Soay;Soei;Souai;Souei;Suai;Suay;Suei;Sui;Suoi;Xuay;Xuoi
kdt		Aouei;Cuoi;Douon;Dui;Khamen-Boran;Kouy;Kui;Kui Souei;Kuoy;Kuy;Old Khmer;Soai;Soay;Soei;Souai;Souei;Suai;Suay;Suei;Sui;Suoi;Xuay;Xuoi
kdt		Aouei;Cuoi;Douon;Dui;Khamen-Boran;Kouy;Kui;Kui Souei;Kuoy;Kuy;Old Khmer;Soai;Soay;Soei;Souai;Souei;Suai;Suay;Suei;Sui;Suoi;Xuay;Xuoi
kdu		Kadaro;Kadero;Kaderu;Kodhin;Kodhinniai;Kodoro;Tamya
kdw		Konorau
kdx		Nyimwom;Nyingwom;Nyiwom;Nyí ŋwɔ̀m;Yimwom;Àŋwɔ̀m
kdy		Keder
kdz	ncp	
kea		Caboverdiano;Cape Verdean Creole;Criol;Crioulo;Kriol;Krioulu
keb		Akele;Dikele;Kili;Western Kele
kec		Deiga;Kayigang;Kayikang;Keiga-Al-Kheil;Keiga-Timero;Sani ma-yɛgaŋ;Yega
ked		Ecikerebe;Ekikerebe;Ikikerebe;Kerebe;Kikerebe;Kikerewe;Kikwere;Urukerebe
kee		Eastern Keres;Eastern Keres Pueblo;Keres;Keresan;Rio Grande Keresan
kef		Kpesi;Kpetchi;Kpési;Kpétsi
keg		Keiga Girru;Keiga Jirru;Teis-Umm-Danab;These
keh		Keak;Kwaruwikwundi;Malinguat;Sepik Plains;Tshuosh;Tshwosh
kei		Kai;Keiese;Saumlaki;Veveu Evav
kej		Kada;Kadir
kek		Caccheꞌ;Cacché;Cacchí;Kekchiꞌ;Kekchí;Ketchi;Ketchiꞌ;Kʼekchiꞌ;Kꞌeqchiꞌ;Quecchiꞌ;Quecchí
kel		Ikela;Kela (Democratic Republic of Congo);Lemba;Okela
kem		Ema
ken		Banjangi;Banyang;Banyangi;Bayangi;Kɛnyaŋ;Manyang
keo		Bari Kakwa;Kakua;Kakuwâ;Kakwak;Kwakwak
kep		Kaikadia;Kaikai;Kokadi
keq		
ker		Keera;Kere
kes		
ket		Imbak;Imbatski-Ket;Yenisei Ostyak;Yenisey Ostiak;Yenisey Ostyak
keu		Akebou;Akébou;Ekpeebhe;Ekpeebhibhe;Gakagba;Kabu;Kebu;Kegberike;Kébou;Kǝkpǝǝ-kǝ;kekpeerike
kev		Kanikkar;Kannikan;Kannikaran;Kannikharan;Malampashi
kev		Kanikkar;Kannikan;Kannikaran;Kannikharan;Malampashi
kew		Adaa Agaa;Adaa Agale;Pasuma;West Kewa
kex		Kanara;Kanara Konkani;Kokna;Kokni
kex		Kanara;Kanara Konkani;Kokna;Kokni
key		Valmiki
kez		Bakele;Ukele;Ukelle
kfa		Coorg;Coorgi Kodava;Kadagi;Khurgi;Kodagu;Kotagu;Kurja;Kurug
kfb		Kolam;Kolamboli;Kolami;Kolamy;Kolmi;Kulme;Northwestern Kolami
kfc		Konda;Kubi;Porja
kfd		Koragar;Koragara;Korangi;Korra;Korra Koraga
kfe		Knof;Kohatur;Kota (India);Kotar;Kotha;Kother-Tamil;Kotta;Kov;Kowe-Adiwasi;Kuof;Kō mānt
kff		Kavor;Kaya;Koa;Koi;Koi Gondi;Koitar;Koyato;Koyi;Raj Koya
kff		Kavor;Kaya;Koa;Koi;Koi Gondi;Koitar;Koyato;Koyi;Raj Koya
kff		Kavor;Kaya;Koa;Koi;Koi Gondi;Koitar;Koyato;Koyi;Raj Koya
kff		Kavor;Kaya;Koa;Koi;Koi Gondi;Koitar;Koyato;Koyi;Raj Koya
kfg		Kurku;Kutiya;Male Kudiya
kfg		Kurku;Kutiya;Male Kudiya
kfh		Kowohans;Kurichchan;Kurichchia;Kurichia;Kurichiyars;Kuruchans
kfi		Canarese;Kannada;Kannada Kurumba;Korambar;Kuramwari;Kuremban;Kuruba;Kuruban;Kurubar;Kurubas Kuruma;Kuruman;Kurumans;Kurumar;Kurumba;Kurumban;Kurumbar;Kurumbas;Kurumvari;Palu Kurumba;Southern Nonstandard Kannada
kfi		Canarese;Kannada;Kannada Kurumba;Korambar;Kuramwari;Kuremban;Kuruba;Kuruban;Kurubar;Kurubas Kuruma;Kuruman;Kurumans;Kurumar;Kurumba;Kurumban;Kurumbar;Kurumbas;Kurumvari;Palu Kurumba;Southern Nonstandard Kannada
kfj		Kemie
kfk		Kanauri;Kanaury Anuskad;Kanawari;Kanawi;Kanoreunu Skad;Kanorin Skad;Kanorug Skadd;Kinnaura Yanuskad;Kinner;Kinori;Koonawure;Kunawari;Kunawur;Lower Kinnauri;Malhesti;Milchan;Milchanang;Milchang;Tibas Skad
kfk		Kanauri;Kanaury Anuskad;Kanawari;Kanawi;Kanoreunu Skad;Kanorin Skad;Kanorug Skadd;Kinnaura Yanuskad;Kinner;Kinori;Koonawure;Kunawari;Kunawur;Lower Kinnauri;Malhesti;Milchan;Milchanang;Milchang;Tibas Skad
kfl		Cungo
kfm		Khunsaric;Kuk
kfn		
kfo		Koro (Côte d'Ivoire);Koro Jula
kfp		Ernga;Erngga;Korowa;Singli
kfq		Bondeya;Bopchi;Korki;Kuri;Kurku;Ramekhera
kfr		Cuchi;Cutch;Cutchi;Kachchhi;Kachchi;Kachhi;Kachi;Katch;Katchi;Kautchy;Kutchchi;Kutchi;Kutchie
kfr		Cuchi;Cutch;Kachchhi;Kachchi;Kachhi;Kachi;Katch;Katchi;Kautchy;Kutchchi;Kutchi;Kutchie
kfr		Cuchi;Cutch;Cutchi;Kachchhi;Kachchi;Kachhi;Kachi;Katch;Katchi;Kautchy;Kutchchi;Kutchi;Kutchie
kfs		Bilaspuri Pahari;Himachali;Kahluri;Kehloori Pahari;Kehluri;Pacchmi;Pahari
kft		Kagari;Kangar Bhat;Kangri;Kanjri
kfu		Katakari;Katari;Kathodi;Katvadi
kfv		Kamar;Karmakar;Karmokar;Kumbhakar;Kumhar;Umar
kfw		Duisalongmei;Kharam Naga;Thinglong
kfx		Kauli;Kullu Pahari;Kullui;Kulu Boli;Kulu Pahari;Kului;Kulvi;Kulwali;Pahari;Pahari Kullu;Phari Kulu
kfx		Kauli;Kullu Pahari;Kullui;Kulu Boli;Kulu Pahari;Kului;Kulvi;Kulwali;Pahari;Pahari Kullu;Phari Kulu
kfx		Kauli;Kullu Pahari;Kullui;Kulu Boli;Kulu Pahari;Kului;Kulvi;Kulwali;Pahari;Pahari Kullu;Phari Kulu
kfx		Kauli;Kullu Pahari;Kullui;Kulu Boli;Kulu Pahari;Kului;Kulvi;Kulwali;Pahari;Pahari Kullu;Phari Kulu
kfy		Kamaoni;Kumau;Kumauni;Kumawani;Kumgoni;Kumman;Kunayaoni
kfy		Kamaoni;Kumau;Kumauni;Kumawani;Kumgoni;Kumman;Kunayaoni
kfy		Kamaoni;Kumau;Kumauni;Kumawani;Kumgoni;Kumman;Kunayaoni
kfz		Foula;Foulse;Fula;Fulse;Koromba;Koromfe;Kouroumba;Kurum-Korey;Kuruma;Kurumba;Kurumfe;Tellem
kon	kng	Congo;Kikongo;Kikoongo;Kongo-Nseke;Koongo
kga		Koya;Koyaa;Koyaga Jula;Koyagakan;Koyaka;Koyara
kgb		
kge		Kumoring
kgf		Hube;Kulungtfu-Yuanggeng-Tobo;Mongi
kgg		Kusanda
kgi		KLSL;Kuala Lumpur Sign Language;SSL
kgj		Gamale;Gamale Kham;Kham;Kham-Magar;Khamkura;Magar Kham
kgk		Caingua;Caiua;Caiwa;Cayua;Guarani-kaiowá;Kaingwá;Kaiova;Kaiowa;Kayova;Paï-Tavyterã
kgl		Coongurri;Gungari;Gunggari;Kungkari;Ungorri
kgn		Karingani-Kalasuri-Khoynarudi;Keringani
kgo		Dimodongo;Kadumodi;Korongo;Kurungu;Niino mo-di;Tabanya
kgp		Bugre;Caingang;Caingangue;Coroado;Coroados;Kanhgág
kgq		Kamora;Kaokonau;Lakahia;Mimika;Mukamuga;Nafarpi;Nagramadu;Nefarpi;Neferipi;Umar;Umari
kgr		A Nden;Anden;Karon;Manif;Yimbun
kgs		Baanbay;Gambalamam;Gumbaingari;Gumbainggar;Gumbainggir;Gumbaynggir;Gumbayunggir;Kumbaingeri;Kumbainggiri
kgt		Kila;Somyewe;Zuzun
kgu		Kobol;Koguman;Kogumar
kgv		Kalamang
kgw		Maiyach;Mari;Meon
kgx		
kgy		Gyirong;Kyerong;Kyerung;Kyirong kai;Kyirong-nga;Kyirung
kgy		Gyirong;Kyerong;Kyerung;Kyirong kai;Kyirong-nga;Kyirung
kha		Cossyah;Kahasi;Kassi;Ke Ktien Khasi;Khasa;Khashi;Khasie;Khasiyas;Khassee;Khuchia;Kyi
kha		Cossyah;Kahasi;Kassi;Ke Ktien Khasi;Khasa;Khashi;Khasie;Khasiyas;Khassee;Khuchia;Kyi
khb		Dai;Dai Le;Dai Lue;Duon;Lu;Lue;Ly;Nhuon;Pai-I;Pai-Yi;Pai’i’;Shu-Ai-I;Shui-Pai-I;Sipsongpanna Dai;Tai Lu;Tai Lue;Thai Lu;Xishuangbanna Dai
khb		Dai;Dai Le;Dai Lue;Duon;Lu;Lue;Ly;Nhuon;Pai-I;Pai-Yi;Pai’i’;Shu-Ai-I;Shui-Pai-I;Sipsongpanna Dai;Tai Lu;Tai Lue;Thai Lu;Xishuangbanna Dai
khc		Buton;Wakatobi
khd		Bedi Ngkolmpu;Bädi Kanum;Enkelembu;Kanum;Kenume;Knwne
khe		Kolufaup;Kolufo Aup
khf		Khouen;Khween;Kween
khg		Kam;Kami;Kang;Khamba;Khampa;Khams;Khams Bhotia;Khams Tibetan;Khams-Yal
khh		Keuw
khj		
khl		Kaliai;Kaliai-Kove
khn		Dhed Gujari;Khandeshi;Khandeshi Bhili;Khandish;Maharashtra Bhil
kho		Sakan
kho		Sakan
khp		Kapori
khq		Koyra Chiini Songhay;Songai;Songhai;Songhay;Songhoy;Songoi;Songoy;Sonrai;Sonrhai;Timbuktu Songhoy;West Songhoy
khr		Haria;Khadia;Khadiya;Khariya;Kharvi;Khatria;Khaɽiyā;Kheria
khr		Haria;Khadia;Khadiya;Khariya;Kharvi;Khatria;Khaɽiyā;Kheria
khs		
kht		Hkampti Shan;Hkamti;Kam Ti;Kham-Tai;Khampti;Khampti Sam;Khampti Shan;Khamti Shan;Khandi Shan;Khantis;Tai Kam Ti;Tai Kham Ti;Tai-Khamti
khu		Khumbi;Muhumbi;Ngumbi;Nkhumbi;Ocinkumbi;Olungkhumbi;Otjingumbi
khv		Atl’ilqo;Khvarsh;Khvarshin;Khwarshi-Inkhoqwari;Xvarshi;Xvarshik
khw		Arniya;Chitrali;Chitrari;Citrali;Kashkari;Khawar;Patu;Qashqari
khx		Kaanu;Kano;Likanu
khy		Ekele;Kele (Democratic Republic of Congo);Kili;Likelo;Lokele;Yakusu
khz		Keopara
kik		Gekoyo;Gĩgĩkũyũ;Gĩkũyũ;Kikuyu
kia		Garab;Masa
kia		Garab;Masa
kia		Garab;Masa
kia		Garab;Masa
kib		Abri;Kandiza Kethi Koalib;Kawaaliib;Kawalib;Kowalib;Kwɐ̀ɐlîp;Lgalige;Nirere;Rere
kic		Kicapoux;Kicapus;Kikabeeux;Kikapaux;Kikapoo;Kikapú;Quicapause
kid		Bejube Ko;Kaw;Kosin;Kusheen Benubcouh
kie		Kaben;Kabentang;Kibeet;Kibeit
kif		Eastern Parbate;Eastern Parbate Kham;Kham;Kham-Magar;Khamkura;Magar Kham;Nisel;Nishel Kham;Nisi;Nisi Kham
kig		Kaladdarsch;Kimaama;Kimaghama;Kimaghana;Teri-Kalwasch
kih		Bo apulyo;Kilmera
kii		Kichai
kij		Biga Kilivila;Kiriwina
kil		Kariyanci;Kariyawa;Kauyawa;Keriya;Lipkawa;Vinahә;Wehuwan;Wejakwaza;Wihi;Wihә
kim		Kamas;Karagass;Karagassisch;Karagasy;Khotowci;Taiga Sayan Turkic;Tofa;Tofalar
kio		Cáuigù;Cáuijò:gyà;Cáuijògà;Gaigwu
kip		Kham;Kham-Magar;Khamkura;Magar Kham;Sheshi Kham
kiq		Kosadle
kis		
kit		Agob-Ende-Kawam;Dabu
kiu		Alevica;Alevija;Dersimki;Dersımki;Dimilki;Dımılki;Kirmanjki;Kirmanjki (individual language);Kırmancki;Northern Zaza;Shar Ma;So-Bê;Zaza;Zazaca;Zazaja;Zazaki;Zonê Ma
kiv		Ikibungu;Kikimbu;Yanzi
kiw		Kiwai;Northeast Kiwai;Urama-Kope
kiw		Kiwai;Urama-Kope
kiw		Kiwai;Urama-Kope
kiw		Kiwai;Urama-Kope
kix		Aoshedd;Kalyokengnyu;Khiamngan;Khiamniungan;Khiamniungan Naga;Khiemnungan;Makware;Nokaw;Para;Tukhemmi;Welam
kiy		Kiri-Kiri;Kirira
kiz		Kese;Kikisi;Kikɨsi
kua		Cuanhama;Humba;Kuanjama;Kuanyama;Kwancama;Kwanjama;Ochikwanyama;Oshikuanjama;Oshikwanyama;Oshiwambo;Osikuanjama;Otjiwambo;Ovambo;Owambo;Oxikuanyama;Wambo
kua		Cuanhama;Humba;Kuanjama;Kuanyama;Kwancama;Kwanjama;Kwanyama;Ochikwanyama;Oshikuanjama;Oshikwanyama;Osikuanjama;Otjiwambo;Ovambo;Owambo;Oxikuanyama;Wambo
kja		Kuangsu-Bonggrang;Kwangsu-Bonggrang;Kwansu;Kwansu-Bonggrang;Malf
kjb		Conob;Eastern Kanjobal;Eastern Qanjobal;Kanhobal;Kanjobal;K’anjobal;Q'anjob'al;Qanjobal;Santa Eulalia Kanjobal
kjc		Coastal Konjo;Kondjo;Konjo;Tiro
kjd		Kiwai;Southern Kiwai
kje		Bahasa Meher;Yotowawa
kjf		
kjg		Cam Mu;Chaman;Damai;Damailao;Damaile;Kamhmu;Kammu;Kamu;Kemu;Kha Cau;Kha Khmu;Khamu;Khamuk;Khmu’;Kho Mu;Khomu;Kmhmu;Kmhmu’;Lao Kang;Lao Terng;Luu;Mou;Mun Xen;Pouteng;Pu Thenh;Tenh;Theng;Tmooy;Xa Cau
kjg		Cam Mu;Chaman;Damai;Damailao;Damaile;Kamhmu;Kammu;Kamu;Kemu;Kha Cau;Kha Khmu;Khamu;Khamuk;Khmu’;Kho Mu;Khomu;Kmhmu;Kmhmu’;Lao Kang;Lao Terng;Luu;Mou;Mun Xen;Pouteng;Pu Thenh;Tenh;Theng;Tmooy;Xa Cau
kjg		Cam Mu;Chaman;Damai;Damailao;Damaile;Kamhmu;Kammu;Kamu;Kemu;Kha Cau;Kha Khmu;Khamu;Khamuk;Khmu’;Kho Mu;Khomu;Kmhmu;Kmhmu’;Lao Kang;Lao Terng;Luu;Mou;Mun Xen;Pouteng;Pu Thenh;Tenh;Theng;Tmooy;Xa Cau
kjh	zkb	Abakan Tatar;Fuyu Ka’erkezi;Fuyü Gïrgïs;Hakasi;Hakass;Khakhas;Khakhass;Manchurian Kirghiz;Minusinsk Tatar;Xakas;Yenisei;Yenisei Tatar;Yennisej Tatar
kji		Jabana;Kia
kjj		Khinalug;Khinalugi;Kətşi Miż;Xinaliq;Xinalug;Xınalıq dili
kjk		Highland Konjo;Konjo Pegunungan;Konyo
kjl		Kham;Kham-Magar;Khamkura;Magar Kham;Takale;Takale Kham;Western Parbate;Western Parbate Kham
kjm		Bren;Hang;Khaang;Ksakautenh;Pouteng;Putenh;Quang Lam;Tay Hay;Tayhay;Teng;Theng;Xa;Xa Ai;Xa Bung;Xa Dang;Xa Don;Xa Hoc;Xa Xua;Xá Khao
kjn		Guguminjen;Kukumindjen
kjo		Boli;Himachali;Kinnauri Pahari;Lower Kinnauri;Oras Boli;Orasi;Ores;Pahari;Sonar Boli
kjp		Karen, Pwo West-Central Thailand;Moulmein Pwo Karen;Phlong;Phlou;Pho;Pwo Eastern Karen;Southern Pwo Karen
kjp		Karen, Pwo West-Central Thailand;Moulmein Pwo Karen;Phlong;Phlou;Pho;Pwo Eastern Karen;Southern Pwo Karen
kjp		Karen, Pwo West-Central Thailand;Moulmein Pwo Karen;Phlong;Phlou;Pho;Southern Pwo Karen
kjp		Karen, Pwo West-Central Thailand;Moulmein Pwo Karen;Phlong;Phlou;Pho;Southern Pwo Karen
kjp		Karen, Pwo West-Central Thailand;Moulmein Pwo Karen;Phlong;Phlou;Pho;Southern Pwo Karen
kjp		Karen, Pwo Eastern;Moulmein Pwo Karen;Phlong;Phlou;Pho;Pwo Eastern Karen;Southern Pwo Karen
kjq		Acoma-Laguna;Keres;Keresan;Queresano occidental;Western Keres;Western Keres Pueblo
kjr		
kjs		East Kewa;Kewa;Kewapi;adaa agale
kjt		Northeastern Pwo Karen;Phrae;Phrae Pwo Karen;Prae;Pwo Phrae
kju		Southwestern Pomo
kjv		
kjx		Kereaka;Keriaka
kjy		Erave;Kewa South;South Kewa;South Kewapi
kjz		Bhumtam;Bumtang;Bumtangkha;Bumtanp;Bumthang;Bumthapkha;Kebumtamp
kaz		Gazaqi;Hazake;Hāsàkè yǔyán;Kaisak;Kazak;Kazakhi;Kazax;Kosach;Qazaq;Qazaq tili;Qazaqi;Qazaqşa
kaz		
kaz		Gazaqi;Hazake;Hāsàkè yǔyán;Kaisak;Kazak;Kazakhi;Kazax;Kosach;Qazaq;Qazaq tili;Qazaqi;Qazaqşa
kaz		Gazaqi;Hazake;Hāsàkè yǔyán;Kaisak;Kazak;Kazakhi;Kazax;Kosach;Qazaq;Qazaq tili;Qazaqi;Qazaqşa
kaz		Gazaqi;Kazak;Kazakhi
kaz		Gazaqi;Hazake;Hāsàkè yǔyán;Kaisak;Kazak;Kazakhi;Kazax;Kosach;Qazaq;Qazaq tili;Qazaqi;Qazaqşa
kaz		Kaisak;Kazakhi;Kazax;Kosach;Qazaq;Qazaqi
kka		Adyaktye;Akanda;Hyabe
kkb		Taogwe
kkc		Kalamo;Nomad;Ododei;Tomu;Tomu River
kkd		Anu;Kinuka;Kinuku;Nu;Tinu
kke		Fulajon Kan;Fulajonkan;Jon Kule;Ourekabakan
kke		Fulajon Kan;Fulajonkan;Jon Kule;Ourekabakan
kkf		Kalaktang Monpa;Sharpa-lo;Southern Monpa;Tsangla Monpa
kkg		Cal-Owan;Kal-Uwan;Mabaka;Mabaka Itneg;Mabaka Kal-uwan;Mabaka Valley Kalinga
kkh		Gon Shan;Hkun;Kengtung Dai;Khuen;Khun Shan;Khyn;Tai Khün;Tai-Khuen
kki		Chikagulu;Chimegi;Cikagulu;Kaguru;Kigaguru;Kikagulu;Kiningo;Megi;Northern Sagara;Solwa
kkj		Kaka;Kakɔ;Mkaka;Mkako;Nkoxo;Yaka
kkk		Ooe Kokota
kkl		In-lom;Kosarek;Kosarek Yale;Mek Kosarek;Wanam;Yale;Yale yubu;Yale yupu;Yale-Kosarek;Yali;Yali Kosarek
kkm		Akayon;Akoiyang;Iyoniyong;Okonyong;Okoyong;Äkäyöñ;Ökönyöñ
kkn		Kong Ge;Kongge
kko		Ajang;Garko;Kaak;Kakenbi;Karme;Kithonirishe
kkp		Berang;Gugubera;Kok Kaber;Kok-Kaper;Koko Pera;Kukubera;Paperyn
kkq		Ekaeku;Ikaiku;Kaeku;Kaiko
kkr		Kir;Kirr
kks		Bu Giiwo;Kirfanci;Kirfawa;Kirfi;Kirifi;Ma Giiwo
kkt		Kohi;Koi;Koi Ba’a;Koyi;Koyi Rai;Koyu
kku		Atumi;Kitimi;Tumi;Tutumi
kkv		Bĕsa Kangéan;Kangeanese
kkw		Chikuya;Cikuya;Kikukuya;Kikuwa;Kikuya;Koukouya;Kukua;Kukuya;Kukwa;Kukẅa;Southern Teke
kkx		Bahasa Seruyan;Seruyan
kky		Gugu Yimijir;Gugu-Yimidhirr;Guguyimidjir;Guugu Yimithirr;Koko Imudji;Kukuyimidir
kkz		Caska;Danezāgé’;Eastern Nahane;Kaska Dena;Nahane;Nahani
kal		Greenlandic Inuktitut;Greenlandic Kalaallisut;Grønlandsk;Inuktitut;Kalaallisut
kal		Greenlandic Inuktitut;Greenlandic Kalaallisut;Grønlandsk;Inuktitut;Kalaallisut
kla		E-ukshikni;Klamath;Lutuami;Lutuamí-modoco;Modoc
klb		Kiliwi;Ko’lew;Quiligua
klc		Kolbilari;Kolbili;Kolbilla;Kolena;Zoono
kld		Cam ell eri;Camel Duahi;Camileroi;Camleroy;Cammealroy;Comleroy;Cum milroy;Cumilri;Cummeroy;Euahlayi;Euhahlayi;Gamilaroi;Gamilray;Gamilroi;Ghummilarai;Gomeroi;Gumilori;Gumilray;Gumilroi;Guminilroi;Gummilray;Gummilroi;Gunilroi;Gunnilaroi;Guyinbaray;Juwalarai;Kaameelarrai;Kahmilaharoy;Kahmilari;Kahml Duhai;Kakmilari;Kamalarai;Kamil;Kamilaori;Kamilarai;Kamilari;Kamilaroi;Kamilary;Kamileroi;Kamilrai;Kamilroi;Kamu;Kamularoi;Karmil;Kimilari;Komleroy;Koomilroi;Northern Gamilaraay;Peel River language;Tjake;Tyake;Ualarai;Walarai;Weraerai;Wirajarai;Yauan
kle		Jindā;Kholung;Khulung;Khulunge Rai;Kulu Ring;Kulung (Nepal);Kulunge;Kulungo
klf		Kedendje;Kendeye;Kindeje;Yaali
klg		Kalagan;Tagakaolo;Tagakaulo
klh		Karangi;Weleki
kli		Galumpang;Maki;Makki;Mangki;Mangkir;Ma’ki
klj		Arghu;Chaladsch;Jalái;Turkic Khalaj
klk		Kono (Nigeria);Konu;Kowono;Kwono
kll		Kaagan;Kagan;Kagan Kalagan
klm		Kolom
kln	spy	Sabaot;Sebei;Sābāwōōt
klo		
klp		
klq		Dumu;Kai-Iri;Kairi;Kibiri;Rumuhei;Rumuwa;Rumū Heì;Tumu
klr		Kaling;Khael Baat;Khael Bra;Khael Braa;Khaling Kura;Khalinge Rai
kls		Calasa;Dardu;Kalasa;Kalashamon;Kalashamond;Kalashamondr;Kalashi;Kal’as’amon
kls		Calasa;Dardu;Kalasa;Kalashamon;Kalashamond;Kalashamondr;Kalashi;Kal’as’amon
klt		Komutu
klu		Klaoh;Klau;Kroo;Kru
klv		Kuliviu;Mallicolo;Maskelyne Islands;Uliveo;Uluveu;nasorun ta Uluveu
klw		Lindoe;Lindu;Linduan;Tado-Lindu
klx		Kalokalo
kly		Kalaotoa;Lambego
klz		
khm		Cambodian;Central Khmer;Cu Tho;Cur Cul;Khmer Nam Bo;Kho Me;Khome;Krom
khm		Cambodian;Central Khmer;Cu Tho;Cur Cul;Khmer Nam Bo;Kho Me;Khome;Krom
kma		Koma;Komung;Koni;Kɔmɩŋ;Kɔnni
kmb	smd	Kimbundo;Loanda Mbundu;Loande;Luanda;Lunda;Mbundu;Nbundu;North Mbundu;N’bundo;Tonga
kmc		Gam;Kam;Leec Gaeml;Lix Gaeml;Southern Dong;Tong;Tung;Tung-Chia
kmc		Gam;Kam;Leec Gaeml;Lix Gaeml;Southern Dong;Tong;Tung;Tung-Chia
kmd		Madukayang Kalinga;Majukayang Kalinga;Majukayong
kme		Bakolle;Bamusso;Kole;Kɔlɛ;mbɔsi ja banɔ
kmf		Kare (Papua New Guinea)
kmg		Kai;Kâte Dong;Kâte dâŋ
kmh		Aforo;Karam;Kotp;Monmon;Mseŋ
kmi		Kami (Nigeria)
kmj		Kumar;Mad;Mal;Maler;Malti;Malto;Maltu;Paharia;Pahariya
kmk		Limos Kalinga;Limos-Liwan Kalinga;Limus;Linimos;Northern Kalinga
kml	kgh	Lower Tanudan;Lower Tanudan Kalinga;Mangali Kalinga;Tanudan;Tanudan Kalinga
kmm		Kom (India);Kom Rem;Kom-tong
kmn		Autu;Kamnum
kmo		Kuome;Washkuk
kmp		Gimma;Koma Kompana;Kompana;Kompara;Panbe
kmq		
kms		Wand Tuan
kmt		Kamtuk;Kemtuk
kmu		
kmv		Amapá French Creole;Crioulo;Crioulo karipúna;Karipúna Creole French;Lanc-Patuá;Patua;Uaçá Creole French
kmw		Kikomo;Kikumo;Kikumu;Kikuumu;Komo (Democratic Republic of Congo);Kumo;Kumu;Kuumu
kmx		Wabuda
kmy		Kuma
kmz		Quchani;West Khorasani Turkic;West Xorasan Turkic;Xorasan;Xorasan Turkic
kan		Banglori;Canarese;Havyaka;Kanarese
kan		Banglori;Canarese;Havyaka;Kanarese
kan		Banglori;Canarese;Havyaka;Kanarese
kna		Bo Dera;Dera (Nigeria);Kanakuru
knb		Lilubuagen;Lubuagan;Lubuagan Kalinga
knd		Ogit;Yabin;Yabin-Konda
kne		Aplay;Central Kankanaey;Kankana-ey;Kankanai;Kankanay;Katawán
knf		Bola;Bramis;Mancagne;Mancang;Mancanha;Mankaañ;Mankanha;Uhula
kni		Anib;Aninib;Karshi
knj		Acatec;Acateco;Conob;Kanjobal;Kanjobal de San Miguel Acatán;Kanjobal, Western;Kuti’;K’anjobal;K’anjob’al;Q’anjob’al;San Miguel Acatán Kanjobal;Western Kanjobal;Western Q’anjob’al
knk		Koranko;Kurankokole
knk		Koranko;Kurankokole
knl		Dayak Kaninjal;Kaninjal;Kaninjal Dayak
knm		Canamarí;Djapá;Kanamaré;Tâkâna;Tüküná
kno		Konnoh;Kono (Sierra Leone);Kɔnɔ
knp		Kondja;Konja;Kwànjâ
knq		Bong;Kenta;Kintak;Kintaq Bong;Kintk;Maniq
knr		Kaningara
kns		Belubn;Kansiw;Kense;Kenseu;Kensieu;Kensiw;Maniq;Mawas;Mendi;Mengo;Meni;Menik;Moni;Monik;Moniq;Mos;Ngok Pa;Orang Bukit;Orang Liar;Tiong
kns		Belubn;Kansiw;Kense;Kenseu;Kensieu;Kensiw;Maniq;Mawas;Mendi;Mengo;Meni;Menik;Moni;Monik;Moniq;Mos;Ngok Pa;Orang Bukit;Orang Liar;Tiong
knt		Catuquina;Kamanawa;Kamannaua;Kanamarí;Katukina Pano;Katukina do Acre;Katukina do Juruá;Katukina-Kanamari;Panoan Katukína;Waninnawa
knu		Kono (Guinea)
knv		Hibaradai;Hiwi;Waia;Waya
knv		Hibaradai;Hiwi;Waia;Waya
knv		Hibaradai;Hiwi;Waia;Waya
knw		!Hu;!Khung;!Ku;!Kung;!Xu;!Xun;!Xung;Ekoka !Xung;Ekoka-!Xû;Ekoko-!Xû;Kung;Qxû;Qxü
knx		Badameà;Baicit;Damea;Kanayatn;Kenayatn;Kendayan Dayak;Salakau;Salako;Selakau;Selako;Silakau
kny		Kanioka;Kanyoka
knz		Kalemsé;Kalenga;Sàmòmá;Sàmó
kor		Chaoxian;Chaoxianyu;Chaoyu;Goryeomal;Hangouyu;Hanguohua;Hanyu;Koryomal;Zainichi Korean
kor		Chaoxian;Chaoxianyu;Chaoyu;Goryeomal;Hangouyu;Hanguohua;Hanyu;Koryomal;Zainichi Korean
kor		Chaoxian;Chaoxianyu;Chaoyu;Goryeomal;Hangouyu;Hanguohua;Hanyu;Koryomal;Zainichi Korean
kor		Chaoxian;Chaoxianyu;Chaoyu;Goryeomal;Hangouyu;Hanguohua;Hanyu;Koryomal;Zainichi Korean
kor		Chaoxian;Chaoxianyu;Chaoyu;Goryeomal;Hangouyu;Hanguohua;Hanyu;Koryomal;Zainichi Korean
koa		
koc		Bati;Dong;Kam
kod		Kudi
koe		Kachepo;Kachipo;Kacipo;Kacipo-Bale Suri;Kacipo-Balesi;Suri
kof		Be;Denawa;Deno;Denwa;Kuba;Kubawa
kog		Cagaba;Coghui;Cogui;Kagaba;Kaugiañ;Kawgian;Kogui;Koguian;Kággaba
koh		Ekoyo;Kouyou
koi		Kama Permyak;Komi-Perm;Komi-Permian;Komi-Permyaki;Komi-Permyan;Komi-Permyat;Permian;Permyak
koi		Kama Permyak;Komi-Perm;Komi-Permian;Komi-Permyaki;Komi-Permyan;Komi-Permyat;Permian;Permyak
koi		Kama Permyak;Komi-Perm;Komi-Permian;Komi-Permyaki;Komi-Permyan;Komi-Permyat;Permian;Permyak
kok	knn	Amchigela;Central Konkan;Concorinum;Cugani;Kathodi;Katvadi;Konkan Standard;Konkanese;Konkani;Konkani Mangalorean;Kunabi;North Konkan
kok	knn	Amchigela;Central Konkan;Concorinum;Cugani;Kathodi;Katvadi;Konkan Standard;Konkanese;Konkani;Konkani Mangalorean;Kunabi;North Konkan
kok	knn	Amchigela;Central Konkan;Concorinum;Cugani;Kathodi;Katvadi;Konkan Standard;Konkanese;Konkani;Konkani Mangalorean;Kunabi;North Konkan
kol		Kol (Papua New Guinea);Kola;Kole
koo		Bakonzo;Bayira;Konjo;Lhukonzo;Olukonjo;Olukonzo;Rukonjo;oluKonzo
kop		Kwato;Waupe
koq		Ikota;Ikuta;Kota (Gabon);Kotu
kos		Kosrae;Kusaie;Kusaiean
kot		Kotoko-Logone;Lagouane;Lagwane;Logone
kou		Khoke;Koké
kov		Kuda-Chamo;Kudawa
kow		Kugamma;Wegam;Yamale;Yamalo
koy		Denaakk’e;Kenaakk’enaage;Ten’a
koz		Korak
kpa		Kupto;Kúttò
kpb		Mullu Kurumba
kpc		Baniva del Isana;Baniva-Kurripako;Baniwa del Isana;Coripaco;Cumata;Curipaco;Curripaco-Baniva;Karrupaku;Koripako;Korispaso;Kuripaco;Kuripako;Kurripaco;Kurripako;Kúrrim;Pacu;Palioariene;Payualiene;Payuliene;Wakuénai;Waquenia
kpd		Aru
kpe	xpe	Gbese;Kpele;Kpelle, Liberia;Kpese;Kpwessi;Kpɛlɛwoo;Pessa;Pessy
kpe	xpe	Gbese;Kpele;Kpelle, Liberia;Kpese;Kpwessi;Kpɛlɛwoo;Pessa;Pessy
kpf		Neng Den;Niiŋ Den
kpg		Kirinit
kph		Guang;Prang
kpi		Kifei
kpj		Caraiauna;Carajá;Chambioa;Iny;Iny Rybe;Ynã
kpk		Abakan;Hwaso;Hwaye;Ibukwo;Ikpan;Kpanten;Kpwate;Nyatso;Nyonyo;Yorda
kpl		Gbakpwa;Kpwaala;Kwala
kpm		Caho;Co Ho;Coho;Kohor;Kơho
kpn		Kepkiriwat;Kepkiriwate;Quepi-quiri-uate;Quepiquiriquat;Quepiquiriuate
kpo		Akposo;Akposso;Ikposso;Kposo;Kposso;Ɩkpɔsɔ
kpq		Kimyal of Korupun;Korapun
kpr		Kailikaili;Kaire;Korafe;Korafe-Mokorua;Korafi;Korape;Kwarafe
kps		Kaibus;Salo Tehit;Salo Tkoin;Tahit;Tehid;Teminabuan
kpt		Karatai;Karatay;Karatin;Kirdi;Kk’irtli micc’i
kpu		Aikoli;Fanating;Jafoo;Pailelang;Ruilak
kpw		
kpw		Kobon - Minimib
kpx		Maunten Koiali;Mountain Koiali;Mountain Koiari
kpy		Koryaki;Nymylan
kpz		Kuksabin;Kupsabiny;Sabiny;Sapei;Sebei
kqa		Katiati
kqb		Alngubin;Kobai;Kowai
kqc		Dorom;Doromu;Doromu ago;Koki
kqd		Koi Sanjaq Soorit;Koi-Sanjaq Sooret;Koy Sanjaq Sooret;Koy Sanjaq Soorit;Surat
kqe		Kaagan;Kagan;Kinalagan;Minuslim Kalagan
kqe		Kaagan;Kagan;Kinalagan;Minuslim Kalagan
kqe		Kaagan;Kagan;Kinalagan;Minuslim Kalagan
kqf		Igola;Igora
kqg		Bambadion-Kheso;Kheso
kqh		
kqi		
kqj		
kqk		Ayizɔ-Kogbe;Ko;Kogbe;Kotafon Gbe
kql		Bulang;Kenen Birang;Kenying;Keyele;Keñele;Kyenying-Barang;Miyak
kqm		Khi;Khi Khipa;Khɩsa;Komono;Kumwenu
kqn		Chikahonde;Chikaonde;Kahonde;Kawonde;Luba Kaonde;kiiKaonde
kqn		Chikahonde;Chikaonde;Kahonde;Kawonde;Luba Kaonde;kiiKaonde
kqo		Eastern Krahn;Eastern Kran;Konobo-Eastern Krahn;Kran
kqp		Gabri-Kimré;Gawra
kqq		Aimorés;Borun;Botocudo;Botocudos;Crenac;Crenaque;Krenac;Krenak-Nakrehé;Nakrehé
kqr		Kimaragan;Kimaragang Dusun;Kimaragangan;Maragang;Marigang
kqs		Gizi;Kisi;Kisie;Kissien;Northern Kissi;kìsìéí
kqt		Klias River Kadazan;Kuijou;Kuizou
kqu		Vaal–Orange
kqv		Kolod;Kolor;Kolour;Kolur;Murut, Kolod;Okolod Murut
kqw		Kadas;King
kqx		Klesem;Kotoko-Kuseri;Kouseri;Kousseri;Kuseri;Msər
kqy		
kqy		
kqz		!Gora;!Kora;!Ora;Gorachouqua;Kora;Koranna;Koraqua
kau	knc	Aga;Borno;Bornouan;Bornouans;Bornu;Central Kanuri;Kanouri;Kanoury;Kanuri, Yerwa;Kole;Kolere;Sirata;Yerwa Kanuri
knc		Aga;Borno;Bornouan;Bornouans;Bornu;Central Kanuri;Kanouri;Kanoury;Kanuri;Kole;Kolere;Sirata;Yerwa Kanuri
kra		Kumali;Kumbale;Kumhale;Kumhali;Kumkale
krb		Carquin;Los Carquines
krc		Balkar;Balkarian;Balqar;Karacaylar;Karachai;Karachaitsy;Karachay;Karachayla;Malqartil;Qarachaytil;Taulu til
krd		Cairui;Midiki
kre		Indios Gigantes;Kreen Akarore;Kren Akarore;Krenakarore;Krenakore;Krenhakarore;Panãra pẽẽ
krf		Banks-Inseln;Koro (Vanuatu);Koro-Olrat
krh		Akurmi;Akurumi;Azumu;Bagwama;Tikurami
kri		Creole;Patois
krj		Antiqueño;Ati;Binisaya nga Karay-a;Bisaya nga Kinaray-a;Hamtikanon;Hamtiknon;Hinaray-a;Hiniraya;Karay-a;Kinaray-A;Kiniray-a;Panayano;Sulud
krk		
krl		Karel;Karelian Proper;Karely;Karel’skiy Jazyk;Severno-Karel’skij;Sobstvenno-Karel’skij-Jazyk
krl		Karel;Karelian Proper;Karely;Karel’skiy Jazyk;Severno-Karel’skij;Sobstvenno-Karel’skij-Jazyk
krn		Sarpo;Southern Krahn
krp		Dyurop;Erorup;Korop;Kurop;Ododop
krr		Brao Krung;Kreung;Kroeng;Kroeung;Kru’ng
krs		Gbaya (Sudan);Gbäyä;Kpala;Kpara;Kparla;Kredj;Kreich;Kreish;Kresh
krt		Kanambu;Kanembu;Tumari Kanuri
kru	kxl	Kadukali;Kurka;Kurukh;Kurukha;Nepali Kurux;Oraoan;Oraon;Orau;Urang;Uranw;Uraon;Urau;Uraw
kru		Kurukh;Oraoan;Uraon
kru		Kadukali;Kurka;Kurukh;Kurukha;Nepali Kurux;Oraoan;Oraon;Orau;Urang;Uranw;Uraon;Urau;Uraw
krv		Convet;Kaaveat;Khrak;Khvek;Kowet;Kraeth;Kravet;Kraveth
krw		Krahn;Kran;Northern Krahn;Western Krahn;Western Kran
krx		Jola-Karone;Kaloon;Kalɔɔn;Karone;Karoninka;Kouloonaay;Kulonay;Kuloonaay;Kägup kɔlɔɔnay
kry		Dzek;Dzhek;Dzheki;Griz;Katsy;Kryc;Kryz;Kryzy;Qrits
krz		Ngar;Nggarna;Sota;Sota Kanum
kas		Cashmeeree;Cashmiri;Kacmiri;Kaschemiri;Keshur;Keshuri;Koshur;kɨːʃɪr
kas		Cashmeeree;Cashmiri;Kacmiri;Kaschemiri;Keshur;Keshuri;Koshur;kɨːʃɪr
kas		Cashmeeree;Cashmiri;Kacmiri;Kaschemiri;Keshur;Keshuri;Koshur;kɨːʃɪr
kas		Cashmeeree;Cashmiri;Kacmiri;Kaschemiri;Keshur;Keshuri;Koshur;kɨːʃɪr
ksb		Kisambaa;Kishambaa;Kishambala;Sambaa;Sambala;Sambara;Schambala;Shambaa
ksc		Kinalingga;Kinalingka;Southern Kalinga
ksd		Blanche Bay;Gunantuna;Neu-Pommern;New Britain Language;Tinata Tuna;Tolai;Tuna
ksd		Blanche Bay;Gunantuna;Neu-Pommern;New Britain Language;Tinata Tuna;Tolai;Tuna
kse		
ksf		Bekpak;Kpa;Rikpa;Rikpa’
ksg		Kusage;Kusaghe-Njela;Kushage
ksh		Kölsch;North Middle Franconian;Ripuarisch
ksi		I'saka;Isaka;Krisa
ksj		Kwale;Kware
ksk		Kanze;Kaw;Konze
ksl		Kumara
ksm		Isaro;Sate;Yofo
ksn		Casiguranin
kso		Koffa;Kota;Muleng
ksp	lak	Godogodo;Kaba;Kaba Laka;Kaba de Baibokoum;Kaba de Goré;Kaba de Paoua;Laga;Laka;Laka of Lau;Lakka;Lau;Lau Haabe;Sara;Western Kaba
ksq		Komawa;Kwam;Kwamanchi;Kwami;Kwom
ksr		Boroŋ;Naama
kss		Gisi;Gissi;Gizi;Kisi;Kissi;Kissien;Southern Kisi;kìsìéí
kst		Kols;Kolsi;Kõ;Winɩ́ɛ
ksu		Khamiyang;Khamjang;Shyam;Tai Khamyang;Tai Nora
ksv		Fuluka;Kikusu;Kongola;Kutsu;Lokutsu
ksw		Burmese Karen;Kanyaw;Karen;Kayinpyu;Kyetho;Paganyaw;Pchcknya;Pwakanyaw;Pwakenyaw;S'gaw Karen;S’gau;S’gaw;S’gaw Kayin;White Karen;Yang Khao
ksw		Burmese Karen;Kanyaw;Karen;Kayinpyu;Kyetho;Paganyaw;Pchcknya;Pwakanyaw;Pwakenyaw;S'gaw Karen;S’gau;S’gaw;S’gaw Kayin;White Karen;Yang Khao
ksw		Burmese Karen;Kanyaw;Karen;Paganyaw;Pwakanyaw;S'gaw Karen;S’gau;S’gaw;S’gaw Kayin;White Karen;Yang Khao
ksw		Burmese Karen;Kanyaw;Karen;Paganyaw;Pwakanyaw;S'gaw Karen;S’gau;S’gaw;S’gaw Kayin;White Karen;Yang Khao
ksx		Dang;Kdang;Kedangese;Kédang
ksy		Erenga;Kheria;Pahari;Sabar
ksz		Koraku;Korwa
kta		Ca Tua
ktb		
ktb		
ktc		Kode;Koode;Kwoode;Pia;Pitiko;Widala;Wurkum
ktd		Gugada;Kokatha;Kokitta;Koocatho;Koogurda;Kugurda;Kukata;Kukatha;Madutara;Maduwonga;Wanggamadu;Wongamardu
kte		Bhote;Bhotia;Kutang;Kutang Bhotia;Larkye
kte		Bhote;Bhotia;Kutang;Kutang Bhotia;Larkye
ktf		Kikwame;Kikwami;Kwame
ktg		Galgadungu;Galgaduun;Kalkadoon;Kalkatungu;Kalkutungu
kth		Karango;Kurunga
kti		Kataut;Kati-Ninanti;Niinati;Ninatie;North Kati;North Moejoe;North Muyu;Yonggom;Yongkom;Yongom
ktj		Kroumen;Kroumen Plaapo;Kru Plapo;Krumen;Krumen Plapo;Plaapo Kroumen;Plaawin;Plapo;Plapo Krumen
ktk		
ktl		Koroshi Balochi
ktm		Kuruti;Kuruti-Pare;Ndrugul;Nolou Kurti;Sohou Kurti
ktn		Caritiana;Yjxa
kto		Kuat;Panaras
ktp		Gazhuo;Kado;Kadu;Khatu
ktq		
kts		Digoel;Digul;Kati Metomka;Metomka;Moejoe;Ok Bari;South Kati;South Muyu;Yonggom;Yongkom;Yongom
ktt		Kitum;Wambon-Ketum
ktu		Kibula-matadi;Kibula-matari;Kibulamatadi;Kikongo;Kikongo Commercial;Kikongo Simplifié;Kikongo ya bula-matadi;Kikongo ya bula-matari;Kikongo ya leta;Kikongo-Kituba;Kikongo-Kutuba;Kileta;Kituba (Democratic Republic of Congo)
ktv		Eastern Katu;High Katu
ktw		Batem-Da-Kai-Ee;Cahto;Kai Po-Mo;Tlokeang
ktx		Caxarari;Kaxariri
kty		Kango (Bas-Uélé District);Likango
ktz	aue	!Xo;!Xun;Dobe Kung;Dzu’oasi;Juǀʼhoan;Juǀʼhoansi;Juǀ’hoan;Ju’oasi;Kung;Kung-Tsumkwe;South-Eastern Ju;Tshumkwe;Tsumkwe;Xaixai;Xû;Zhu’oasi
kur	kmr	Badinani;Badînî;Bahdini;Behdînî;Eastern Kurmanji;Ezdiki;Kermancî;Khorasani;Khorasani Kurmanji;Kirmanciya Jori;Kirmancî;Kordi;Kordi Kormanji;Kurdi;Kurdish Kurmanji;Kurdish, Northern;Kurdiya jorîn;Kurdmancî;Kurdî;Kurdî-Kurmancî;Kurmancî;Kurmanji;Kurmanji Kurdish;Kurmanjî;Red Kurmanji;Shingali
kur	kmr	Badinani;Badînî;Bahdini;Behdînî;Eastern Kurmanji;Ezdiki;Kermancî;Khorasani;Khorasani Kurmanji;Kirmanciya Jori;Kirmancî;Kordi;Kordi Kormanji;Kurdi;Kurdish Kurmanji;Kurdish, Northern;Kurdiya jorîn;Kurdmancî;Kurdî;Kurdî-Kurmancî;Kurmancî;Kurmanji;Kurmanji Kurdish;Kurmanjî;Red Kurmanji;Shingali
kur		
kur	kmr	Badinani;Badînî;Bahdini;Behdînî;Eastern Kurmanji;Ezdiki;Kermancî;Khorasani;Khorasani Kurmanji;Kirmanciya Jori;Kirmancî;Kordi;Kordi Kormanji;Kurdi;Kurdish Kurmanji;Kurdish, Northern;Kurdiya jorîn;Kurdmancî;Kurdî;Kurdî-Kurmancî;Kurmancî;Kurmanji;Kurmanji Kurdish;Kurmanjî;Red Kurmanji;Shingali
kur		
kmr		Badinani;Badînî;Bahdini;Behdînî;Eastern Kurmanji;Ezdiki;Kermancî;Khorasani;Khorasani Kurmanji;Kirmanciya Jori;Kirmancî;Kordi;Kordi Kormanji;Kurdi;Kurdish;Kurdish Kurmanji;Kurdiya jorîn;Kurdmancî;Kurdî;Kurdî-Kurmancî;Kurmancî;Kurmanji;Kurmanji Kurdish;Kurmanjî;Red Kurmanji;Shingali
kub		Ati;Kuteb;Kutev;Mbarike
kuc		Ansudu
kud		'Auhelawa;Kurada;Nuakata;Ulada;’Urada
kue		Chimbu;Kuman (Papua New Guinea);Simbu
kuf		Western Katu
kug		
kuh		Chonge;Chongee;Chong’e;Fo Goji;Goji;Kushe;Memme Goji
kui		Apalakiri;Apalaquiri;Calapalu;Cuicuro;Cuicutl;Guicurú;Kalapalo;Kuikuru;Kurkuro
kuj		Egikuria;Ekiguria;Ekikuria;Gikuria;Igikuria;Ikikuria;Kikoria;Kikuria;Kikuria cha Mashariki;Kikuria cha juu;Koria;Kulia;Kurya;Kurye
kuk		Ba’i;Kepo;Kepo';Kepoq
kul		Akande;Akandi;Kande;Korom Boye
kum		Kumuk;Kumuklar;Kumyki;Qumuqlar
kum		Kumuk;Kumuklar;Kumyki;Qumuqlar
kum		Kumuk;Kumuklar;Kumyki;Qumuqlar
kun		Baada;Baaden;Baaza;Baazayn;Baazen;Bada;Baden;Baza;Bazen;Cunama;Diila;Kù’nàmà ¡ée’là;Kù’nàmà àu’rà
kuo		Kumokio
kup		
kuq		Ah’e;Caripuna;Jau-Navo;Juanauo;Kagwahiva;Karipuna de Rondônia;Karipuna do Guaporé
kus		Koussassé;Kusaas;Kusaasi;Kusale;Kusasi;Kʋsaal
kut		Kootenai;Kootenay;Ksanka;Kutenai
kuu		Dena’ina;Dinakʼi;Goltsan;Kolchan;McGrath Ingalik;Upper Kuskokwim
kuv		
kuw		Kpagwa
kux		Gugadja;Kukaja
kuy		Bagadji;Gugu Yau;Koko-Ja’o;Kokoyao;Kuuk-Yak;Kuuku Ya’u;Kuuku-Ya'u;Pakadji;Ya’o
kuz		Atacameño;Likan Antai;Likanantaí;Lipe;Ulipe
kom	kpv	Komi-Syrjänisch;Komi-Zyrian;Komi-Zyryan;Syrjänisch;Syränisch;Yazva;Ziryene;Zyrian;Zyriène;Zyryan
kpv		Komi;Komi-Syrjänisch;Komi-Zyryan;Syrjänisch;Syränisch;Yazva;Ziryene;Zyrian;Zyriène;Zyryan
kom	kpv	Komi-Syrjänisch;Komi-Zyrian;Komi-Zyryan;Syrjänisch;Syränisch;Yazva;Ziryene;Zyrian;Zyriène;Zyryan
kom		
kva		Bagulal;Bagvalin;Bagwalal;Barbalin;Kvanada;Kvanadin
kvb		Anak Dalam;Orang Hutan;Orang Rimba
kvc		
kvd		Kui (Indonesia);Lerabaing;Masin-Lak
kve		Kalabakan;Tawau Murut;Tidung
kvf		Gablai;Kaba-Lai;Kabalay;Kabalaye;Keb-Kaye;Lai;Lay
kvg		Boadji;Boazi;Bwadji;Kuini;Kuni
kvh		
kvi		Kouang;Kuang;Kwong
kvj		Kamsiki;Kapsiki;Ptsake
kvk		Hanguk Sueo;Hanguk Suhwa Eoneo;KSL
kvl		Deleh;Ka-yaw;Khithown;Khitthit;Laku;Pramano
kvm		Bokwa-Kendem
kvn		Border Kuna;Caiman Nuevo;Colombia Cuna;Cuna;Guna;Kuna de la Frontera;Long Hair Cuna;Paya Kuna;Paya-Pucuro;Paya-Pucuro Kuna;Tule
kvo		Aru;Doibel;Kobroor;Kobro’or;Sersifar Tannin
kvp		Aru;Komfana;Kongampani
kvq		Daneh;Geba;Geba Karen;Kaba;Karenbyu;Kayinbyu;Kayinpyu;Kebar;Kono;Koo-ong;Northern Bwe;White Karen
kvq		Daneh;Geba;Geba Karen;Kaba;Karenbyu;Kayinbyu;Kayinpyu;Kebar;Kono;Koo-ong;Northern Bwe;White Karen
kvr		Kerinchi;Kinchai
kvr		Kerinchi;Kinchai
kvt		Karen Lahta;Kayan Lahta;Khahta;Lahta Karen;Lethta;Peu;Taru;Tarulakhi;Turu;Yan Wohta
kvu		Yeinbaw;Yinbaw Karen
kvv		Kulaha;Marlasi;Warilau
kvw		Kolana;Kolana-Wersin;Warsina;Wersin
kvx		Parkari;Parkari Koli
kvy		Tali;Taliak;Yangatalet;Yangtadai;Yintale Karen;Yintalet
kvz		Kotogut;Kotogüt;Tsakwambo;Tsokwambo
cor		Curnoack;Kernewek;Kernowek
cor		Curnoack;Kernewek;Kernowek
kwa		Dow
kwb		Baa;Kwah;nyaa Báà
kwc		Ekwala;Kwala;Likouala
kwd		Fataia;Koio;Welakau
kwe		Air Mati;Airmati;Armati;Koassa;Mataweja;Naibedj;Segar Tor;Tekutameso
kwf		Fiu;Kwara'ae;Kwaraqae
kwg		Kaba Demi;Kaba Démé;Kaba ’Dem;Sara Kaba Dem;Sara Kaba Deme;Sara Kaba Ɗem;Tà Sàra;Ɗem
kwh		Adi;Aiduma;Kaiwai;Kajumerah;Kayumerah;Koiwai;Kuiwai;Namatota;Namatote
kwi		Awa;Awa Pit;Awapit;Coaiquer;Cuaiquer;Kwaiker;Quaiquer;auapit;Înkal Awa
kwj		Gawanga;Kawanga
kwk		Kwagiutl;Kwak'wala;Kwakiutl;Kwakwaka’wakw;Kwakwala
kwl		Koffiar;Pan
kwm		Oshikwambi;Otjiwambo;Owambo
kwn		Cuangar;Kwangare;Kwangari;Rukwangari;Rukwángali;Sikwangali;Vakwángali
kwo		Glefe;Kefe;Kisofe;Klefe
kwp		Kwadia;Kwadya
kwr		Kware
kws		Akwezo;Gikwese;Gikwezo;Gikwezu;Kikwese;Kwezo;Pindi;Ukwese
kwt		Kwalhioqua;Kwalhioqua-Clatskanie
kwu		Abakoum;Abakum;Akpwakum;Bakoum;Bakum;Kpakum;Pakum
kwv	koj	Dana;Kaba Na;Kaba Naa;Kaba Nar;Na;Naa;Sara Kaba;Sara Kaba Náà
kww		
kwx		Kalari;Kharwâr;Kherwari;Khirwara
kwy		Angolan Kikongo;Congo;Kikoongo;San Salvador Kongo
kwz		Bakoroka;Cuanhoca;Cuepe;Curoca;Koroka;Makoroko;Mucoroca
kxa		
kxb		Krobou
kxc		
kxc		
kxd		Brunai;Brunei-Kadayan;Melayu Brunei
kxd		Brunai;Brunei-Kadayan;Melayu Brunei
kxf		Kayah Monu;Kayah-Munu;Kayàw;Manaw;Manu;Manu Manaw;Manumanaw;Manumanaw Karen;Manö;Monu
kxf		Kayah Monu;Kayah-Munu;Kayàw;Manaw;Manu;Manu Manaw;Manumanaw;Manumanaw Karen;Manö;Monu
kxf		Kayah Monu;Kayah-Munu;Kayàw;Manaw;Manu;Manu Manaw;Manu and Manaw dialects;Manumanaw;Manumanaw Karen;Manö;Monu
kxh		Karo (Ethiopia)
kxi		Central Murut;Keningau Murut
kxj		Kulfe;Kurmi;Kurumi
kxk		Gaungtou;Khaungtou;Lahta-Zayein Karen;Zayein Karen
kxm		Khmer Lue;Northern Khmer;Thailand Khmer;Upper Khmer
kxm		Khmer Lue;Northern Khmer;Thailand Khmer;Upper Khmer
kxn		Kanowit-Tanjong Melanau
kxo		Amniapé;Canoé;Canoê;Guarategaja;Guaratira;Guaratégaya;Kanoê;Kapishanã;Kapixana;Kapixaná;Koaratira
kxp		Wadaria;Wadhiara;Wadiyara;Wadiyara Koli;Wadiyari
kxp		Wadaria;Wadhiara;Wadiyara;Wadiyara Koli;Wadiyari
kxp		Koli, Thradhri;Wadaria;Wadhiara;Wadiyara;Wadiyara Koli;Wadiyari
kxq		Barkari;Enkelembu;Kenume;Knwne;Smärki;Smärky Kanum
kxr	pat	Kara;Koro (Papua New Guinea)
kxs		Kangyang Hui
kxt		Sawos
kxu		
kxv		Khod;Khondh;Khondi;Kodu;Kond;Kuvi Kond;Kuvinga;Kuwi
kxv		Khod;Khondh;Khondi;Kodu;Kond;Kuvi Kond;Kuvinga;Kuwi
kxv		Khod;Khondh;Khondi;Kodu;Kond;Kuvi Kond;Kuvinga;Kuwi
kxv		Khod;Khondh;Khondi;Kodu;Kond;Kuvi Kond;Kuvinga;Kuwi
kxw		Kala̱i̱;Mirapmin
kxx		Kuba;Kyba
kxy		Ca Giong;Cagiuong;Kagiuong;Katang
kxz		Goaribari;Kerewa;Kerewa-Goari;Kerewo Wade
kir		Kara;Kara-Kirgiz;Ke’erkez;Kirghiz;Kirghizi;Kirgiz;Kyrgyz tili;Kyrgyzcha
kir		Kara;Kara-Kirgiz;Ke’erkez;Kirghiz;Kirghizi;Kirgiz;Kyrgyz tili;Kyrgyzcha
kir		Kara;Kara-Kirgiz;Ke’erkez;Kirghiz;Kirghizi;Kirgiz;Kyrgyz tili;Kyrgyzcha
kir		Kara;Kara-Kirgiz;Ke’erkez;Kirghiz;Kirghizi;Kirgiz;Kyrgyz tili;Kyrgyzcha
kya		Ekikwaya;Kikwaya
kyb		Butbut;Butbut Kalinga;Kalinga Butbut
kyc		Baiyer;Enga-Kyaka;Kyaka Enga;Kyaka Eŋa
kyd		Kerei;Krei
kye		Kaache;Kaakye;Kaakyi;Kaakyɩ;Krachi;Krakye
kyf		Kowya;Kuya;Sokuya;Sokya;Sɔkɔwɛlɩ
kyg		Keiagana;Keigana;Ke’yagana
kyh		Charoc;Karuk;Quoratean;Quoratem
kyi		
kyj		Karaw
kyk		Camayo;Davawenyo;Davaweño;Kinadi;Kinamayo;Mandaya;Mandaya-Kinamayo
kyl		Kalapuyan;Luckiamute;Lukamiute;Santiam;Wapatu;Yoncalla
kym		Kpatere;Kpatiri;Ngindere
kyn		Karolanos;Northern Binukidnon
kyo		Kalong;Kelon;Kelong;Kolon
kyp		Tai Khang
kyq		Cenge;Kenge;Taar Cɛŋge;Taar Cɛŋɛ;Taar naaŋjege
kyr		Caravare;Curuaia;Kuruaia
kys		Baram Kajan;Baram Kayan;Kayan
kyt		Kajagar;Kajakaja;Kaygi;Kaygir;Wiyagar
kyu		Karenni;Karennyi;Karieng Daeng;Kayah;Kayah Li;Kayahli;Red Karen;Western Kayah;Yang Daeng
kyu		Karenni;Karennyi;Karieng Daeng;Kayah;Kayah Li;Kayahli;Red Karen;Western Kayah;Yang Daeng
kyu		Karenni;Karennyi;Karieng Daeng;Kayah;Kayah Li;Kayahli;Red Karen;Western Kayah;Yang Daeng
kyv		Kayort;Kewarat
kyw		Bedia;Dharua;Khotta;Kurmali;Kurmali Thar;Kurumali
kyw		Bedia;Dharua;Khotta;Kurmali;Kurmali Thar;Kurumali
kyw		Bedia;Dharua;Khotta;Kurmali;Kurmali Thar;Kurumali
kyw		Bedia;Dharua;Khotta;Kurmali;Kurmali Thar;Kurumali
kyx		Konua;Kunua
kyy		Kambaira
kyz		Caiabí;Kaiabí;Kajabí;Kawaiwete;Maquiri;Parua
kza		Syer-Tenyer;Western Karaboro
kzb		Kaibubu
kzc		Bondoukou;Bondoukou Kulango;Bonduku;Kolango;Koulango;Kulange;Kulango;Nkuraeng;Nkurange
kzd		
kze		Kóséna
kzf		Basa Da’a;Binggi;Bunggu;Da'a Kaili;Da’a;Pakawa;Pekava;Pekawa
kzg		
kzi		Apo Duat;Kalabit;Kerabit
kzk	drr;gli	
kzl		Caeli;Cajeli;Gaeli;Kajeli
kzm		Aiso;Atori;Kampong Baru;Kampung Baru;Mintamani
kzn		Ekokhola;Kokhola;iKokola
kzo		Bakanike;Bakaningi;Lekaningi;Likaningi
kzp		Bolangitang;Dio;Kaidipang-Bolangitang
kzq		Magar Kaike;Tarali Kham
kzr		Eastern Mbum;Karaŋ;Kareng;Laka;Lakka;Lakka Mbum;Mbum;Mbum Bakal;Mbum-East;Nzak karaŋ;Nzák Kàráng
kzs		Dusun;Kadayan;Sugut;Sugut Kadazan;Tanggal;Tilau-Ilau
kzu		Kajupulau;Kayapulau;Kayu Pulo
kzv		
kzw		Cariri;Dzubukuá;Kariri Xucó;Kariri-Xoc;Karirí;Kiriri;Quirirí;Tumbulalá;Xocó;Xokó;Xokó-Karirí;Xukuru Kariri;Xukurú
kzx		Kamariang;Seruawan
kzy		Dikango;Kango (Tshopo District);Kango Pygmy;Kikango;Likango
kzz		Beraur;Klabra;Salo Tkoin
lat		Latina
laa		Lapuyan Subanun;Lapuyen;Margosatubig;Sinubanen;Southern Subanen;Subanen
lab		
lac		Hach tʼan;Jach-t’aan;Lacandón;Lakantún;Maya Lacandón
lad		Cudeo-Espanyol;Djidió;Djudeo-Espagnol;Djudezmo;Djudyó;Dschudeo-Espanjol;Dzhudeo-Espanyol;Dzhudezmo;Dzidió;Dzsudeo-Eszpanyol;Dzudezmo;Dżudeo-Espańol;Džudeo-Espanjol;Eshpanyol;Eshpanyolit;Espanyol;Espanyolit;Español sefardita;Franco Espanyol;Giudeo-Espagnol;Giudeo-Espaneol;Haketia;Hakitia;Jaquetía;Jidió;Jidyo;Judeo Spanish;Judeo-Espagnol;Judeo-Espaniol;Judeo-Espanýol;Judeo-Español;Judeo-Spanish;Judesmo;Judezmo;Judyo;Judío;Jūdeo-Esupanyōru;Ladino Occidental;Lešon Sepharadim;Romance;Romance Espanyol;Sefardi;Sepharadi;Sephardi;Sephardic;Shpanyol;Shpanyolit;Spanyol;Spanyolit;Spanyolo;Tzoudeo-Espaniol;Western Judeo-Spanish;Xhudeo-Espanjol;Zargon;Ġudeo-Espanjol;Ǧudéo-Españól;Ḥakitíya
lad		Cudeo-Espanyol;Djudeo-Espagnol;Djudezmo;Djudyó;Dschudeo-Espanjol;Dzhudeo-Espanyol;Dzhudezmo;Dzidió;Dzsudeo-Eszpanyol;Dzudezmo;Dżudeo-Espańol;Džudeo-Espanjol;Eshpanyol;Eshpanyolit;Espanyol;Espanyolit;Español sefardita;Franco Espanyol;Giudeo-Espagnol;Giudeo-Espaneol;Haketia;Hakitia;Jidió;Jidyo;Judeo Spanish;Judeo-Espagnol;Judeo-Espaniol;Judeo-Espanýol;Judeo-Español;Judesmo;Judezmo;Judyo;Judío;Jūdeo-Esupanyōru;Lešon Sepharadim;Romance;Romance Espanyol;Sefardi;Sepharadi;Sephardi;Sephardic;Shpanyol;Shpanyolit;Spanyol;Spanyolit;Spanyolo;Tzoudeo-Espaniol;Xhudeo-Espanjol;Zargon;Ġudeo-Espanjol;Ǧudéo-Españól
lad		Cudeo-Espanyol;Djidió;Djudeo-Espagnol;Djudezmo;Djudyó;Dschudeo-Espanjol;Dzhudeo-Espanyol;Dzhudezmo;Dzidió;Dzsudeo-Eszpanyol;Dzudezmo;Dżudeo-Espańol;Džudeo-Espanjol;Eshpanyol;Eshpanyolit;Espanyol;Espanyolit;Español sefardita;Franco Espanyol;Giudeo-Espagnol;Giudeo-Espaneol;Haketia;Hakitia;Jaquetía;Jidió;Jidyo;Judeo Spanish;Judeo-Espagnol;Judeo-Espaniol;Judeo-Espanýol;Judeo-Español;Judeo-Spanish;Judesmo;Judezmo;Judyo;Judío;Jūdeo-Esupanyōru;Ladino Occidental;Lešon Sepharadim;Romance;Romance Espanyol;Sefardi;Sepharadi;Sephardi;Sephardic;Shpanyol;Shpanyolit;Spanyol;Spanyolit;Spanyolo;Tzoudeo-Espaniol;Western Judeo-Spanish;Xhudeo-Espanjol;Zargon;Ġudeo-Espanjol;Ǧudéo-Españól;Ḥakitíya
lae		Chamba;Chamba Lahuli;Changsapa Boli;Lahuli;Manchad;Manchati;Patni;Swangla
lae		Chamba;Chamba Lahuli;Changsapa Boli;Lahuli;Manchad;Manchati;Patni;Swangla
laf		Jebel Tekeim;Kidie;Kidie Lafofa;Tegem;Tekeim;Tekem
lag		Irangi;Kelangi;Kilaangi;Kilangi;Kirangi;Kɨlaangi;Langi;Valaangi
lah	pnb	Jangli;Lahanda;Lahndi;Panjabi;Panjabi Proper;Punjabi;Punjabi, Western;Punjapi;Shahmukhi;Western Panjabi
lah	pnb	Jangli;Lahanda;Lahndi;Panjabi;Panjabi Proper;Punjabi;Punjabi, Western;Punjapi;Shahmukhi;Western Panjabi
lah	pnb	Jangli;Lahanda;Lahndi;Panjabi;Panjabi Proper;Punjabi;Punjabi, Western;Punjapi;Shahmukhi;Western Panjabi
lah	pnb	Lahanda;Lahndi;Punjabi, Western;Western Panjabi
pnb		Jangli;Lahanda;Lahnda;Lahndi;Panjabi;Panjabi Proper;Punjabi;Punjapi;Shahmukhi;Western Panjabi
lai		ChiLambya;Cilambya;Ichilambya;Icilambya;Icirambia;Iramba;Kilambya;Lambia;Lambwa;Rambia;iLyamba
laj		Langi;Lango (Uganda);Leb Lango;Leb Laŋo;Leb-Lango;Lwo;Lwoo;Lëblango;Lëblaŋo;leb Lano
lal		
lam		ChiLamba;Chilamba;IchiLamba;Ichilamba
lan		Laranchi;Larawa;Laro;Sengwe;Shen;Shen-Gwe
lap		Kabba Laka;Laga;Laka (Chad);Làgà
laq		Bendi Lolo;Ka Bao;Ka Beo;Ka Biao;Kabeo;Laqua;Lolo;Man La Qua;Pen Ti;Phubyau;Pu Beo;Pu Péo;Pubiao;Pupeo;Qa Biao;Qa Qiau;Qabiau;Qabiaw;Qaqiau
lar		Akuapem-Larteh;Late;Lete;Lɛtɛ
las		Lama (Togo);Lamba;Lamʋ;Losso
lau		Kedi;South Loloda
law		Laudje;Tinombo
lax		Dowyan;Lalung
lax		Dowyan;Lalung
lay		Lama;Lama Bai;Lan-Bi Bai;Lanping;Nama;Northern Bai
laz		Aribuacha;Lae;Lahe
ltz		Francique mosellan;Franconio del Mosela;Frankish;Letzburgisch;Letzeburgesch;Letzeburgisch;Limba săsească;Luxembourgeois;Luxemburgeois;Luxemburgian;Luxemburgish;Lëtzebuergesch;Moselle Franconian;Platt;Siweberjesch Såksesch;Transylvanian Saxon
ltz		Francique mosellan;Franconio del Mosela;Frankish;Letzburgisch;Letzeburgesch;Letzeburgisch;Limba săsească;Luxembourgeois;Luxemburgeois;Luxemburgian;Luxemburgish;Lëtzebuergesch;Moselle Franconian;Platt;Siweberjesch Såksesch;Transylvanian Saxon
lba		
lbb		
lbc		Chashan Yao;Lajia;Laka;Lakia;Lakja;Lakkja;Tai Laka;Tea Mountain Yao
lbe		Kazikumukhtsy;Lakh;Laki
lbe		Kazikumukhtsy;Lakh;Laki
lbe		Kazikumukhtsy;Lakh;Laki
lbf		Bhotia of Lahul;Gondhla;Gondla;Lahauli;Lahouli;Lahuli;Lahuli Tinan;Rangloi;Teenan;Tinan Lahuli
lbf		Bhotia of Lahul;Gondhla;Gondla;Lahauli;Lahouli;Lahuli;Lahuli Tinan;Rangloi;Teenan;Tinan Lahuli
lbg		Gu-ba;Laopa;Laopan
lbi		La'bi
lbj		Ladak;Ladakh;Ladakh Skat;Ladaphi;Ladhakhi;Ladwags
lbj		Ladak;Ladakh;Ladakh Skat;Ladaphi;Ladhakhi;Ladwags
lbl		Libon Bikol;Libongeño
lbm		Lodha;Lodi;Lohi;Lozi
lbn		Kha Lamet;Khamed;Khamet;Lamed;Lamet;Lemet
lbn		Kha Lamet;Khamed;Khamet;Lamed;Lamet;Lemet
lbo		Boloven;Boriwen;Jaru;Jru;Jruq;Jru’;Laweenjru;Loven;Yrou
lbo		Boloven;Boriwen;Jaru;Jru;Jruq;Jru’;Laweenjru;Loven;Yrou
lbq		Dzob Wampar;Laewamba;Laewomba;Laiwomba;Ngaeng Wampar
lbr		Loarung·Khanawa;Loharung;Loharung Khanawa;Lohorong;Lohorong Kha;Lohorong Khap;Lohorung Kha;Lohorung Khap;Lohrung;Lohrung Khap;Lohrung-Khanawa;Lorung;Lorung Kha;Lorung Khap;Northern Lorung;Yakkhaba Khap;Yakkhaba Lorung
lbs		
lbt		Cu-Tê;Cù Te;I To;Ku Te;La Chi;Lachí;Laji;Lati;Lipulio;Lipuljo;Mia;Tai Lati;Y;Y Mia;Y Poong;Y Pí;Y Póng;Y To
lbu		Hapa;Labo;Labu’
lbv		Lamasong
lbw		Laki;Lolaki;Tokia;Tololaki;To’olaki
lbx		Luwangan;Northeast Barito
lby		Lama-Lama;Lamu-Lamu;Lamulamul;Mba Rumbathama
lbz		Damin;Demin;Gunana;Kare wa;Kunana;Kuna’na;La:dil;Ladil;Laierdila;Lardi:i;Lardiil;Lardill;Layardilda;Leedil;Leerdil;Mornington Island language;Nemarang
lcc		Laganyan
lcd		Aru
lce		Lonchong;Loncong;Lontjong;Orang Laut;Orang Sawang;Sawang;Seka;Sekah
lcf		Siladang
lch		Chiluchazi;Cujazi;Lucazi;Lujash;Lujasi;Lujazi;Lutchaz;Lutshase;Luxage;Ponda;chi-Luchazi
lcl		Buru;Li Enyorot;Liet Enjorot;North Buru;Wayapo
lcm		Dang;Lavangai;Lavongai;Toangai;Tungak
lcp		Lava;Lavua;Lavüa;L’wa;Mae Hong Son Lawa;Mountain Lawa;Western Lawa
lcq	ppr	Piru
lcs		Lisabata;Noniali;Nuniali
lda		Kla
ldb		Adong;Adṹ;Duhnya;Dũya;Idun;Idṹ;Jaba Duya;Jaba Lunga;Lungu;Ungu
ldd		Lur;Lurí;Lúr
ldg		Anyima;Atam;Inyima
ldh		
ldi		Kilari;Laadi;Laari Kikongo;Ladi;Lali;Lari
ldj		Anemoro;Anowuru;Emoro;Limorro
ldk		Bakula;Lelau;Lelo;Munga;Munga Lelau
ldl		Kan;Libbo;Libo
ldm		Cocoli;Landouman;Landuma;Tiapi;Tyapi;Tyop;Tyopi
ldn		
ldo		Lo;Loh;Shungo;Shunhu
ldp		Cibbo;Cuyi Tsó;Fire;Kitta;Lotsu-Piri;Pire;Piri;Tsóbó;nyi Tsó
ldq		Lufueg
lea		Igonzabale;Ileka-Igonzabale;Kilega;Kirega;Lega;Lega Shubanda;Lega-Malinga;Leka-Igonzabale;Rega;Shabunda Lega
leb		Biza-Lala;Chilala
lec		Leko;Rik’a
led		Bale;Baledha;Balendru;Baletha;Batha;Bbadha;Bbaledha;Hema-Nord;Kihema-Nord;Kilendu
lee		Gurunsi;Lela;Lele;Lyela;Lyele;Lyæ̀læ
lef		Buem;Lafana;Lefana;Lɛfana;Lɛlɛmi
leh		Chilenje;Chinamukuni;Ciina;Ciina Mukuni;Lengi;Lenji;Mukuni
lei		
lej		Kilengola;Lengora
lek		Pitilu;Pityilu
lel		Bashilele;Lele (Democratic Republic of Congo);Usilele
lem		Lemande;Maande;Mande;Mandi;Noomaante;Numaand;Numand;Nɔmaándɛ́;Nɔmaántɛ́;Pimenc
len		Lenka;Potón
leo		Leti (Cameroon);Mengisa-Leti;Mengissa;Tiki;Tungidjo;Tungijo
lep		Lapcha;Lapche;Nünpa;Rongke;Rongpa;Róng;Róng-ríng;Róngkup
lep		Lapcha;Lapche;Nünpa;Rongke;Rongpa;Róng;Róng-ríng;Róngkup
leq		Lembena Pii;Nanimba Pii;Uyalipa Pii;Wapi Pii
ler		
les		Balese;Lesa;Lesse;Lissi;Mbuti;Walese;Walisi
let		Amio;Atui;Gelimi;Lesing-Atui;Lesing-Gelimi;Poronga
leu		Kara (Papua New Guinea);Lemakot;Lemusmus
lev		Lamma;Lamma’;Lemma;Mauta;Pantar Barat
lew		Kaili;Kaili-Ledo;Ledo;Ledo Kaili;Paloesch;Palu
lex		Leti;Letri Lgona;Lgona;Literi Lagona;Lteri Lgona
ley		Baebunta;Lemolang;Lemolango;Limolang
lez		Kiurintsy;Kiurinty;Lezghi;Lezghian;Lezgian;Lezgin
lez		Kiurintsy;Kiurinty;Lezghi;Lezghian;Lezgian;Lezgin
lez		Kiurintsy;Kiurinty;Lezghi;Lezghian;Lezgian;Lezgin
lez		Kiurintsy;Kiurinty;Lezghi;Lezghian;Lezgian;Lezgin
lfa		Balom;Fak;Fa’;Lefa’;Lɨfa’
lfb		Bu;Buu (Cameroon);Nubabo
lfn		
lfn		
lug		Baganda;Luganda;LùGáànda;luGanda
lug		Baganda;Luganda;LùGáànda;luGanda
lug		Baganda;Luganda;LùGáànda;luGanda
lga		Luga;Lunqa;Luqa
lgb		Hoatana;Katova;Lagu
lgg		High Lugbara;Logbara;Lubarati;Lugbarati;Lʉgbara tɨ;Western Lugbara
lgg		High Lugbara;Logbara;Lubarati;Lugbarati;Lʉgbara tɨ;Western Lugbara
lgh		Laopa;Laopán;Lolo;Xá Phó;Yi
lgi		Lengilo;Lengilo’
lgk		Bushman’s Bay;Lingarak;Nevwervwer
lgl		Langalanga
lgm		Ileka Ishile;Ishile;Isile;Kilega;Kirega;Lega-Ntara;Leka-Shile;Leka-Sile;Mwenga Lega;Rega;Shile
lgn		Pur;Shitta;T'apo
lgo	lno	Langgo;Lango (South Sudan);Lokwa
lgq		Ikpana
lgr		Doku;Ruavatu;Tadhimboko;Tasemboko
lgs		LGG;Língua Gestual Guineense
lgt		Lugitama;Riahoma;Riahorna;Wansum
lgu		Kaoka;Logu
lgz		Digenja;Gendja;Gendza-Bali;Ligendza
lha		Khlá;Khlá Don;Khlá Dung;Khlá Phlao;Klá Dong;La Ha;La Ha Ung;Laha (Viet Nam);Laxa;Liik;Xá Chien;Xá Khao;Xá Lay
lhh		Central Ambon;Laha (Indonesia)
lhi		Kui;Kui Lung;Kui Sang;Kur;Kwi;Lad hur Si;Laho Shi;Lahu Si;Lahu Xi;Lahu-Xi;Lahu-shi;Lahusi;Shi;Yellow Lahu
lhl		Garas;Lahul Lohar;Lohar
lhm		Lhoket;Lhomi dzyükki keccyok;Lhomiki keccyok;Shing Saapa;Syingsaaba
lhn		Lanan;Lanun
lhp		Lhobikha;Lokpu;Taba-Damey-Bikha
lhs		Melasó;Mlahso;Mlaḥso;Mlaḥsô;Suryoyo
lht		Loh-Toga
lhu		Black Lahu;Kaixien;Kucong;Kutsong;Ladhof;Lahu Na;Lahuna;Laku;Launa;Laˇhuˍ;Mooso;Moso;Muhso;Muhsur;Museu;Mussar;Musser Dam;Musso;Mussuh;Mussur;Na;Namen;Northern Lahu
lim		Limberger;Limbourgeois;Limburgan;Limburger;Limburgian;Limburgic;Limburgisch;Limburgs;Limburgs Plat;Lèmburgs;Plat
lia		Hulimba ha;West-Central Limba;Yimba;Yumba
lib		
lic		Bli;Dai;Day;Dli;Klai;La;Lai;Le;Li;Loi;Slai
lid		Lindau;Lindrou;Nyada;Salien
lie		Balobo;Bangela
lif		Limbo;Limboo;Lumbu;Yakthung Pan;Yakthungpan
lif		Limbo;Limboo;Lumbu;Yakthung Pan;Yakthungpan
lif		Yakthung Pan;Yakthungpan
lif		Yakthung Pan;Yakthungpan
lig		Banda;Dzowo;Jogo;Ligwi;Namasa;Nigbi;Nigwi;Tsie;Tuba;Weela;Weila;Wiila
lih		Lir
lij		Ligure;Monégasque;Munegascu;Zeneize
lik		Kilika;Kpongo;Liko;Liliko;Mabiti;Maliko;Toriko
lil		Slatlemuk;Statimc;Stlatliumh;Stl’atl’imc;Stl’atl’imx;St’at’imcets
lil		Slatlemuk;Statimc;Stlatliumh;Stl’atl’imc;Stl’atl’imx;St’at’imcets
lio		Moar
lip		Bosele;Likpe;Mu;Sekpelé;Sɛkpɛlé
liq		
lir		Colocwa;Kolokwa;Koloqua;Kru Pidgin English;Liberian Kolokwa English;Liberian Kreyol;Liberian Pidgin English
lis		Central Lisu;Chedi;Cheli;Chung;Khae;Leisu;Leshuoopa;Lesuo;Li;Li-Hsaw;Li-Shaw;Lip’a;Lisaw;Lishu;Liso;Lissu;Loisu;Lu-Tzu;Lusu;Southern Lisu;Yao Yen;Yaw Yin;Yaw-Yen;Yeh-Jeh;Yeh-Jen
lis		Central Lisu;Chedi;Cheli;Chung;Khae;Leisu;Leshuoopa;Lesuo;Li;Li-Hsaw;Li-Shaw;Lip’a;Lisaw;Lishu;Liso;Lissu;Loisu;Lu-Tzu;Lusu;Southern Lisu;Yao Yen;Yaw Yin;Yaw-Yen;Yeh-Jeh;Yeh-Jen
liu		Laggori;Liguri;Logori
liv		Livonian;Livõ kēļ;Rāndakēļ
liw		Cul;Sindang
lix		Liabuka
liy		Banda;Banda of Bambari;Banda-Linda;Linda
liz		Binza;Libindja;Libinja
lja		Girrkirr;Golba;Golbu;Gorlba;Gorlbu;Gorlpa;Guba;Gulba;Kolpa;Korlpa;Miliwuru;Nango
lje		Ha’uwa;Leboni;Rampi-Leboni
lji		Barang-Barang;Da’ang
ljl		Aku;Li'o;Lio;Lionese;Tanah Kunu
ljp		Api;Lampong;Lampung;Lampung Pesisir
ljp		Api;Lampong;Lampung;Lampung Pesisir
ljw		Dal leyburra;Dal-leyburra;Dalebura;Dalleburra;Dalleyburra;Irendely;Jirandali;Pooroga;Yerrundulli;Yerrunthully;Yirandhali;Yirendali
ljx		Arwur-angkana;Euronbba;Juru;Mal Mal;Malmal;South Murri
lka		
lkb		Kabarasi;Kabras
lkc		Cosung;Lahlu
lkd		Laconde;Lacondê;Lakonde
lke		Bakenyi;Kenyi;Lukenhe;Lukenye;Lukenyi
lkh		Tshangkha
lki		Alaki;Leki;Lekki
lkj		Milikin;Millikin;Remun Iban
lkl		Laeko;Laeko-Limbuat;Waitalu;Watalu
lkm		Galamai;Galamaya;Kalamai;Kalamaia;Karlamay;Karlamayi;Kelamai
lkn		Lakona;Lakona Bay;Vure;West Gaua
lko		Bakhayo;Khayo;Xaayo
lkr		Beri;Berri;Dhi-Pari;Jo-Pari;Ojwan-Boii;Pari
lks		Kisa;Lushisa;Shisa
lkt		Lakhota;Lakhótiya;Lakotiyapi;Lakȟótiyapi;Teton;Teton Sioux
lku		Gungari;Gunggari;Guunggari;Koongerri;Koonkerri;Kungeri;Kunggari;Kuungkari;Mokaburra;Tarawalla;Torra-burri;Yangeberra;Yangeeberra;Yankibura
lky		Ellyria;Koyo;Loirya;Lokoiya;Lokoja;Loquia;Lowoi;Oirya;Owoi;Oxoriok;Oxoryok
lla		
llb		iLolo
llc		Lele (Guinea)
lld		Dolomite;Rhaeto-Romance
lle		Elu-Kara;Hai;Lele (Papua New Guinea);Lele Hai;Manus;Moanus;Nongena kor;Usiai
llf		Agomes;Luf;Maron
llg		Central Rote;Loleh;Rote;Rote Lole;Rote Tengah;Roti;Rotinese
llh		
lli		Ilaali;Ilaalɛ;Laali;West Teke
llj		Acaxee;Laci-Laci;Ladji-Ladji;Laitchi-Laitchi;Laitu;Laitu-Laitu;Latja Latji;Latjalatji;Latje Latje;Latjilatji;Latjoo-Latjoo;Latyoo-Latyoo;Ledji-Ledji;Ledjiledji;Leitch-Leitchi;Litchoo-Litchoo;Litchy-Litchy;Lutchye-Lutchye
llk		
lll		Ngaimbom
llm		
lln		Lele (Chad)
llp		Nakanamanga;Nguna;North Efate
llq		
lls		LGK;Lietuviu gestu kalba;Lietuvių gestų kalba;LtSL
llu		
llx		Lau
lma		East Limba;Yimba;Yumba
lmb		Lametin
lmc		Baneidja;Bani:dja;Banidja;Banindja;Beriguruk;Buneidja;Buneidya;Buneitja;Lemil;Limil;Limit;Manadja;Manasi;Manidja;Manidya;Manitja;Menassie;Minidja;Minitja;Minitjaa;Minitji;Minitjja;Minityi;Minnitji;Norweilemil;Peneitja;Punaka;Puneitja;Punuurlu;naWinjmil
lmd		Kuku-Lumun;Lomon
lme		Lamé;Peve;Zime
lmf		Atadai;Bahasa Atadei;Eastern Atadai;South Lembata
lmg		Akiuru;Akivru;Mulakaino
lmh		Lambicchhong;Lambicchong;Lambichhong;Lambichong;Lambitshong;Mugali-Ring;Muga·Yakkha
lmi		Lumbi;Odyalombito;Rombi;Rumbi;Rumli
lmj		Labalekan;Mingar;West Lembata
lmk		Lamkaang;Lamkang Naga
lmk		Lamkaang;Lamkang Naga
lml		Buatvenua;Bwatvenua;Lamalanga;Loltong;Nonda;North Pentecost Language;North Raga;Qatvenua;Raga;Raxa;Vunmarama
lmn		Bangala;Banjari;Banjori;Banjuri;Brinjari;Gohar-Herkeri;Goola;Gormati;Gurmarti;Kora;Labhani;Labhani Muka;Lamadi;Lamani;Lambani;Lambara;Lavani;Lemadi;Lumadale;Singali;Sugali;Sukali;Tanda;Vanjari;Wanji
lmn		Bangala;Banjari;Banjori;Banjuri;Brinjari;Gohar-Herkeri;Goola;Gormati;Gurmarti;Kora;Labhani;Labhani Muka;Lamadi;Lamani;Lambani;Lambara;Lavani;Lemadi;Lumadale;Singali;Sugali;Sukali;Tanda;Vanjari;Wanji
lmn		Bangala;Banjari;Banjori;Banjuri;Brinjari;Gohar-Herkeri;Goola;Gormati;Gurmarti;Kora;Labhani;Labhani Muka;Lamadi;Lamani;Lambani;Lambara;Lavani;Lemadi;Lumadale;Singali;Sugali;Sukali;Tanda;Vanjari;Wanji
lmo		Lombardo
lmp		Bojiin;Kambu;Limbom;Limbùm;Llimbumi;Ndzungle;Ndzungli;Njungene;Nsungali;Nsungli;Nsungni;Wimbum
lmq		Lamatoka;Lera Lodo
lmr		Kawela;Lebatukan;Mulan;Peripheral Lembata
lmu		Lamen;Lamen-Lewo;Lewo;Lewo-Lamen;Varmali
lmv		
lmw		Lake Miwok;Miwok du lac;Miwokano del lago
lmx		
lmy		Lamboya
lmz		
lin		Ngala
lna		Langbase;Langbashi;Langbasi;Langbwasse;Langwasi
lnb		Central Wambo;Mbaanhu;Mbalantu;Mbaluntu
lnd		Brunei Murut;Buri tau;Buri’ Lun Bawang;Buri’ Lun Dayeh;Lun Bawang;Lun Daya;Lun Dayah;Lun Daye;Lun Dayeh;Lun Dayoh;Lun Lod;Lundaya;Lundaya Putuk;Lundayu;Murut;Southern Murut
lng		
lng		
lnh		Jengjeng;Lanoh Jengjeng
lni		Daantanai';Lantanai
lnj		Andyinit;Cabati;Ladamngid;Laini ngitti;Laini-ngitti;Latangeti;Latarngit;Leiningidi;Leningit;Leningiti;Lenngeti;Lenngidgh;Linginiti;Lingitir;Linngidhigh;Linngithig;Linngithigh;Linngiti;Linŋit̯iγ;Onnatangnit;Umngnity;Winda Winda;Winduwinda
lnl		Ngbûgu;South Central Banda
lnm		Langam;Mwa
lnn		Nethalp;Tholp
lns		Bansaw;Banso;Bansoʼ;Lamnso;Lamnso';Lamnsok;Lamnsɔʼ;Lamso;Lǎm Nsoʼ;Nsaw;Nshoʼ;Nso;Nsoʼ;Panso
lnu		Languda;Longuda;Longura;Nunguda;Nunguraba;Nungurama Nyuar;Nyà Núngúrá;Nyà Núngúrá Guyuk
lnw		Lhanima;Pitta Pitta;Ulaolinja;Ulaolinya;Wanggamana;Wanggamanha;Wangkamanha;Wonggaman;Yurlayurlanya
lnz		Kilonzo
lao		Eastern Thai;Lao Wiang;Lao-Lum;Lao-Noi;Lao-Tai;Laotian;Laotian Tai;Lum Lao;Phou Lao;Rong Kong;Tai Lao
lao		Eastern Thai;Lao Wiang;Lao-Lum;Lao-Noi;Lao-Tai;Laotian;Laotian Tai;Lum Lao;Phou Lao;Rong Kong;Tai Lao
loa		Loda;Loda’sch;Lolodaka;North Loloda
lob		Lobiri;Miwa;’Lobiire
loc		Bisaya-Inunhan;Loocnon;Looknon;Onhan
loe		Coastal Saluan;Loinang;Loindang;Madi;Mondono
lof		Lukha
log		Logoti;Lògòti
loh		Boya;Lariim;Larim;Lariminit;Larimo;Longarim;Nariim;Narim
loi		Loma (Côte d'Ivoire);Lomakka;Lomapo;Lomasse;Malinke
loj		Baluan-Lou-Pam
lok		Landogo
lol		Lomongo;Lɔmɔ́ngɔ;Mongo
lom		Loghoma;Logoma;Loma (Liberia);Looma;Lorma;Löghömàgòòi;Löömàgòòi;Lɔ̀ɔ̀màgòòi;Toa
lom		Loghoma;Logoma;Loma (Liberia);Looma;Lorma;Löghömàgòòi;Löömàgòòi;Lɔ̀ɔ̀màgòòi;Toa
lon		Anguru;Elhomwe;Ellomwe;Elomwe;Lhomwe;Malawi Lomwe;Nguru
loo		Olombo;Turumbu;Ulumbu
lop		Djiri;Kirikjir;Lopanic;Lopawa;Lupa;Ollaran;Rop;Tsupamini
loq		Loɓala
lor		Loghon;Lorhon;Loron;Nabe;Tegesie;Touni;Tuni;Ténhé
los		Lonio;Ndroku
lot		Latooka;Lattuka;Latuka;Latuko;Lotuho;Lotuka;Lotuko;Lotuxo;Olotorit;Otuxo
lot		Latooka;Lattuka;Latuka;Latuko;Lotuho;Lotuka;Lotuko;Lotuxo;Olotorit;Otuxo
lou		Creole;Fransé;Kouri-Vini;Kréyol;Louisiana Creole French;Louisiana French Creole;créole louisianais;kréyol la lwizyàn
lov		
low		Tampias Lobu
lox		
loy		Baragaon;Baragaunle;Glo Skad;Lhopa;Lo Ke;Lo Montang;Loba;Loke;Loket;Lopa;Lowa;Loyu;Mustangi
loy		Baragaon;Baragaunle;Glo Skad;Lhopa;Lo Ke;Lo Montang;Loba;Loke;Loket;Lopa;Lowa;Loyu;Mustangi
loz		Kololo;Kolololo;Rotse;Rotvi;Rozi;Rutse;Silozi;Tozvi;seRotse;siLozi
loz		Kololo;Kolololo;Rotse;Rotvi;Rozi;Rutse;Silozi;Tozvi;seRotse;siLozi
lpa		Havannah Harbour
lpe		
lpn		Amimi Naga;Long Phuri Naga;Longpfuri;Longpfuru;Mimi
lpo		Central Lisu;Dayao;Dayao Lipo;Eastern Lisu;Lipho;Lolongo;Lolopo;Taku;Taku Lisu
lpo		Central Lisu;Dayao;Dayao Lipo;Eastern Lisu;Lipho;Lolongo;Lolopo;Taku;Taku Lisu
lpx		Hutuk na Lopit;Lafiit;Lafit;Lafite;Lofit;Lopid;Loppit
lqr		
lra		Bekatiq;Bekati’ Kendayan;Bekati’ Nyam-Pelayo;Lara’;Luru;Rara Bakati';Rara Bakati’
lrc		Lori;Lori-e bāḵtari;Luri;Luristani;Northern Luri
lre		St. Lawrence Iroquoian
lrg		Binnimiginda;Gulumirrgin;Gulumoerrgin;Gunmajerrumba;Laragai;Laragiya;Larakeeyah;Larakia;Larakiya;Larekia;Larikia;Larragea;Larragia;Larrak-eah;Larrakeah;Larrakeeha;Larrakeeyah;Larrakia;Larrakiha;Larrakiya;Larreekeeyah;Larrekiy;Larrekiya;Larriguia;Larrikaa;Larrikia;Larrikiha;Larrikiya;Larriquia;Marri;Ngandalagarak;Ngandalagarak Larrakeah;Woolsoongah
lri		Marachi
lrk		
lrl		Lareg;Larestani
lrm		Marama
lrn		Loran Leri
lro		Aaleira;Al-Leira;Laru;Leera;Liira;Ngwullaro;Yillaro
lrr	yma	Southern Yamphu;Yamphu
lrt		Bahasa Nagi;Ende Malay;Larantuka;Larantuka Malay;Melayu Larantuka;Nagi
lrv		Laravat;Larëvat
lrz		Bek;Leon;Päk;Sasar
lsa		Lasjerdi;Läsgerdi;Läsjerdi
lsb		LSB;Langue des Signes Burundaise
lsc		LSAlb;Lengua de señas Albarradas
lsd		Judeo-Aramaic;Kurdit;Lishan Hozaye;Lishan Hudaye
lse		Losengo
lsg		
lsh		Khispi;Kishpignag;Lish Monpa;Lishpa;Monpa
lsi		Acye;Ac’ye;Chashan;Chashanhua;La Chit;Lachi;Lachid;Lachik;Lachikwaw;Lachit;Lacik;Laji;Laqi;Lashi;Lashi-Maru;Lasi;Lechi;Lech’i;Leqi;Leshi;Letsi;Lets’i;Maru;Ngac’ang
lsl		LZV;Latviešu Zīmju Valoda
lsm		Bagwe;Basamia;Lusaamia;Lusaamya-Lugwe;Olusamia;Saamia;Samia;Ólusaamya
lsn		TSL;TibSL;bod kyi lag brda;bökyi lagda
lso		
lsp		Lengua de Señas Panameñas;Lengua de señas panameñas
lsr		Lauisaranga;Lausurankin;Lau’u;Lawu Srenge;Srenge
lss		Lassi
lst		TSL;TTSL;Trinidad Sign Language;Trinidadian Sign Language
lsv		LSSiv;Lengua de señas de Sivia
lsw		Lalang Siny Seselwa;Langue des Signes Seychelloise;SSL;Seychellois Sign Language
lsy		MSL
lit		Lietuviu;Lietuviškai;Lietuvių kalba;Litauische;Litewski;Litovskiy
lit		Lietuviu;Lietuviškai;Lietuvių kalba;Litauische;Litewski;Litovskiy
lit		Lietuviu;Lietuviškai;Lietuvių kalba;Litauische;Litewski;Litovskiy
ltc		
ltc		
ltg		Latgaliešu;Latgališu
lth		Acholi-Labwor;Ethur;Labwor;Lëb Thur
lti		Leti (Indonesia);Letti;Lir Leti
ltn		Latunde;Leitodu;Nakarothe;Nambikuára septentrional;Northern Nambikuaran;Northern Nambikwara;Northern Nambiquara;Yalapmunxte
lto		Batsotso;Tsotso
lts		Tachon;Tachoni;Tatsoni
ltu		
lub		Kiluba;Luba;Luba-Shaba
lua		Bapemba;Bena-Lulua;CiLuba;Ciluba;Kanyuka;Luba-Lulua;Luva;Tshiluba
luc		Aringa Ti;Low Lugbara;Ãrị̃ngã tị
lud		Ludic;Lyudic;Lyudikovian;Lüüdi;Lüüdikiel
lue		Balovale;Chiluvale;Lovale;Lubale;Luena;Lwena
lue		Balovale;Chiluvale;Lovale;Lubale;Luena;Lwena
luf		Labu;Lauwa
luh		Lei;Lei Hua;Leizhou Chinese;Leizhou Min;Li;Li Hua;Loi Chau;Luichew;Luichow
lui		Chamtéela;Cham’teela;Luiseño-Juaneño;Payómkawichum
luj		Inkongo;Kuba;Luna-Inkongo;Northern Luba
luk		Lunana
lul		Lolubo;Luluba;Lulubo;Olu'bo;Olubogo;Oluboti;Olu’boti;Ondoe;Ọ́lụ́ꞌbọ́ Tị
lum		Chiluimbi;Luimbe;Lwimbe;Lwimbi
lun		Chilunda;Lunda-Ndembu;Ruund;Tshilunda;chiLunda
lun		Chilunda;Lunda-Ndembu;Ruund;Tshilunda;chiLunda
luo		Doluo;Kidjaluo;Luo;Luo (Kenya and Tanzania)
luo		Doluo;Kidjaluo;Luo
lup		Baloumbou;Ilumbu;Yilumbu
luq		Anagó
lur		Laora
lus		Chin, Mizo;Duhlian Twang;Dulien;Hualngo;Ka-Lin-Kaw;Le;Lei;Lukhai;Lusago;Lusai;Lusei;Lushai;Lushai-Mizo;Lushay;Lushei;Lushēi;Mizo Chin;Mizo ṭawng;Sailau;Whelngo
lus		Chin, Mizo;Duhlian Twang;Dulien;Hualngo;Ka-Lin-Kaw;Le;Lei;Lukhai;Lusago;Lusai;Lusei;Lushai;Lushai-Mizo;Lushay;Lushei;Lushēi;Mizo Chin;Mizo ṭawng;Sailau;Whelngo
lus		Chin, Mizo;Duhlian Twang;Dulien;Hualngo;Ka-Lin-Kaw;Le;Lei;Lukhai;Lusago;Lusai;Lusei;Lushai;Lushai-Mizo;Lushay;Lushei;Lushēi;Mizo Chin;Mizo ṭawng;Sailau;Whelngo
lut		Niskwalli;Northern Lushootseed;Northern Puget Sound Salish;Pugué;Squaxon;dxʷləšucid;dxʷləšúcid;dəxʷləšucid;xʷəlšucid
luu		Lumba-Yakkha;Yakkhaba Cea
luv		Hyderabadi;Khoja;Khojki;Lawatiya;Lawatiyya;Luvatí
luw		Luo;Luo (Cameroon)
luy	bxk	Babukusu;Bukusu;Lubukusu;Oluluyia
luz		Lor;Lori;Lori-e ḵāvari;Lori-ye Jonubi;Lur;Ruliy;Ruliy Luri;Southern Luri
lav	lvs	Latvian, Standard;Latviešu valoda;Latviski
lav		
lva		Loikera;Lokiera;Lovaea;Lovaia;Lóvaia;Lóvaia Epulu;Lóvaia epule;Maku'a;Makua;Makue;Makuwa;Maku’a;kahal Maku’a
lvi		Lavy;Lawi;Salwoeng;Saveung;Swoeng
lvk		Lakukaleve;Laube;Laumbe;Russell Island
lvl		Lori
lvu		Lembata;Lewokukun;Lewuka
lwa		Khongo;Lwalwa;Ukhongo
lwe		Lewo Eleng;Nobo Buto Lera Gere
lwg		Hanga;Kawanga;Luhanga;Luwanga;Oluhanga;Wanga
lwh		Lachi;Lati;Lipupõ;White Lachi
lwl		Eastern Lawa;Khalo;Lavua;Lawa;La’wa;Mae Rim Lawa;Wiang Papao Lua
lwm		Bisu;Guba;Lawa;Lawmeh;Lua;Mbi;Mbisu;Mibisu;Misu;Pin
lwo		Dhe Luwo;Dhe Lwo;Dheluwo;Giur;Jo Lwo;Jur;Jur Luo;Jur Luwo;Jur Lwo;Luo;Lwo;dhe Luuo;dhɛ luuhɔ
lws		MSL;Malawi Sign;Malawi Sign Language
lwt		Southwest Lamaholot
lwu		
lww		Varsu
lxm		Lakuramau;Laxudamau;Loxodumau
lya		
lyg		Lngngam;Lyngam;Lyngym;Ləngngam;Megam
lyn		Aluyi;Ca-Luiana;Esiluyana;Louyi;Luana;Luano;Lui;Luyaana;Luyi;Rouyi;Si-Luyana
lzh		Literary Chinese
lzh		Literary Chinese
lzl		Lagalag;Litzlitz-Visele;Lolnarrong;Mallicolo;Naman;Netensal
lzn		Htang Ngan;Htangan;Leinong;Leinong Naga;Lenaung Naga
lzz		Chan;Chanuri;Chanzan;Laze;Lazuri;Zan
lzz		Chan;Chanuri;Chanzan;Laze;Lazuri;Zan
maa		Enna;Huautla-Mazatlán Masateko;Masateko;Mazatec;Mazateco;Mazateco de Mazatlán;Mazateco de Tecóatl;Mazateco de la sierra;Mazateco del Oeste;Mazatèque de Mazatlán;Mazatèque des hautes terres;Northern Highland Mazatec;San Jerónimo Tecóatl Mazatec;ꞌÉn-ná
mab		Central Nochistlán Mixtec;Eastern Alta Mixtec;Mixteco de Yutanduchi;Mixteco de Yutanduchi de Guerrero;Southern Mixteco;Southern Nochixtlan Mixtec;Tu’un savi;Yutanduchi Mixtec
mad		Basa Mathura;Madhura;Madura-Bali;Madurese;Maduresisch
mad		Basa Mathura;Madhura;Madura-Bali;Madurese;Maduresisch
mad		Basa Mathura;Madhura;Madura-Bali;Madurese;Maduresisch
mae		Mabo-Barkul;Mabo-Barukul
maf		Bula;Bulahai;Mofa;Natakan
mag		Bihari;Magadhi;Magaya;Maghai;Maghaya;Maghori;Magi;Magodhi;Megahi
mag		Bihari;Magadhi;Magaya;Maghai;Maghaya;Maghori;Magi;Magodhi;Megahi
mai		Apabhramsa;Bihari;Dehati;Deshi;Maitili;Maitli;Methli;Thenthi;Tirahutia;Tirhuti;Tirhutia
mai		Apabhramsa;Bihari;Dehati;Deshi;Maitili;Maitli;Methli;Thenthi;Tirahutia;Tirhuti;Tirhutia
mai		Apabhramsa;Bihari;Dehati;Deshi;Maitili;Maitli;Methli;Thenthi;Tirahutia;Tirhuti;Tirhutia
mai		Apabhramsa;Bihari;Dehati;Deshi;Maitili;Maitli;Methli;Thenthi;Tirahutia;Tirhuti;Tirhutia
maj		Jalapa De Diaz Mazatec;Jalapa De Díaz Mazatec;Jalapa Masateko;Jalapa Mazatec;Kinꞌekꞌatiya;Lowland Mazatec;Mazateco de San Felipe Jalapa de Díaz;Mazateco del Este Bajo;Mazatèque des basses terres;Ntaxjo̱
mak		Basa Mangkasara’;Goa;Macassar;Macassarese;Makassa;Makassaarsche;Makassar;Makassar-Bugis;Makassarese;Makassarisch;Mangasara;Mengkasara;Taena;Tena
mak		Basa Mangkasara’;Goa;Macassar;Macassarese;Makassa;Makassaarsche;Makassar;Makassar-Bugis;Makassarese;Makassarisch;Mangasara;Mengkasara;Taena;Tena
mak		Basa Mangkasara’;Goa;Macassar;Macassarese;Makassa;Makassaarsche;Makassar;Makassar-Bugis;Makassarese;Makassarisch;Mangasara;Mengkasara;Taena;Tena
mam		B’anax Mam;Kyol;Qyo:l;Qyol;Qyol Mam;Qyool;Qyool Mam;Yol Mam;toj qyol
mam		B’anax Mam;Kyol;Qyo:l;Qyol;Qyol Mam;Qyool;Qyool Mam;Yol Mam;toj qyol
mam		B’anax Mam;Kyol;Qyo:l;Qyol;Qyol Mam;Qyool;Qyool Mam;Yol Mam;toj qyol
mam		B’anax Mam;Kyol;Qyo:l;Qyol;Qyol Mam;Qyool;Qyool Mam;Yol Mam;toj qyol
mam		B’anax Mam;Kyol;Qyo:l;Qyol;Qyol Mam;Qyool;Qyool Mam;Yol Mam;toj qyol
mam		B’anax Mam;Kyol;Qyo:l;Qyol;Qyol Mam;Qyool;Qyool Mam;Yol Mam;toj qyol
mam		B’anax Mam;Kyol;Qyo:l;Qyol;Qyol Mam;Qyool;Qyool Mam;Yol Mam;toj qyol
man	myq	Manding
man	emk	Eastern Malinke;Kankan Maninka;Madingo;Malinké;Mande;Manding;Maninga;Maninka;Maninka-Mori;Maninkakan;Maninkakan, Eastern;Maninkaxan;Southern Malinke;Southern Maninka
mlq		Kenieba Malinke;Kenieba Maninka;Keɲeba Maningaxanŋo;Malinka;Malinke;Malinké;Manding;Mandingo;Maninga;Maningaxanŋo;Maninka;Maninka-Western;Maninkakan;Maninkaxan;Northwestern Maninka;Western Malinke
man	emk	Eastern Malinke;Kankan Maninka;Madingo;Malinké;Mande;Manding;Maninga;Maninka;Maninka-Mori;Maninkakan;Maninkakan, Eastern;Maninkaxan;Southern Malinke;Southern Maninka
mlq		Kenieba Malinke;Kenieba Maninka;Keɲeba Maningaxanŋo;Malinka;Malinke;Malinké;Manding;Mandingo;Maninga;Maningaxanŋo;Maninka;Maninka-Western;Maninkakan;Maninkaxan;Northwestern Maninka;Western Malinke
maq		Chiquihuitlán;Chiquihuitlán Masateko;Chiquihuitlán Mazatec;Hne naja;Mazateco de San Juan Chiquihuitlán;Mazateco del Sur;Mazatèque de Chiquihuitlán;Nne nangui ngaxni
mas		Kimaasai;Lumbwa;Maa;Masai;Massai;Oigob;ɔl Maa
mat		Atzinca;Bot’una;Matlatzinca;Matlatzinca de San Francisco de los Ranchos;Matlatzinkan;Matlazinca;Pirinda;San Francisco Matlatzinca
mau		Enna;Highland Mazatec;Huautla Mazatec;Huautla-Mazatlán Masateko;Mazateco de Huautla de Jimenez;Mazateco de Mazatlán;Mazateco de la Sierra;Mazateco del Centro;Mazatèque de Mazatlán;Én‑ná
mav		Andira;Arapium;Mabue;Maragua;Maué;Mawé;Sataré;Sataré-Maué;Satere Mawe;Sateré
maw		Mampelle;Mamprule;Mamprusi;Mamprussi;Manpelle;Ngmamperli;Nmampurli;Ŋmampulli;Ŋmampurili;Ŋmampurli;Ŋmampəlli
maw		Mampelle;Mamprule;Mamprusi;Mamprussi;Manpelle;Ngmamperli;Nmampurli;Ŋmampulli;Ŋmampurili;Ŋmampurli;Ŋmampəlli
max		Bahasa Pasar;Melayu Maluku Utara;North Maluku Malay;North Moluccan Malay;Ternate Malay
maz		Central Mazahua;Jñatjo;Jñatrjo;Masawa;Mazahua de oriente
mba		Higaonon Manobo;Higaunon;Hinigaunon;Misamis Higaonon Manobo
mbb		Bukidnon;Manobo;Menuvù;West Bukidnon Manobo;Western Bukidnon;Western Bukidnon Manobo
mbc		Macushi Maimu;Macusi;Macussi;Macusí;Macuxi;Macuxí;Makuchi;Makushi;Makushí;Makusi;Makuxi;Makuxí;Teueia;Teweya
mbd		Debabaon;Dibabaon;Dibabauon;Dibabawon;Dibabawon Manobo;Mandaya
mbe		Molala;Molalla;Molele
mbf		Baba;Baba Malay;Chinese Malay;Low Malay;Peranakan;Straits Malay
mbh		Mangsing;Masegi;Maseki
mbi		Ilianen;Ilianen Manobo;Menuvù
mbj		Anodöb;Anodöub;Guariba;Guariba-Tapuyo;Hahöb;Kabari;Kabori;Kaburi;Macú nadeb;Makunadöbö;Nadeb;Nadobo;Nadöb;Nadöbo;Nadöbö;Wariwa;Xiriwai;Xuriwai
mbk		Malolo;Malon
mbl		Caposho;Capoxo;Cumanasho;Kapoxó;Kumanasho;Kumanuxú;Macuni;Makoní;Mashakali;Mashakalí;Maxacalí;Maxacari;Maxakali;Menacho;Momaxo;Monacó;Monaxo;Monocho;Monosho;Monoxó;Tikmuún;Tikmũ’ũn Yĩy’ax
mbm		Bakota;Bambaama;Gimbaama;Lembaamba;Mbaama;Mbama;Mbamba;Obamba
mbn		Agualinda Guahibo;Hitnü;Jitnu;Jitnü;Macaguane;Macaguane-Hitnu
mbo		Mbo (Cameroon);Mboo;Sambo
mbp		Aisario;Arosario;Arsario;Atanque;Bustintana;Damana;Dəməna;Dʉmʉna;Guamaca;Guamaka;Huihua;Kampanake;Malayo;Maracasero;Marocacero;Marocasero;Nabela;Sancá;Sanha;Sanja;Wamaka;Wiwa
mbq		Maisan
mbr		Guaviare;Macusa;Maczsa;Makusa;Nukak;Nukak Maku;Nukak-makú;Waviare
mbs		Menobò;Sarangani;Sarangani Manobo
mbt		Matig-Salug Manobo;Matigsalug;Matigsalug Manobo;Salug-Tigwa Manobo
mbu		
mbv		Baga Foré;Baga Monson;Black Baga;Bulunits;Longich;Mbulongish;Monchon;Monshon
mbw		Mareng;Yoadabe-Watoare
mbx		Mari (East Sepik Province)
mby		
mbz		Amoltepec Mixtec;Mixteco de Amoltepec;Tnu’u Ñuu Savi;Western Sola de Vega Mixtec
mca		Enimaca;Enimaga;Maca;Macca;Macá;Maká;Mak’á;Nynaka;Toothle;Towolhi;Towothli
mcb		Amachengue;Machaguenga;Macheyenga;Machiguenga;Matsiganga;Matsigenga;Matsiguenga;Mañaries;Niagantsi
mcc		Bituri;Dudi;Mutum;Paswam
mcd		Acre Arara;Arara;Arara Pano;Arara Shawãdawa;Arara do Acre;Sharanahuan tsain;Sharanawa;Shawadawa;Shawanauá;Shawã
mce		Eastern Putla Mixtec;Itundujia Mixtec;Mixteco de San Juan Ñumí;Mixteco de Santa Cruz Itundujia;Tu’un savi
mcf		Magirona;Majoruna;Majoruna-Matsés;Majuruna;Matis;Matse;Matses-Mayoruna;Matsés;Maxirona;Maxuruna;Mayiruna;Mayoruna;Mayoruna-Matsés;Mayuzuna
mcg		Mapayo;Mapoio;Mapoye;Mapoyo-Yavarana;Mopoi;Nepoye;Wanai
mch		Cunuana;De’cuana;De’kwana;De’kwana Carib;Maiongom;Maiongong;Makiritare;Maquiritai;Maquiritare;Mayongong;Pawana;Soto;So’to;Yecuana;Yekuana;Yekuána;Yekwana;Ye’cuana;Ye’kuana;Ye’kwana
mci		Mese
mcj		Magu;Mvanlip;Mvano;Mvanon;Mvanöp
mck		Chimbunda;Chimbúùnda;Gimbunda;Ki-mbunda;Kimbunda;Mbuunda;Mbúùnda
mcl		Kakawahe;Makaguaje;Piojé;Secoya
mcm		Bahasa Geragau;Bahasa Serani;Kristang;Luso-Malay;Malacca Creole;Malaccan;Malaccan Creole Portuguese;Malaqueiro;Malaquenho;Malaquense;Malaquês;Malayo-Portuguese;Malaysian Portuguese Creole;Moluccas Pidgin;Papia Cristao;Papia Kristang;Portuguese Patois;Português de Malaca;Serani
mcn		Masa;Massa;Massana
mco		Ayuc;Ayuk;Ayuuc;Coatlán Mixe;Lowland Mixe;Mixe Bajo;Oaxaca Mije;San José El Paraíso;Southeastern Mixe
mcp		Maka;Meka;Mekaa;Məkaá;Nyaana;South Makaa;South Mekaa
mcq		
mcr		Menyama;Menye;Menyä
mcs		Mambay;Mamgbay;Mamgbei;Manbai;Mangbai;Mangbaï de Biparé;Mangbei;Momboi;Mongbay;dag ti Mambay
mct		Mangisa;Manguissa;Mengisa-Njowe;Mengisa-Njowi;Njowe;Njowi;Ǹjɔwì
mcu		Bang;Bea;Ble;Cameroon Mambila;Donga Mambila;Juli;Jù Bà;Lagubi;Mambere;Mambilla;Nor;Tagbo;Tongbo
mcv		Eme-Eme;Hei;Mahigi;Pepeha
mcw		Maaw;Mahoua;Mahwa;Mawa (Chad)
mcx		Bimu;Mbimou;Mbimu;Mbyemo;Mpiemo;Mpo;Mpyemɔ
mcy		South Watut
mcz		
mda		Mada (Nigeria);Madda;Yidda
mdb		Dabura;Morigi Island;Turama;Turama River Kiwai;Wariadai
mdc		Kolika;Koliku;Male;Male (Papua New Guinea)
mdd		Buna;Mboum;Mboumtiba;Wuna
mde		Aulad Djema;Awlad Djema;Bargo;Bergo;Borgho;Borgu;Bura Mabang;Bura mabaŋ;Kana Mabang;Maba (Chad);Mabaa;Mabak;Mabang;Mabaŋ;Ouaddai;Ouaddaien;Ouled Djemma;Uled Djemma;Wadai;Waddayen
mde		Aulad Djema;Awlad Djema;Bargo;Bergo;Borgho;Borgu;Bura Mabang;Bura mabaŋ;Kana Mabang;Maba (Chad);Mabaa;Mabak;Mabang;Mabaŋ;Ouaddai;Ouaddaien;Ouled Djemma;Uled Djemma;Wadai;Waddayen
mdf		Mokcha;Mokscha-Mordwinisch;Moksha Mordvin;Moksha-Mordva;Mokshan;Mokša;Mokša-Mordvinisch;Mordoff;Mordov;Mordovian;Mordovo moksha;Mordvin-Moksha
mdf		Mokcha;Mokscha-Mordwinisch;Moksha Mordvin;Moksha-Mordva;Mokshan;Mokša;Mokša-Mordvinisch;Mordoff;Mordov;Mordovian;Mordovo moksha;Mordvin-Moksha
mdg		
mdh		Magindanao;Magindanaon;Magindanaw;Magindanawn;Maguindanao;Maguindanaw;Maguindanawn
mdh		Magindanao;Magindanaon;Magindanaw;Magindanawn;Maguindanao;Maguindanaw;Maguindanawn
mdi		Tengo
mdj		Amangbetu;Kingbetu;Mambetto;Mangbettu;Mangbɛtʉ;Mangbέtʉ;Nemangbetu;Nɛ́mangbɛtʉ
mdk		Mangu-Ngutu;Mombuttu;Wambutu
mdl		Il-Lingwa tas-Sinjali Maltija;LSM;Lingwa tas-Sinjali Maltija;Lingwi tas-Sinjali Maltin
mdm		Kiyogo;Madyɵgɵ;Madyɵgɵ́;Maigo;Maiko;Majugu;Mayko;Mayugo;Màdìmádòkò
mdn		Isongo;Issongo;Lisongo;Lissongo;Songo
mdp		Gimbala;Kimbala;Rumbala
mdq		Lombole
mdr		Andian;Mandharsche;Manjar
mdr		Andian;Mandharsche;Manjar
mds		Manubara;Maria (Papua New Guinea)
mdt		Ambede;Lembaamba;Limbede;Limbere;Mbaama;Mbede;Mbédé;Mbété;Obamba
mdu		Mboxo;Mbuku
mdv		Mixteco de Santa Lucía Monteverde;Mixteco de Yosonotú;Santa Lucía Monteverde Mixtec;Sasau
mdw		Boshi;Embosi;Embɔ́sí;Mbochi;Mboshe;Mboshi
mdx		
mdx		
mdy		Male (Ethiopia)
mdy		Male (Ethiopia)
mdz		Aikewara;Akewara;Akewere;Sororos;Suruí;Suruí Do Pará;Suruí do Tocantins
mea		Bando;Mamwoh;Wando
meb		Ikobi Kairi;Ikobi-Mena;Kasere;Kopo-Monia;Wailemi
mec		Leelalwarra;Leelawarra;Maarra;Mala;Mara
med		Hagen;Medlpa;Metlpa
mee		Poeng
mef		Migam;Negam
meh		Mixteco de Santiago Nuyoo;Mixteco del Suroeste;Mixteco del Suroeste de Tlaxiaco;Mixteco del suroeste del distrito de Tlaxiaco;Nuyoo Mixtec;Southeastern Ocotepec Mixtec;Southwestern Tlaxiaco Mixtec;Tu̱ꞌun káꞌánꞌ kájí;Tu’un savi
mei		Meidob;Meidob Nubian;Midob Nubian;Midobi;Tid;Tid-N-Aal;Tidda
mej		Arfak;Meah;Meax;Mejach;Mejah;Meyach
mek		Mekeo-Kovio
mel		Belana’u;Central Melanau;Melanau;Milanau;Milano
mem		Djawali;Djualin;Djuwali;Djuwalia;Jiwali;Jiwarli;Koalgurdi;Manala;Mangai;Mangal;Mangalaa;Mangarla;Mangula;Mangunda;Maŋala;Minala;Mungala;Yalmbau
men		Boumpe;Hulo;Mande;Mende (Sierra Leone);Mende-Bandi;Mɛnde;Mɛnde yia
men		Boumpe;Hulo;Mande;Mende (Sierra Leone);Mende-Bandi;Mɛnde;Mɛnde yia
meo		Kedah Malay;Kedah-Perak Malay;Kedahan Malay;Malay, Satun;Pelat Utagha;Satun Malay
meo		Kedah Malay;Kedah-Perak Malay;Kedahan Malay;Pelat Utagha;Satun Malay
mep		Mariu;Mariyung;Merong;Miriung;Miriuwung;Miriwong;Miriwu;Miriwun;Miriwung;Mirong;Mirriwong;Mirung;Moreng
meq		Mere;Meri;Mofou Merie;Mofu;Mofu de Méri;Mofu of Meri;Muffo;Muffu;Méré
mer		Kimeru;Mero;Meru
mes		Masmadje;Mesmedje
met		Nenaya;Nengaya;Nineia
meu		Mona;Pure Motu;True Motu
mev		Maa;Mah;Mann;Mano;Manon;Manö;Mawe;Máá;Mã́ã́
mew		Maga;Magha;Maha;Maka
mey		Arabic, Hasanya;Arabic, Hassaniyya;Hasaniya;Hasanya;Hasanya Arabic;Hassani;Hassania;Hassaniya;Hassaniyya Arabic;Klem El Bithan;Maure;Mauri;Moor;Sahrawi;Sulaka;Suraka;Suraxxé
mey		Arabic, Hasanya;Arabic, Hassaniyya;Hasaniya;Hasanya;Hasanya Arabic;Hassani;Hassania;Hassaniya;Hassaniyya Arabic;Klem El Bithan;Maure;Mauri;Moor;Sahrawi;Sulaka;Suraka;Suraxxé
mez		Mamaceqtaw;Menomini;Menominí
mfa		Jawi;Jawi-Malay;Kelantan-Pattani Malay;Pattani Malay;Yawi;oré Jawi
mfa		Jawi;Jawi-Malay;Kelantan-Pattani Malay;Pattani Malay;Yawi;oré Jawi
mfa		Jawi;Jawi-Malay;Kelantan-Pattani Malay;Pattani Malay;Yawi;oré Jawi
mfb		
mfc		Bamanga;Kimanga;Kimbanga;Manga;Mbane;Mbanɨ
mfd		Abɔŋnamɛnda;Nkwen
mfe		Creolophone;Indian Ocean Creole French;Kreol;Kreol Mauricean;Kreol Morisien;Kreol Morisyin;Kreole;Maurisyen;Mauritian;Mauritian Creole;Mauritius Creole French;Maurysen
mff		Bunaki;Diokpang;Mekaf;Munkaf;Njeyibah;Nkap
mfg		Mikifore;Mixifore;Mɔgɔfin
mfg		Mikifore;Mixifore;Mɔgɔfin
mfh		Badda;Balda;Mouktele;Muktele;Muktile
mfi		Mandara;Mandara Montagnard;Ndara
mfi		Mandara;Mandara Montagnard;Ndara
mfj		Baitsawara;Boulahay;Bula;Bulahai
mfk		Douvangar;Mofu;Mofu-Douvangar;Mofu-Duvangar;Mofu-Nord;Mofu-North;Muffo;Muffu;North Mofu
mfl		Marghi West;West Marg
mfm		Margi;Margi ti ntәm
mfn		Cross River Mbembe;Ekokoma;Ifunubwa;Oderiga;Ofunobwam;Okam;Wakande
mfo		Ketuen;Western Mbube
mfp		Bahasa Melayu Makassar;Macassarese Malay;Makassar Malay;Makassarese Malay;Sulsel Indonesian;Ujung Pandang Indonesian
mfq		Ben;Jifelm;Moa;Moab;Moare;Mowa;Muaba;Mwaba
mfq		Ben;Jifelm;Moa;Moab;Moare;Mowa;Muaba;Mwaba
mfr		Berinken;Berinkin;Berringen;Berringin;Bringen;Brinkan;Brinken;Brinkin;Marathiel;Maridhiel;Maridhiyel;Maridiel;Maridiyal;Maridiyel;Maridjiel;Marithid;Marithiel;Marithiyel;Marrisjefin;Muritijel;Western Daly
mfs		LSM;Lengua de Señas Mexicana;Lenguaje Manual Mexicana;Lenguaje de Señas Mexicano;Lenguaje de Señas de México;Lenguaje de Signos Mexicano;Lenguaje de las Manos
mft		Idien;Mokareng;Mokerang;Mokoreng
mfu		Ambuela;Ambuella;Mbuela;Mbwera;Shimbwera
mfv		Kanyop;Kenyop;Majak;Mandjako-bé;Mandjaque;Mandyak;Manjaaku;Manjaca;Manjack;Manjaco;Manjacu;Manjago;Manjak;Manjaku;Manjanku;Manjiak;Manjáku;Manyako;Mendyako;Ndiagó;Ndjak;Ndyak
mfw		
mfx		
mfx		
mfy		Yaqui-Mayo;Yorem Nokpo;Yoreme Nokki
mfz		Barga;Gura;Ma Baan;Maaban;Maban;Meban;Southern Burun;Süd-Burun;Tonko;Tungan;Ulu
mlg	bjq;plt	Ambaniandro;Borizano;Borizany;Fiteny Malagasy;Hova;Malagasy fiteny;Malagasy ôfisialy;Malagasy, Merina;Malgache;Official Malagasy;Plateau Malagasy;Standard Malagasy;Teny ôfisialy
mlg		
mlg	plt	Ambaniandro;Borizano;Borizany;Fiteny Malagasy;Hova;Malagasy fiteny;Malagasy ôfisialy;Malagasy, Merina;Malgache;Official Malagasy;Plateau Malagasy;Standard Malagasy;Teny ôfisialy
mga		
mgb		Abiri;Abiyi;Ebiri;Mararet;Merarit
mgb		Abiri;Abiyi;Ebiri;Mararet;Merarit
mgc		Hɔ Morokodo;Ma’di;Morocodo;Vïdï Morokodo
mgd		Kala Moru
mgd		Kala Moru
mge		Doba;Mangɔ;Mbay Doba;Mongo
mgf		Makleu
mgg		Bombo;Mbombo;Mpompo;Mpompon;Mpongmpong;Mpopo;Mpumpoo;Mpumpoŋ;Mpumpun;Mpumpung;Mpumpuŋ;Pongpong
mgh		Chimakua;Emakhua;Emakhuwa;Emeto;Imakua;Imeetto;Kimakua;Macua;Makhua;Makoa;Makua;Makuwa;Maquoua;Mato;Medo;Meetto;Meto;Metto;Mêto
mgh		Chimakua;Emakhua;Emakhuwa;Emeto;Imakua;Imeetto;Kimakua;Macua;Makhua;Makoa;Makua;Makuwa;Maquoua;Mato;Medo;Meetto;Meto;Metto;Mêto
mgi		Jili;Koro Lafia;Koro of Lafia;Ligili;Lijili;Megili;Mijili
mgj		Mini
mgk		
mgl		Idne;Kilenge;Lolo;Maleu
mgm		Mambai;Manbae
mgn		Mbangui
mgo		Bameta;Chubo;Meta';Metta;Mitaa;Muta;Mɨta’;Uta’
mgp		Eastern Magar;Magar;Magari;Magarkura;Magarí;Magarī;Mangar;Mangari;Manggar
mgp		Magar;Magari;Magarkura;Magarí;Magarī;Mangar;Mangari;Manggar
mgq		Bamalila;Ishimalilia;Kimalila;Malilia;Shimalilia;Shɨmalɨla
mgr		Mambe-Lungu;Mambwe-Rungu;ichiMambwe
mgs		Kimanda;Kinyasa;Manda (Tanzania);Manda-Matumba;Nyasa;chiManda
mgt		Mongol;Mwa
mgu		Mailu
mgv		Chimatengo;Kimatengo
mgw		Kimatumbi;Kimatuumbi;Matuumbi
mgy		Bunga;Kimbunga
mgz		Buwe;Keemboowɛ;Kemboowɛ;Kimbugwe;Kiumbugwe;Mbuwe
mah		Ebon
mha		Manda (India)
mhb		Mahongüe
mhc		Mochó;Motocintlec;Motocintleco;Motocintlèque;Motozintleco;Qato’k
mhd		Kibwayo;Kibwyo;Kimaa;Kimbugu;Ma’a;Mbougou;Wa Maathi;Wa-Ma’a;Wama’a
mhe		Besisi;Cellate;Hma’ Btsisi’;Ma’ Betisek;Southern Sakai;Süd-Sakai
mhf		Mama;Mamaa
mhg		Adawuli;Ajokoot;Croker;Croker Island language;Djalakuru;Gaari;Island Margu;Jaako;Mago;Margo;Marlgu;Marrgu;Marrku;Oitbi;Raffles Bay;Terrutong;Terutong;Uruku;Wurango;Yaako;Yako
mhi		Ma'di;Madi;Ma’adi;Ma’aditi;Ma’di ti;Ma’diti;Mãꞌdí
mhj		Moghol;Mogol;Mogol’;Mogul;Mongolen;Mongul
mhk		Bali;Li;Munga’ka;Mʉ̀ngâkà;Ngaaka;Nga’ka
mhl		Mawake;Ulingan
mhm		Emakhuwa-Emoniga;Emoniga;Moniga
mhn		Bersntolerisch;Fersentalerisch;Mochenisch;Mocheno;Mócheno
mho		Kamakshi;Kamaxi;Kwamashi;Mashi (Zambia);Masi
mhp		Balinese Malay
mhq		Mandano
mhs		Boeroe;Buru (Indonesia);Buruese
mht		Arihini;Bale;Cunipusana;Ihini;Maldavaca;Mandauaca;Mandauáca;Mandawaca;Mandawaka;Mandawáka;Mitua;Yavita
mhu		Darang;Darang Deng;Darang Dengyu;Digaro;Digaro Mishmi;Digaru;Mishmi;Taaon;Taraon;Tawra;Taying
mhw		Cusso;Gova;Hambukushu;Kuso;Kusso;Mambukush;Mampukush;Mbukuhu;Mbukushi;Sembukushu;Sempukushu;Thimbukushu;Thimukushu
mhx		Diso;Lang;Langsu;Langwa;Lang’e;Lansu;Laungaw;Laungwaw;Lawgore;Lawng;Lawngvaw;Lhaovo;Liangsu;Lovo;Malu;Matu;Mulu;Nyky;Zi
mhy		Ma'anyan;Maanyak Dayak;Maanyan;Ma’anjan
mhz		Austronesian Mor;Moor;Mor (Mor Islands)
mri		New Zealand Maori;te reo;te reo Māori
mri		New Zealand Maori;te reo;te reo Māori
mia		Illinois;Maumee;Miami-Illinois;Miami-Myaamia;Miami-illinois;Myaamia;Piankishaw;Twatwa;Twightwee;Wea
mib		Atatláhuca Mixtec;Misteko;Mixteco;Mixteco de San Esteban Atatlahuca;Mixteco del Sur Medio;San Esteban Atatlahuca Mixteco;Sasavú;South Central Tlaxiaco Mixtec;South Central Tlaxiaco Mixteco;Tu’un savi
mic		L’nui’simk;Mi'kmaq;Micmac;Miigmao;Mikmak;Mikmaw;Mi’gmaq;Mi’gmaw;Mi’gmawi’simg;Mi’kmag;Mi’kmaw;Mìgmaq;Mìkmaq;Míkmawísimk;Restigouche
mic		L’nui’simk;Mi'kmaq;Micmac;Miigmao;Mikmak;Mikmaw;Mi’gmaq;Mi’gmaw;Mi’gmawi’simg;Mi’kmag;Mi’kmaw;Mìgmaq;Mìkmaq;Míkmawísimk;Restigouche
mid		Manda:yi;Mandaayi;Mandaean;Mandaic;Mandeo;Mandi;Mandini;Mandéen;Mandāyì;Mandɔyí;Modern Mandaic;Raṭnā;Sabean;Sabe’in;Subbi
mie		Cuquila Mixtec;Mixteco de Santo Tomás Ocotepec;Mixteco de Sierra Sur Noroeste;Ocotepec Mixtec;Santo Tomás Ocotepec Mixtec;Tu’un savi;Tūhun sāsávī
mif		Mey Mafaw;Mey Mafaw Gudur;Mey aŋgwa;Mey ŋga aŋgwa;Mofou;Mofou de Goudour;Mofu;Mofu South;Mofu-Sud;Muffo;Muffu
mig		Mixteco de San Pedro Molinos;Mixteco del Sur Bajo;Sahin sau;San Miguel El Grande Mixtec;San Miguel Mixtec
mih		Chayuco Mixtec;Eastern Jamiltepec-Chayuco Mixtec;Mixteco de Chayucu;Mixteco de Oaxaca de la Costa Central;Tuhun savi;Tu’un savi
mii		Central Puebla Mixtec;Chigmecatitlán Mixtec;Da’an davi;Dehe dau;De’e dau;Mixteco de Santa María Chigmecatitlán;Mixteco del Suroeste de Puebla
mij		Abar;Mijong
mik		Miccosukee;Mikasuki Seminole;Mikisúkî
mil		Eastern Mixtec;Mixteco de Santa María Peñoles;Penoles Mixtec;Peñoles Mixtec;Tnúhu dàú;Tu’un savi
mim		Alacatlatzala Mixtec;Highland Guerrero Mixtec;Highland Guerrero Mixteco;Mixteco de Alacatlatzala;To̱ꞌon sa̱vi̱;To̱ꞌon sávi̱;To’on Savi;Tuꞌun savi
min		Minang;Padang
min		Minang;Padang
mio		Coastal Mixtec;Jicaltepec Mixtec;Lowland Jicaltepec Mixtec;Mechoacán Mixtec;Mixteco de Oaxaca de la Costa Oeste Central;Mixteco de Pinotepa Nacional;Mixteco del Oeste de la Costa;Pinotepa Nacional Mixtec;Seꞌen savi;Tuhun Ñuun Ñucaan;Tuꞌun savi;Western Jamiltepec Mixtec
mip		Apasco Mixtec;Apasco-Apoala Mixtec;Apoala Mixtec;Da’an davi;Mixteco de Chocho;Mixteco de Santiago Apoala;Mixteco del Noreste;Northern Nochixtlán Mixtec
miq		Marquito;Miskuto;Misquito;Mosco;Mosquito;Mískitu;Mísquito
mir		Ayuk;Ayuuc;Ayuuk;Eastern Mixe;Guichicovi;Guichicovi Mixe;Isthmus Mixe;Isthmus Sokean;Lowland Mije;Lowland Mixe;Mije;Mixe Bajo;Mixe del Istmo;Mixe medio del este;Oaxaca Mije;hagunaax;hayuuc
mis		
mis		
mit		Acatlán Mixtec;Dahan davi;Da’an davi;Mixteco de la Frontera Puebla-Oaxaca;Mixteco del Sur de Puebla;Mixteco del Suroeste de Puebla;Southern Puebla Mixtec;Xayacatlán de Bravo
miu		Cacaloxtepec Mixtec;Huajuapan Mixtec;Mixteco de Cacaloxtepec;Mixteco del Oeste Alto;Tu’un davi
miw		Akoinkake;Akoyi;Angoya;Lohiki;Mahigi;Mai-Hea-Ri;Maiheari;Maihiri;Obi
mix		Eastern Juxtlahuaca Mixtec;Mixteco de Mixtepec;Mixteco de Oeste Central;Mixteco de San Juan Mixtepec;Mixtepec Mixtec;Sahan lin savi;San Juan Mixtepec;Sa’an Savi Snuviko;Sa’an ntavi;Sa’an savi;Saꞌan Ntavi Xnuviko
miy		Ayutla;Ayutla Mixtec;Ayutla Mixteco;Coastal Guerrero Mixtec;Libres Mixtec;Mixteco de Ayutla;Mixteco de Ayutla de los Libres;Tu̱n savi̱ꞌ Tu̱tyoo̱ꞌ;Tu’un savi
miz		Coatzospan Mixtec;Coatzospan Mixteco;Mixteco de Coatzóspan;Mixteco de San Juan Coatzospan;Teotitlán Mixtec;Tuhun davi;Tuꞌun davi
mjb		Maklere
mjc		Mixteco de Oaxaca de la Costa Noroeste;Mixteco de San Juan Colorado;San Juan Colorado;San Juan Colorado Mixtec;Tu’un sav
mjd		Concow;Holólupai;Konkau;Konkow;Koyoomk’awi;Koyoongk’awi;Maiduan;Mechoopda;Meidoo;Michopdo;Northwest Maidu;Northwestern Maidu;Nákum;Secumne;Sekumne;Tsamak;Yuba
mje		Muzgum
mjg		Hu-tsu;Mihe Tu;Mongghul;Mongor;Mongour;Monguor;Qighaan Mongghul
mjg		Hu-tsu;Mihe Tu;Mongghul;Mongor;Mongour;Monguor;Qighaan Mongghul
mjh		Kimwera;Kinyasa;Mbamba Bay;Mwera (Nyasa);Nyanza;Nyasa
mji		Chasan Yao;Coc Mun;Dao Ao Dai;Dao Lam Dinh;Dao Quan Trang;Dao Thanh Y;Gem Mun;Great Tunic Yao;Hainan Miao;Jim Mun;Jinmen;Kem Mun;Kem di mun;Kimmun;Lan Ten;Lan Tin;Lanten;Lantin;Lowland Yao;Man;Man Lantien;Men;Mun;Red Trouser Yao;San Chi;Shanzi Yao;Yao
mjj		
mjk		Matugar;Matukar
mjl		Mandi;Mandiali;Mandyali;Pahari Mandiyali
mjl		Mandi;Mandiali;Mandyali;Pahari Mandiyali
mjm		
mjn		Ma (Papua New Guinea);Mawam;Mebu
mjo		Mala Koravan;Malaikuravan;Malakkuravan;Male Kuravan
mjp		Hill Pantaram;Malapantaram;Malepantaram;Pandaram Basha
mjq		Arayans;Karingal;Malai Arayan;Malayarayan;Malayarayar;Male Arayans;Maley Arayan;Vazhiyammar
mjr		Malai Vedan;Malavetan;Towetan;Veda Bhasha;Vedans;Vettava Bhasha
mjs		Chip;Cip;Ship
mjt		Malatri;Maler;Malti;Malto;Maltu;Paharia;Rajmahali;Râjmahal;Sawriya Malto
mjt		Malatri;Maler;Malti;Malto;Maltu;Paharia;Rajmahali;Râjmahal;Sawriya Malto
mju		
mjv		Inavan petch;Mannan Pasha;Manne;Mannyod
mjw		Arleng;Arleng Alam;Karbi Karbak;Karbiarlong;Manchati;Nihang;Puta
mjx		Mahili;Mahle;Mahli
mjx		Mahle
mjy		Mohican;Mã’eekaneeweexthowãakan
mjz		Manjhi
mkd		Macedoneana;Macedonian Slavic;Maqedonase;Slavic
mkd		Macedonian Slavic
mka		Bere;Bre;Bɛrɛ;Pre;Pre Pisia;Pɛrɛ;Pɛrɛpisjà
mkb		Dehri;Mad;Mader;Mal;Mal Pahariya;Mal Pahoria;Maler;Malpaharia;Malti;Malto;Maltu;Manlati;Mar;Mar Paharia of Dumka;Marpaharia;Maw;Mawdo;Mawer;Mawer Nondi;Paharia;Parsi
mkc		Mai;Maimai;Seleput;Sokorok
mke		Mauchi;Mavchi;Mawachi;Mawchi Bhil;Mowchi;Māwəchī
mkf		Miya;Miyanci;Miyawa;Muya;vә́na mίy
mkg		Ching;Mak (China);Mo;Mo-Hua;Mochiahua;Mohua;Mojiahua
mki		Dhati;Thar;Thari
mki		Thar
mkj		Mokil;Moquilés;Mwoakilese;Mwoakilloa;Mwoakiloa
mkk		Byep-Besep;Maka;Makya;Meka;Mekae;Mekay;Mekey;Mekye;Mika;Moka;North Makaa
mkl		Ede-Mɔkɔle;Féri;Mokollé;Mokolé;Mokwale;Monkole;Monkolé;Mɔ̄kɔ́lé
mkm		Chau Pok
mkn		Basa Kupang;Kupang;Kupang Malay
mko		Doso;Munga;Munga Doso;Ngwai Mungàn
mkp		Doriri;Moikoidi
mkq		Saclan;Saklan
mkr		Malas
mks		Mixteco de Santo Domingo Tonalá;Mixteco del Oeste Alto;San Sebastián del Monte Mixtec;Silacayoapan Mixtec;To’on nda’vi;Tu̱hun ndáhví;Tu’un davi
mkt		Hmwaeke;Moaeke;Pamale;’Moaeke
mku		Koniaka;Konianka;Konya;Konyakakan;Konyanka Maninka;Maninka, Konyanka;Maninya
mkv		Mavea
mkw		Kikongo-Kituba;Kikoongo;Kituba (Congo);Mono tuba;Monokutuba;Munukutuba
mkx		Cinamiguin;Cinamiguin Manobo;Kamigin;Kinamigin;Kinamiging Manobo;Kinamiguin
mky		East Makian;Makian Dalam;Makian Timur;Taba
mkz		Macassai;Makasai;Makassai;Maksae;Ma’asae
mal		Alealum;Malabari;Malayal;Malayalani;Malayali;Malean;Maliyad;Mallealle;Malyalam;Mopla
mal		Alealum;Malabari;Malayal;Malayalani;Malayali;Malean;Maliyad;Mallealle;Malyalam;Mopla
mal		Alealum;Malabari;Malayal;Malayalani;Malayali;Malean;Maliyad;Mallealle;Malyalam;Mopla
mla		Tamabo;Tamambo
mlb		Dumbule;Mbola;Mbure
mlc		Cao;Cao Lan-Sán Chi;Caolan;Lan-Sán Chi;San Chay;San Chi;Sán-Chi
mle		
mlf		Htin;Ht’in;Khatin;Lua;Madl;Ma’di;Thin;Tin;T’in
mlf		Htin;Ht’in;Khatin;Lua;Madl;Ma’di;Thin;Tin;T’in
mlh		
mli		
mlj		Gàlì;Miltou;Miltú
mlk		Elwana;Ilwana;Walwana
mll		Espiegle Bay;Espiegle’s Bay;Malua-Tepërav;Melsak;Mereick;Middle Nambas
mlm		Abo;Ayo;Kyam;Molao;Mulamo;Mulao;Mulao Miao;Muliao;Mulou
mln		Teha
mlo		Gulompaay;Mlomp North
mlp		Mugil;Saker
mlr		Hurza-Vame;Maslava;Pelasla;Pǝlasla;Vamé
mls		Jwisince;Kaana Masala;Kana Masalaka;Kana Masaraka;Kanaa Masarak;Kanaa Masaraka;Masale;Masara;Masarak;Masaraka;Massalit;Massolit;Mesalit
mlu		Malu;Malu’u;North Malaita;To'abaita;Toabaita;Toqabaqita;To’aba’ita;To’ambaita
mlv		Motalava;Motlav;M̄otlap;Na-gatgat to-M̄otlap;No-hohole to-M̄otlap
mlw		Ma Mǝloko;Melokwo;Mokyo;Molko;Molkoa;Molkwo;Molokwo;Mǝlokwo
mlx		Malfaxal;Malvaxal-Toman Island;Naha'ai;Naha’ai;Taman;Tomman
mlz		Malay Aklanon
mma		Kantana;Kwarra
mmb		
mmc		Jñatjo;Mazahua de occidente;Michoacan Mazahua;Michoacán Mazahua;Toluca Mazahua
mmd		Ai Nan
mmd		Ai Nan
mmd		Ai Nan
mme		Dirak;Emwae;Mallicolo;Tirakh;Tirax
mmf		Mundat
mmg		North Ambrym;Rral;Tolongken
mmh		Mahinacu;Mahinaku;Mehinaco;Mehinacu;Mehinacú;Mehinako;Mehinaku;Mehinakú;Meinaku;Minaco;Waurá-Meinaku
mmi		Amben;Aregerek;Musar
mmj		Majhvar;Manjhi;Manjhia
mmk		Conta-Reddi;Mukha Dhora;Nooka Dora;Nuka-Dora;Reddi;Reddi-Dora;Riddi
mml		Manmi;Manmit
mmm		Mae-Morae;Mafilau;Mkir
mmn		Mamanwa;Mamanwa Negrito
mmo		Manga Buang;Mangga Buang
mmp		Musa;Musan;Musian;Siafli;Siwai
mmq		Aísí Va’o;Musak
mmr		Eastern Miao;Ghao-Xong;Hsianghsi Miao;Huayuan Miao;Jiwei Miao;Meo Do;Northern Miao;Qo Xiong;Red Meo;Red Miao;Songtao Miao;West Hunan Miao;Western Ghao-Xong;Western West-Hunan Miao;Western Xiangsi Miao;Western Xiangxi Hmong;Western Xiangxi Miao;Xiangxi Aizhai Miao;Xong
mmt		Bonga;Garingei;Garpunei;Malalamai
mmu		Central Yambassa;Kalong;Mmaala;Mmahla;Mmala;Nuasue;Nukalonge;Numaala;Nummáalá;Numála;Yambassa
mmv		Baniva de rio Içana;Baníwa do Içana;Buia-Tapuya;Búia-tapúya;Dyuremáwa;Dzúreme;Dzúremene;Miriti Tapuyo;Miriti-Tapuia;Mirity-Tapuya;Neenoá;Neenöa;Yiboia-tapuya;Yibóya-tapúya
mmw		Emai;Emwae;Mae;Mai;Mwae
mmx		Lelet;Mandak
mmy		Migama
mmz		Lomabaale;Mabale;Mbali
mon	drh;khk	Central Mongolian;Halh;Halha;Kalkh;Khalkh;Khalkha;Khalkha Mongolian;Mongol;Mongolian, Halh
mon	khk	Central Mongolian;Halh;Halha;Kalkh;Khalkh;Khalkha;Khalkha Mongolian;Mongol;Mongolian, Halh
mon	drh;khk	Central Mongolian;Halh;Halha;Kalkh;Khalkh;Khalkha;Khalkha Mongolian;Mongol;Mongolian, Halh
mon		
khk		Central Mongolian;Halh;Halha;Kalkh;Khalkh;Khalkha;Khalkha Mongolian;Mongol;Mongolian
mon	khk	Central Mongolian;Halh;Halha;Kalkh;Khalkh;Khalkha;Khalkha Mongolian;Mongol;Mongolian, Halh
mna		Mangaaba;Mangaaba-Mbula;Mangaava;Mangaawa;Mangap;Mangap-Mbula
mnb		Mounan;Wuna
mnc		Man;Manju Gisun
mnd		Monde;Mondé-Sanamai;Salamai;Salamaikã;Salamãi;Sanamaica;Sanamaika;Sanamaiká;Sanamaikã;Sanamaykã;Sanamaí
mne		Melbené;Tar Melbene
mnf		Ndɨ̧ Mundàni
mng		Eastern Mnong;Mnông Lam;Nong;Penong
mnh		Amono;Mono (Democratic Republic of Congo);Mɔnɔ
mni		Kathe;Kathi;Kaṯhe;Mailhai;Manipuri;Meetei;Meeteilon;Meitei Manipuri;Meiteilon;Meiteiron;Meithe;Meithei;Meithlei;Menipuri;Mitei;Mithe;Mēkhalī;Mēklē;Ponna;Pōṇṇā
mni		Kathe;Kathi;Kaṯhe;Mailhai;Manipuri;Meetei;Meeteilon;Meitei Manipuri;Meiteilon;Meiteiron;Meithe;Meithei;Meithlei;Menipuri;Mitei;Mithe;Mēkhalī;Mēklē;Ponna;Pōṇṇā
mni		Kathe;Kathi;Kaṯhe;Mailhai;Manipuri;Meetei;Meeteilon;Meitei Manipuri;Meiteilon;Meiteiron;Meithe;Meithei;Meithlei;Menipuri;Mitei;Mithe;Mēkhalī;Mēklē;Ponna;Pōṇṇā
mni		Kathe;Kathi;Kaṯhe;Mailhai;Manipuri;Meetei;Meeteilon;Meitei Manipuri;Meiteilon;Meiteiron;Meithe;Meithei;Meithlei;Menipuri;Mitei;Mithe;Mēkhalī;Mēklē;Ponna;Pōṇṇā
mnj		Munjani;Munjhan;Munjigi;Munjiwar;Munyí
mnk		Mande;Mandinca;Manding;Mandinga;Mandingo;Mandingue;Mandinque;Mandi’nka kango;Mandé;Socé
mnk		Mande;Mandinca;Manding;Mandinga;Mandingo;Mandingue;Mandinque;Mandi’nka kango;Mandé;Socé
mnl		Malmariv;Tarv
mnm		
mnn		Penong;Southern Mnong
mnp		Min Bei Chinese;Min Pei;Northern Fujian;Northern Min
mnq		Mendriq;Menraq;Menrik;Menriq;Menri’
mnr		Monache;Monachi;Mono (USA);Saidyuka
mns		Mansiy;Mantschi;Mańsi;Vogul;Vogulian;Vogulich;Vogulisch;Voguly;Wogluwitzi;Wogulisch;jugra;manshi;vogoule
mns		Mansiy;Mantschi;Mańsi;Vogul;Vogulian;Vogulich;Vogulisch;Voguly;Wogluwitzi;Wogulisch;jugra;manshi;vogoule
mnu		Miere;Muri
mnv		Rennell;Rennell-Belona;Rennellese;Rennellese-Bellonese;Te hegeunga a Mugaba ma Mugiki
mnw		Aleng;Mou;Mun;Môn;Peguan;Peguanisch;Raman;Ramañña;Rman;Rmen;Takanoon;Talaing;Taleng;Teguan
mnx		Mantion;Sogh
mny		
mnz		Djonggunu;Jonggunu;Megani;Migani
moa		Mona;Mouan;Mouna;Muan;Muana;Mwa
moc		Mbocobí;Mocobí;Mocovi;Mokovi;Mokoví;Moqoit
mod		Chicasa Trade Jargon;Chickasaw-Choctaw Trade Language;Mobile;Mobilian Jargon;Mobilian Trade Jargon;Mobilian Trade Language;Yamá
moe		Innu Aimun;Innu Aionun;Innu-Aimun;Montagnais;Montagnais Innu
mog		Bolaang Mongondow;Bolang-Mogondo;Bola’ang-Mongodow;Minahassa;Mongodow;Mongondou
moh		Kanatsiohareke;Kanesatake;Kanien'kéha;Kanienkehaka;Kanien’kehaka;Kanien’kéha;Kanyen’kéha
moi		Gena;Mboire;Mboyi
moj		Mondjembo;Monjombo;Mono-Jembo;Monzumbo;Munzombo
mok		Marori;Moaraeri;Moraori;Morari
mom	cjr	Choluteca;Chorotega;Mange;Monimbo
moo		Bonam;Bonom;Menam;Monam
mop		Maya Mopan;Mopan;Mopan Maya;Mopane;Mopán;Mopán Maya
moq		Mor (Bomberai Peninsula)
mor		Dhimorong;Nuba Moro
mos		Mole;Mooré;Moose;More;Moré;Moshi;Mossi;Mòoré
mos		Mole;Mooré;Moose;More;Moré;Moshi;Mossi;Mòoré
mot		Baria;Barira;Cunausaya;Motiln;Motilon;Motilone;Motilón
mou		Mogoum;Mogume
mov		Amaquaqua;Hamakhav;Hamakhav Chakwar;Jamajab;Macav Chukwar;Mojave;River Yuman;Upriver Yuman;Yuman;’Am’akhav
mow		Lemoi;Mahican;Moi (Congo);Rebu
mox		Ebadidi;Fagululu;Morima;Salakahadi
moy		
moy		
moz		Diongor Guera;Djonkor Guera;Dyongor Guera;Gergiko;Guerguiko;Jonkor of Guera;Jonkor-Gera;Mokoulou;Mokulu
mpa		ChiNyasa;Chimpoto;Cimpoto;Kimpoto;Kinyasa;Nyasa
mpb		Akana;Djiramo;Djiramö;Junggor;Kamor;Malack malack;Malack-malack;Malag Malag;Malag-Malag;Malagmalag;Malak-Malak;Malak-malak;MalakMalak;Malakmalak;Mallackmallack;Mallak mallak;Mallak-mallak;Mollak Mollak;Mollak mollak;Mollak-mollak;Mollakmollak;Mollok Mollok;Mullik mullik;Mullik-Mullik;Mullik-mullik;Mullikmullik;Mullu Mulluc;Mullu-Mulluc;Mulluc-Mulluc;Mulluck Mulluck;Mulluk Mulluk;Mulluk-Mulluk;Mullukmulluk;Mulukmuluk;Mulukomuluko;Ngolak wonga;Ngolak-Wanggar;Ngolak-Wonga;Ngolok Wangar;Ngolok-Wangar;Ngolokwangga;Ngoluk wanggar;Ngulugwanga;Ngulugwongga;Nguluk Wangkar;Ngulukwongga;Ngulul Wanggar;Ngululwanga;Nguluwongga;Valli valli;Valli-valli;Wooliana;Yunggor
mpc		MaNrayi;Mangarai;Mangarayi;Mangarei;Mangarray;Mangerei;Manggarai;Mungarai;Mungari;Mungerry;Ngarrabadji;Walooka
mpd		Machineri;Manchinere;Manchineri;Manitenere;Manitenerí;Manitenére;Manxinéri;Mashineri;Maxineri;Maxinéri
mpe		
mpe		
mpg		Azumeina;Maraba;’Azumeina
mph		Gun marung;Gun-Marung;Gunmarang;Gunmarung;Kunmarung;Managari;Manangari;Marung;Mau;Mauung;Maw;Mawng;Mawung;Men ngai
mpi		Kotoko-Makari;Mackeri;Makari;Makary;Makary Kotoko;Mpadɨ
mpj		Gardujarra;Giyajarra;Jigalong;Jindi;Julbaritja;Kabul;Mardo;Mardu;Mardudjara;Mardujara;Marduwangga;Martu;Martu-Wangka;Martuwangka;Targoodi;Targudi;Wangka;Wangkajunga;Yindi
mpk		Guelengdeng;G’kelendeg;G’kelendeng;Massa de Guelengdeng;Mbara (Chad)
mpl		Maraliinan;Maralinan;Middle Watut;Silisili;Watut
mpm		Mixteco de Santiago Yosondúa;Mixteco de Yosondúa;Sa’an sau;Southern Tlaxiaco Mixtec;Tlaxiaco;Yosondua Mixtec;Yosondúa Mixtec
mpn		
mpo		My;Myu
mpp		Migaba’
mpq		Matis
mpr		
mps		Daribi;Karimui
mpt		Kolino;Mian weng;Mianmin;Miyanmin
mpu		Kurateg;Macurap;Macurape;Macurapi;Macuráp;Makurap;Makurape;Makurápi;Massaka
mpv		Munkip
mpw		Mahuayana;Maiopitian;Maopidian;Maopityan;Mapidi;Mapidian-Mawayana;Mapidiana;Mawayana
mpx		Misima;Misima-Paneati;Misiman;Pana Misima;Pana Panaeati;Panaeati;Panaieti;Panayeti;Paneate;Paneyate
mpy		Mapian;Old Mapian
mpz		Kaw;Mpi-Mi
mqa		Bicoli;Bitjoli;Ingli;Maba (Indonesia)
mqb		Mboko;Mbokou;Mboku;Mbuku
mqc		Mangoli;Sula Mangoli
mqe		
mqf		Somage;Somahai;Sumohai
mqg		Kota Bangun Kutai Malay
mqh		Mixteco Bajo de Valles;Mixteco de Santiago Tlazoyaltepec;Tlazoyaltepec Mixtec;Tu’un dau
mqi		Aru;Mairiri
mqj		Mamasa Toraja
mqk		Rajah Kabungsuan Manobo;Rajah Kabunsuwan Manobo
mql		Bebelibe;Bèbèdibè;Mbilme;Mbèlimè;Mbɛlímɛ̀;M̄ bɛ̄dímɛ;Oubièlo;Ubielo
mqm		South Marquesan;’Eo ’Enata
mqn		Maronene
mqo		Madole
mqp		Soow Huhelia
mqq		
mqr		
mqs		Makian Barat;Makian Luar;Moi;West Makian
mqt		A Mŏk;Amok;Doi;Loi;Loi Cim;Mojo;Moxo;Muak;Yā-āng Lawa;ʔape
mqu		Chir;Kir;Kútúk nà mùndárì;Mondari;Mundari;Shir
mqv		
mqw		
mqx		Mamoedjoe;Mamoedjoesch;Mamudju;Udai
mqx		Mamoedjoe;Mamoedjoesch;Mamudju;Udai
mqy		
mqz		Malasanga
mar		Maharashtra;Maharathi;Malhatee;Marthi;Muruthu
mar		Maharashtra;Maharathi;Malhatee;Marthi;Muruthu
mar		Maharashtra;Maharathi;Malhatee;Marthi;Muruthu
mar		Maharashtra;Maharathi;Malhatee;Marthi;Muruthu
mra		Luang;Ma Ku;Mabri;Malabri;Mla;Mla Bri;Mla-Bri;Mrabri;Yumbri
mrb		Naone;North Maewo;Sunwadia
mrc		Cocomaricopa;Pee Posh;Piipaash;Piipaash Chuukwer;Piipayk
mrd		Magar;Magari;Magarī;Mangar;Mangari;Manggar;Mãgari;Syangja Magar;Western Magar
mre		MVSL;Martha's Vineyard Sign Language
mrf		Djanggu;Janggu;Sawa;Tabu
mrg		Hill Miri;Miching;Mishing;Mising-Padam-Miri-Minyong;Missing;Takam
mrg		Hill Miri;Miching;Mishing;Mising-Padam-Miri-Minyong;Missing;Takam
mrg		Hill Miri;Miching;Mishing;Mising-Padam-Miri-Minyong;Missing;Takam
mrh		Hawthai;Mara Reih;Mira;Sabeu;Tlongsai;Zao
mrj		Cheremis;Cheremiss;Cheremissian;Gorno-Mariy;High Mari;Highland Mari;Hill Cheremis;Hill Cheremiss;Hill Mari;Mari-Hills;Western Cheremis;Western Mari;gornomarijskij jazyk;marij jylme
mrk		Ceta;Fa Tieta;Faa Ceta;Moaveke;’Moaveke
mrl		Mortlock;Nomoi
mrm		Merelava;Merlav;Merlav-Merig
mrn		A’ara;Cheke Tahati;Holo;Kubonitu
mro		Dak;Launghu;Maru;Mro;Mro-Mru;Mrucha;Mrung;Mrusa;Murung;Niopheng;Niopreng;Taung Mru
mro		Dak;Launghu;Maru;Mro;Mro-Mru;Mrucha;Mrung;Mrusa;Murung;Niopheng;Niopreng;Taung Mru
mrp		
mrq		North Marquesan;’Eo ’Enana
mrr		Hill Madia;Hill Maria;Madi;Madia;Madia Gond;Madiya;Maria (India);Modh;Modi
mrs		Maragaus;Marakus;Tape;Tobah
mrt		Central Margi;Marghi;Margi;Margi Central
mru		Maru;Mon-Non;Mono (Cameroon)
mrv		Mangarevan;Mangarevano;Reo Magareva
mrw		Maranaw;Meranao;Mëranaw;M’ranaw;Ranao
mrw		Maranaw;Meranao;Mëranaw;M’ranaw;Ranao
mrx		Maremgi;Marengge
mry	mst;myt	Davawenyo
mrz		Eastern Marind;Holifoersch
msa	zsm	Bahasa Malaysia;Bahasa Malayu;Bahasa Melayu Malaysia;Formal Malay;Malay;Malay, Standard;Malaysian Malay;Malayu;Melayu;Melayu Baku
msa	zsm	Bahasa Malaysia;Bahasa Malayu;Bahasa Melayu Malaysia;Formal Malay;Malay;Malay, Standard;Malaysian Malay;Malayu;Melayu;Melayu Baku
zsm		Bahasa Malaysia;Bahasa Malayu;Bahasa Melayu Malaysia;Formal Malay;Malay;Malay (macrolanguage);Malaysian Malay;Malayu;Melayu;Melayu Baku
msa		
msa		
msb		Masbateño;Minasbate
msc		Faranah;Sankaran;Sankaran Maninka;Sankarankan
msd		Chican Sign Language;LSChicana;LSMY;Lengua de Señas Chicana;Lengua de Señas Maya Yucateca;Lenguaje Manual Maya;MSL;Maya Sign Language;Mayan Sign Language;Nohya Sign Language;YMSL
mse		Bananna;Bananna Ho;Bananna Ho Ho;Ho;Mosi;Moussei;Moussey;Musaya;Musei;Museyna;Musiina;Musoi;Mussoi;Mussoy
msf		Demenggong-Waibron-Bano;Dozai;Mekei;Menggei;Menggwei;Moi;Moi-e;Mooi;Munggai;Mungge;Munkei;Sabron-Dosay;Waibron Bano-Demenggong
msg		
msh		Masikoro Malagasy
msi		Bahasa Sabah;Bazaar Malay;Brunei-Sabah Malay;Pasar Malay;Sabah Malay;Sabah Malay Dialect
msi		Bahasa Sabah;Bazaar Malay;Brunei-Sabah Malay;Pasar Malay;Sabah Malay;Sabah Malay Dialect
msj		Amadi;Ma;Ma (Democratic Republic of Congo);Madyo
msk		Mandaya Mansaka;Minansaka
msl		Ampas;Poule
msm		Agusan;Agusan Manobo;Manobo;Minanubu
msn		Vetumboso;Vuras;Vureas
mso		Kemelom;Kemelomsch;Komelom;Komolom
msp		Maintsawá;Manitsauá;Manitsawa;Manitsawá;Manitzula;Mantizula
msq		Caaac;Caawac;Moenebeng;Mwelebeng
msr		MSL
mss		West Marsela;West Masela
msu		Misatik
msv		Kotoko-Maltam;Mandage;Mandagué;Mendage
msw		Kunant;Kunante;Mansoanca;Mansonka;Maswanka;Sua;Suwa
msx		Murisapa;Murusapa;Murusapa-Sarewa
msy		Ariawia;Ariawiai;Aruamɨn Akam;Makarub;Makarup;Mikarew;Mikarew-Ariaw;Mikarup;Misegian
msz		Momale;Momole;Mumare
mlt		Malti
mlt		Malti
mlt		Malti
mta		Cotabato Manobo;Dulangan Manobo;Kagi Cotabato Menubù;Kagi Menubù;Menubù
mtb		Morofo
mtc		
mtd		
mte		Alu;Mono (Solomon Islands);Mono Alu;Mono-Alu
mtf		Murik (Papua New Guinea);Múrico;Nor;Nor-Murik Lakes
mtg		Goliath;Langda;Mount Goliath;Oranje-Gebergte
mth		Natabui
mti		Maiwa (Papua New Guinea)
mtj		Meninggo;Meningo;Meyah;Sabena
mtk		Mbaw;Mbe;Mbe';Mbe’;Mbo
mtl		Baltap;Teel;Tel
mtm	ymt	Mator-Taigi-Karagas;Motor;Sayan Samoyed;Sayan Samoyedic
mtn		Pantasma;Pantasmas
mto		Ayooc;Ayuk;Ayuujk;Ayuuk;Ayuuk-Mixe;Ayöök;Mixe Alto del Norte;North Highland Mixe;Northern Highland Mije;Northwestern Mixe;Oaxaca Mije;Tetontepec;Totontepec;Totontepec Mixe
mtp		Bolivian;Mataguayo;Matahuayo;Nocten;Noctenes;Noctén;Oktenai;Wennhayek;Wichi Lhamtes Nocten;Wichí Lhamtés Nocten;’weenhayeklhayhi’;’weenhayeklhàmet
mtq		Muòng
mtr		Mewadi
mts		Manu Park Panoan;Nahua;Nawa;Parkenawa;Parquenahua;Yora;Yoranahua;Yurahahua
mtt		
mtu		Mixteco de San Pedro Tututepec;Mixteco de Villa de Tututepec;Tututepec Mixtec;Tu’un savi
mtv		Asaro'o;Asarɨ’o;Morafa
mtw		Ata-Man;Bukidnon;Southern Binukidnon
mtx		Mixteco de San Pedro Tidaá;Mixteco de Tidaá;North Central Nochixtlán Mixtec;Tidaa Mixtec;Tidaá Mixtec;Tnu’un dawi
mty		Metan;Mitang;Nabi-Metan;Nambi;Nambieb
mua		Kaele;Marhay;Moundan;Moundang;Musemban;Nda;záá múndàŋ
mub		Minjile;Monjul;Moubi
muc		Ajuh Mbuh;Du Adzu;Mbu’
mud		Aleut de l’île Copper;Attuan;Copper;Copper Island Aleut;Copper Island Aleut Creole;Copper Island Attuan;Creolized Attuan;Medny;Mednyj Aleut
mue		Chapu-shimi;Chaupi-lengua;Chaupi-shimi;Quichuañol;Uchilla-shimi
mug		Mouloui;Mousgou;Mousgoum;Mousgoun;Mulwi;Munjuk;Musga;Musgum;Musuk;Muzuk
muh		Mondo;Mondu;Mountou;Mundo;Mundu
mui		Baso Palembang;Baso Pelembang;Palembang;Palembang Malay;Palembangese;Sekayu
muj		Mabiri
muk		Mugali;Mugom;Mugu;Mugu Tibetan;Mugum
mul		
mum		Maiwalei
muo		Bali Kumbat;Chukkol;Daganonga;Daganyonga;Mumbake;Ndagam;Nyoking;Nyong;Nyongnepa;Nyɔŋ;Peti;Samba Bali;Teteka;Yapeli
muq		Eastern Ghao-Xong;Eastern Miao;Eastern West-Hunan Miao;Eastern Xiangxi Miao;Ghao-Xong;Hsianghsi Miao;Meo Do;Northern Miao;Red Meo;Red Miao
mur		Adkibba;Agiba;Ajibba;Beir;Merule;Mourle;Murele;Murelei;Murleye;Murlɛ;Murule
mur		Adkibba;Agiba;Ajibba;Beir;Merule;Mourle;Murele;Murelei;Murleye;Murlɛ;Murule
mus		Creek;Creek-Seminole;Maskoke;Muscogee;Muskoguí;Muskokee;Mvskoke
mut		Jhoria;Mudia;Muria Gondi;Western Muria
muu		Mogogodo;Mukogodo;Mukoquodo;Siegu;Yaakua;Yaakuan;Yaakunte;Yiaku;Yiakunte
muv		Mudavan;Muduva;Muduvan;Muduvar;Mutuvar;Paanti naattu peeccu
mux		Mbo-Ung;Mboung
muy		Mouyenge;Mouyengue;Muyenge;Myau;Myenge;ma Muyaŋ
muz		
muz		
mva		Manam pile;Manum
mvb		Mattole-Bear River
mvd		Memboro
mve		Jaiselmer;Marawar;Marwari (Pakistan);Merwari;Rajasthani
mvf		Inner Mongolian;Menggu;Monggol;Mongol;Ostmongolisch;Peripheral Mongolian;Southern-Eastern Mongolian
mvf		Inner Mongolian;Menggu;Monggol;Mongol;Ostmongolisch;Peripheral Mongolian;Southern-Eastern Mongolian
mvg		Mixteco de San Bartolomé Yucuañe;Mixteco del Sureste Central;Tnu’u savi;Yucuane Mixtec;Yucuañe Mixtec
mvh		Mire
mvi		Miyako-Ikema;Miyakoan;Myākufutsu;Ryukyuan;Saskishima;Saskisima;Southern Ryukyuan
mvk		
mvl		Ambara;Balgalu;Bargal;Kumbulmara;Mbara (Australia);Mbara-Yanga;Midjamba;Mitjamba
mvn		Kukuya;Minavega
mvo		
mvp		Masenrempulu;Massenrempulu
mvq		
mvr		
mvs		Masep;Masepo;Potafa;Wotaf
mvt		Botovro
mvu		Marba
mvv		Murut, Tagal;Pensiangan;Semambu;Semembu;Sumambu;Sumambu-Tagal;Sumambuq;Tagal;Tagal Murut;Tagol;Tahol
mvw		
mvx		War
mvy		Indus Kohistani;Khili;Kohistani;Kohiste;Kohistẽ;Mair;Maiya;Maiyon;Maiyã;Shuthun
mvz		
mvz		
mwa		
mwb		Juwal;Mambe;Muniwara;Tumara;Tumaru
mwc		Mukawa
mwe		Chimwera;Cimwela;Cimwera;Kimwera;Mwela;Mwera (Chimwera);Shimwela
mwf		Garama;Garrama;Garramung;Karama;Karaman;Mariwada;Mariwuda;Marri-wutha;Murinbada;Murinbata;Murinhpatha;Murinjbada;Murinjpata;Murinpatha;Murinypata;Murrinh-patha;Murrinhpatha;Murriny Patha;Nagor;Nangu
mwg		Agerlep;Eklep;Kaul;Moewehafen
mwh		Aria-Mouk
mwi		Labo;Meaun;Mewun;Nide
mwk		Central Malinke;Kita Maninka;Kita Maninkakan;Malinke;Nandi
mwl		Miranda do Douro;Mirandesa;Mirandés;Mirandês
mwm		Sara;Sara Madjingay;Sàᶉ̄;tà Sàᶉ̄
mwn		Chinamwanga;Chinyamwanga;Cinamwanga;Ichinamwanga;Inamwanga;Kinamwanga;Kinyamwanga;Mwanga;Namwanga
mwo		Central Maewo;Maevo;Maewo;Sungwadaga;Tanoriki
mwp		Central Torres Strait;Gumulgal;Kala Lagau Langgus;Kala Lagaw;Kala Lagaw Langgus;Kala Lagaw Langgus Yagar Yagar;Kala Yagaw Ya;Kalau Lagau Ya;Kalaw Lagaw Ya;Kalaw lagaw ya;Karualaig;Langgus;Langus;Linggo;Torres Strait Islander;West Torres;Western Torres Strait;Yagar Yagar
mwq		Chinbe;Cho;K’cho;K’cho Chin;Mindat;Mun;Mun Chin;Mün;Mün Chin;Müün;Yawdwin
mwr	dhd	Dhundari;Dhundari-Marwari;Dhundhari;Jaipuri;Jhar-sahi boli;Kai kui ki boli
mwr		
mws		
mwt		Basing;Chau Ko’;Lawta;Mawken;Orang Laut;Salon;Salong;Selong;Selung
mwt		Basing;Chau Ko’;Lawta;Mawken;Orang Laut;Salon;Salong;Selong;Selung
mwu		Wetu
mwv		Mentawei;Mentawi
mww		Bai Miao;Banded Arm Hmong;Chuan Miao;Forest Miao;Hmong Dao;Hmong Der;Hmong Dleu;Hmong Glor;Hmong Qua Mpa;Hmong Rongd;Hmongb Dleub;Hmoob Dawb;Meo Do;Meo Kao;Mong Do;Mong Trang;Mán Tráng;Pe Miao;Peh Miao;Striped Arm Hmong;Striped Hmong;White Hmong;White Lum;White Meo;White Miao
mww		Bai Miao;Banded Arm Hmong;Chuan Miao;Forest Miao;Hmong Dao;Hmong Der;Hmong Dleu;Hmong Glor;Hmong Qua Mpa;Hmong Rongd;Hmongb Dleub;Hmoob Dawb;Meo Do;Meo Kao;Mong Do;Mong Trang;Mán Tráng;Pe Miao;Peh Miao;Striped Arm Hmong;Striped Hmong;White Hmong;White Lum;White Meo;White Miao
mww		Bai Miao;Banded Arm Hmong;Chuan Miao;Forest Miao;Hmong Dao;Hmong Der;Hmong Dleu;Hmong Glor;Hmong Qua Mpa;Hmong Rongd;Hmongb Dleub;Hmoob Dawb;Meo Do;Meo Kao;Mong Do;Mong Trang;Mán Tráng;Pe Miao;Peh Miao;Striped Arm Hmong;Striped Hmong;White Hmong;White Lum;White Meo;White Miao
mww		Bai Miao;Banded Arm Hmong;Chuan Miao;Forest Miao;Hmong Dao;Hmong Der;Hmong Dleu;Hmong Glor;Hmong Qua Mpa;Hmong Rongd;Hmongb Dleub;Hmoob Dawb;Meo Do;Mong Do;Mong Trang;Mán Tráng;Pe Miao;Peh Miao;Striped Arm Hmong;Striped Hmong;White Hmong;White Lum;White Miao
mww		Bai Miao;Banded Arm Hmong;Chuan Miao;Forest Miao;Hmong Dao;Hmong Der;Hmong Dleu;Hmong Glor;Hmong Qua Mpa;Hmong Rongd;Hmongb Dleub;Hmoob Dawb;Meo Do;Meo Kao;Mong Do;Mong Trang;Mán Tráng;Pe Miao;Peh Miao;Striped Arm Hmong;Striped Hmong;White Hmong;White Lum;White Meo;White Miao
mww		Bai Miao;Banded Arm Hmong;Chuan Miao;Forest Miao;Hmong Dao;Hmong Der;Hmong Dleu;Hmong Glor;Hmong Qua Mpa;Hmong Rongd;Hmongb Dleub;Hmoob Dawb;Meo Do;Mong Do;Mong Trang;Mán Tráng;Pe Miao;Peh Miao;Striped Arm Hmong;Striped Hmong;White Hmong;White Lum;White Miao
mwx		
mwy		
mwz		
mxa		Mixteco de Yucuná;Mixteco del Noroeste;Mixteco del Noroeste de Oaxaca;Northwest Oaxaca Mixtec;Tu’un savi
mxb		Mixteco de Tezoatlán de Segura y Luna;Mixteco del Municipio de Tezoatlán;Mixteco del Noroeste Central Alto;Mixteco del Noroeste Central Bajo;Mixteco del Noroeste Medio;Mixteco del Oeste Alto;Tezoatlan Mixtec;Tezoatlán Mixtec;To̱ꞌon ndaꞌí;Tuꞌun davi;Tuꞌun djavi;Tuꞌun javi;Tuꞌun ndaꞌi
mxc		Bamanyeka;Chimanyika;Manika;Manyika Shona;Wamanyika;Wanyika
mxd		
mxe		Fila-Mele;Ifara-Mele;Ifira-Mele;Imere
mxf		Goulfei;Goulfey;Gulfe;Gulfei;Kotoko-Gulfei;Malbe;Malgwe;Mandagué;Ngwalkwe;Sanbalbe
mxg		Bangala;Cimbangala;Umbangala
mxh		Bambuba;Bamvuba;Mbuba;Mvuba-A;Obiye
mxi		
mxj		Eastern Mishmi;Geman Dend;Geman Deng;Kaman;Kaman Mishmi;Keman;Kman;Miji;Miju;Mishmi;Mījū Mishmi
mxk		Mambuwan
mxl		Mahi;Maxi;Maxi Gbe;Maxi-Gbe
mxm		Melamela;Ubili
mxn		Moi;Moi (Indonesia);Mooi;Mosana;Waipu
mxo		Esimbowe
mxp		Ayutla;Ayuujk;Mixe Alto del Centro;Oaxaca Mije;South Highland Mixe;Southern Highland Mije;Tlahuitoltepec;Tlahuitoltepec Mixe;West Central Mixe;Western Mixe;Zempoaltepetl
mxq		Ayuk;Ayuuk;Juquila;Juquila Mixe;Midland Mije;Midland Mixe;Mixe Medio del Este;Oaxaca Mije;South Central Mixe;South Midland Mixe
mxr		Murik (Malaysia)
mxs		Huitepec Mixtec;Mixteco de Huitepec;Mixteco de San Antonio Huitepec;Mixteco de Zaachila;Tu’un savi
mxt		Eastern Jamiltepec-San Cristobal Mixtec;Jamiltepec Mixtec;Mixteco de Jamiltepec;Mixteco de Oaxaca de Costa Central Baja;Mixteco de Santa María Huazolotitlán;Sa’an Xiñi Savi;Tu’un savi
mxu		Mada (Cameroon);Maɗa;Ma’da
mxv		Guerrero Mixteco;Isavi;Metlatonoc Mixtec;Metlatónoc Mixtec;Mixteco de Chochoapa;Mixteco de Guerrero del Este Medio;Mixteco de Metlatónoc;Mixteco de San Rafael;Tuꞌun Savi de Metlatónoc y Cochoapa el Grande;Tuꞌun isasi;Tuꞌun isavi;Tuꞌun savi
mxw		Dorro;Mari;Nä
mxx		Mahu;Maou;Mau;Mauka;Mauke;Mawu;Mawukakan
mxy		Mixteco de Nuxaá;Mixteco de Santo Domingo Nuxaá;Mixteco del Este;Mixteco del Sureste de Nochixtlán;Nuxaá Mixtec;Southeastern Nochixtlán Mixtec;Tu’un davi
mxz		Central Marsela;Central Masela;Marsela-South Babar
mya		Bama;Bama Saka;Bamachaka;Bāmā;Bāmāčaka;Myamasa;Myamma Saka;Myanma;Myanmar;Myen
mya		Bama;Bama Saka;Bamachaka;Bāmā;Bāmāčaka;Myamasa;Myamma Saka;Myanma;Myanmar;Myen
myb		Mbai;Mbay Moissala;Mbaye;Mbaï;Moissala Mbai;Sara Mbai
myc		
mye		Omyene
myf		
myg		Anta;Banta;Bantakpa;Kisam;Menta;Tinta
myh		Kwe-Nee-Chee-Aht;Kweedishchaaht;Macaw;Qʷi·qʷi·diččaq
myi		
myj		Bug;Buga;Mangaya;Mongaiyat
myk		Bamaraga;Bàmálaa;Bàmáágà;Mamaara;Mamara;Mamara Senoufo;Mianka;Minianka;Miniyanka;Minya;Minyanka;Miyɛngaa;Tupiire
myl		Baha Moma-Kulawi;Kulawi;Moma-Kulawi
mym		Me'en
mym		Me'en
myo		
myp		Bohura;Mra-Pirah;Mura;Mura-Piraha;Mure-Pirahã;Múra-Pirahã;Piraha;Pirahá;Pirahán;Xapaitíiso
myr		Munichi;Munichino;Otanabe;Otanave;Otonabe
mys		
myu		Caras-Pretas;Monjoroku;Mundurucu;Mundurucú;Munduruku;Mõnjoroko;Paiquize;Pari;Weidyenye
myv		Erza;Erza-Mordvin;Erza-Mordvinisch;Erza-Mordwinisch;Erzia;Erzja;Erzya Mordva;Erzya Mordvin;Erzya-Mordva;Erzá;Mordovo erzya;Mordua;Morduini;Mordva;Mordvin;Mordvin-Erzya;Mordvinian;Mordvinisch;Mordwin;Mordwinisch
myw		Aga-Muyuw;Egum;Murua;Murua Dukwayasi;Murua Kaulae;Muruwa;Muyu;Muyua;Muyuwa
myx		Bagisu;Gisu;Kisu;Lugisu;Lumasaaba;Lumasaba;Masaba
myy		Baigana;Buhagana;Buhágana;Emoa;Ide;Jepa-Matsi;Makuna;Makuna-Erulia;Masa ye;Paneroa;Roea;Suroa;Tabotiro Jejea;Umua;Wahana;Wuhána;Yeba;Yeba-Masã;Yebamasã;Yehpá Majsá;Yepá Maxsã;Yepá-Mahsá
myz		Classical Mandaean;Classical Mandaic
mza		Mixteco de Santa María Zacatepec;Mixteco de Sierra Sur Oeste;Santa María Zacatepec Mixtec;Southern Putla Mixtec;Tu’un va’a;Zacatepec Mixtec
mzb		Ghardaia;Mozabite;Mzab;Mzab-Wargla;Mzabi;Tamzabit;Tumzabí
mzb		Ghardaia;Mozabite;Mzab;Mzab-Wargla;Mzabi;Tamzabit;Tumzabí
mzb		Ghardaia;Mozabite;Mzab;Mzab-Wargla;Mzabi;Tamzabit;Tumzabí
mzc		Madagascar Sign Language
mzd		Balimba;Lemba;Limba;Malimba;Mudima
mze		
mzg		
mzh		Güisnay;Wichi;Wichí;Wichí Lhamtés
mzi		En ningotsie;Ixcatlan Mazatec;Ixcatlán Mazatec;Mazateco de Ixcatlán;Mazateco de Presa Bajo;Mazateco de San Pedro Ixcatlán
mzj		Mandingo;Maninya;Maninyakan;Maniya;Manya Kan
mzk		Bang;Ju Nɔri;Lagubi;Mabila;Mambere;Mambila;Mambilla;Nigeria Mambila;Nor;Nor Tagbo;Tongbo;Western Mambila
mzl		Ayuk;Ayuuk;East Central Mixe;Lowland Mixe;Mazatlan Mixe;Mazatlán Mixe;Mazatlín Mixe;Mixe Bajo;Tutla Mixe
mzm		Yoro
mzn		Gilaki;Mazanderani;Sari;Tabri
mzo		Amonap;Mariape-Nahuqua;Matipu
mzp		Chosineɬ diꞌ mowi:maj;Mobima;Movime;Moyma;Móbima;Móvima
mzq		Aikoa;Berg-Tomori;Boven-Mori;Upper Mori;West Mori
mzr		Kaniuá;Marobo;Marova;Maruba;Marúbo;Marúbu;Yora
mzs		Macaense;Macanés;Macao Creole Portuguese;Makista;Maquista;Patua;Patuá
mzt		Mitil
mzu		Itutang;Itutang-Inapang;Midsivindi
mzv		Manja;Manza;Mänzä
mzw		Aculo;Buro;Buru;Degha;Dɛ;Dɛg;Janela;Mmfo;Mo
mzx		Mahuayana
mzy		
mzz		Maiadom
nau		Nauru;dorerin Naoero
naa		Nambla;Tukuih
nab		Nambicuara;Nambikuara;Nambikuára;Nambikwara;Nambikwara do Sul;Nambiquara;Nambiwara;Southern Nambikuara;Southern Nambikuára;Southern Nambikwara;Southern Nambiquara
nac		Ganja
nae		Naka'ela
naf		Naba;Napa;Wain
nag		Bodo;Kachari Bengali;Naga Creole Assamese;Naga Pidgin;Naga-Assamese;Nagamese Creole;Nagamiz
naj		Babelké;Nalou
nak		Bileki;Lakalai;Nakonai
nal		Fesoa;Fessoa;Lugagon
nam		Marityemeri;Moil;Nangityemeri;Ngan'gityemerri;Ngan’gityemeri;Ngenkityemeri;Tyemeri
nan		Banlamgi;Banlamgu;Banlamue;Bân-lâm-gú;Min Nam;Min Nan;Min Nan Chinese;Minnan;Southern Fujian;Southern Min;Taiwanese
nan		Banlamgi;Banlamgu;Banlamue;Bân-lâm-gú;Min Nam;Min Nan;Min Nan Chinese;Minnan;Southern Fujian;Southern Min;Taiwanese
nan		Bân-lâm-gú;Min Nan;Min Nan Chinese;Minnan;Taiwanese
nan		Banlamgi;Banlamgu;Banlamue;Bân-lâm-gú;Min Nam;Min Nan;Min Nan Chinese;Minnan;Southern Fujian;Southern Min;Taiwanese
nan		Banlamgi;Banlamgu;Banlamue;Bân-lâm-gú;Min Nam;Min Nan;Min Nan Chinese;Minnan;Southern Fujian;Southern Min;Taiwanese
nan		Banlamgi;Banlamgu;Banlamue;Bân-lâm-gú;Min Nam;Min Nan;Minnan;Southern Fujian;Southern Min;Taiwanese
nao		Naapa;Naapaa;Naba;Nagik;Nawa Sherpa
nap		Napoletano-Calabrese;Napolitano-calabrés;Napulitano;Neapolitan;Neapolitan-Calabrese
naq		Berdama;Bergdama;Bergdamara;Dama;Damaqua;Damara;Hai||’om;Khoekhoegowab;Khoekhoegowap;Khoi;Maqua;Nama;Nama (Namibia);Namagowab;Namakwa;Naman;Namaqua;Rooi Nasie;Tama;Tamakwa;Tamma
nar		Anaguta;Eguta;Guta;Naraguta;Narkuta
nas		Aunge;Kieta;Kieta Talk;Naasioina’;Nasioi
nat		Ca̱hungwa̱rya̱;Cәhungwә̀ryə̀;Hungworo;Huŋgwəryə;Ingwe;Ingwo;Ngwai;Ngwe;Ngwoi;Nkwoi;Ungwai;Ungwe;ũngwāī
naw		
nax		
nay		Alkaiyana;Koiyana;Kokkaiya;Korariga;Kororega;Kowrarega;Meintangk;Narinjari;Narinyerrie;Narrinjeri;Narrinyeri;Narrinyerree;Narrin’yerree;Ngarinyeri;Piccanini Murray;Wathai yunu
naz		Coatepec Aztec;Coatepec Nahuatl;Mexicano;Mexicano de Guerrero;Náhuatl de Coatepec
nob		
nob		
nba		Gangela;Ganguela;Ganguella;Ngangela;Nganguela;Nhemba
nbb		
nbc		Chang;Chang Naga;Changyanguh;Machongrr;Mochumi;Mochungrr;Mojung;Tśang
nbd		Bangbinda;Bungbinda;Ngbinda-Mayeka;Ngminda
nbe		Coñac;Kanyak;Konyak;Konyak Naga
nbg		Nagar;Nagarchi
nbh		Gamawa;Gamo;Ngamawa
nbi		Emela;Imela;Imemai;Imemüi;Maikel;Mao;Mao Naga;Memi;Muw;Māo Naga;Sopfomie;Sopfomo;Sopvoma;Sopwama;Southern Angami
nbj		Agarinman;Ainman;Airiman;Engarinmán;Hainman;Hairiman;Heineman;Hyneman;Nariman;Narinman;Ngaiman;Ngaimmun;Ngainman;Ngainmun;Ngaringman;Ngarinman;Ngarinmany;Ngarnman;Ngraimun;Ngrainmun;Ngrainmunynhgahri;Ngrarmun
nbk		Ale
nbm		Bouaka;Bwaka;Gbaka;Gbala;Gmbwaga;Gwaka;Ma’bo;Mbacca;Mbaka;Mbwaka;Nbwaka;Ngbaka Limba;Ngbaka Ma'bo;Ngbaka-Ma’bo;Ngbaka-ma’bo
nbn		Modan;Nabi
nbo		Ekuri;Lokoli;Lokukoli;Nkokolle
nbp		Ndem
nbq		
nbr	nns	Arak;Inmwen;Nimana;Numana-Nunku-Gbantu-Numbu
nbs		
nbt		Nah
nbt		Nah
nbu		Kabui;Maruongmai;Nruanghmei;Rongmai;Rongmei;Rongmei Naga;Zeliang
nbv		Bafuchu;Banja;Mbu;Mungyen;Muywi;Nga;Ngamambo;Ngembo
nbw		Mbati;Mongbandi;Mongwandi;Ngbandi-Ngiri;Ngbandi-Sud;Ngwandi;Southern Ngbandi
nby		Nagira;Negira;Ninggera
nca		Bure;Nabu;Naho;Nahu;Ndo
ncb		Central Nicobarese;Muot;Mūöt;Nicobar;Nicobarese
ncb		Central Nicobarese;Muot;Mūöt;Nicobar;Nicobarese
ncc		Rahau Ponam
ncd		Bangdel Tûm;Bangdile;Mathsereng;Nacchhering;Nacering Ra;Nachereng;Nachering;Nachering Tûm;Nacherín;Nacherēng;Nachhiring;Nasring;Nasru Bhra;Natśhereng;Nāchhēreng
nce		Nagatiman;Nagatman;Yadë;Yalë;Yarë
ncf		Nochi
ncg		Nasguixián niska;Nasqa’;Nass;Nass-Gitksan;Nisga'a;Nisgha;Nishga;Nishka;Niska;Nisk’a;Nisqa’a;Nišga
nch		Central Huasteca Nahuatl;Central Nawa;Mexicano;Mexicano de la Huasteca Hidalguense;Nahua central;Náhuat;Náhuat de la Huasteca Central;Náhuatl;Náhuatl central;Náhuatl de la Huasteca;Nāhuatlahtōlli
nci		
ncj		Maseual tla’tol;Mexicatl;North Puebla Aztec;North Puebla Sierra Nahuatl;Northern Puebla Nahuatl;Náhuatl del Noroeste Central;Náhuatl del Norte de Puebla
nck		Gukari;Gukariya;Kokori;Kukkori;Na kara;Nackara;Naga:ra;Nagara;Naka:ra;Nakara;Nakarra;Nakkara;Narkarrar;Ngara
ncl		Gente natural;Mexicano;Michoacan Aztec;Michoacan Nahuatl;Michoacán Aztec;Michoacán Nahuatl;Nahual de Michoacán;Nahuatl de Michoacán
ncm		Arufe;Kerake;Keraki;Nambu;Namna;Nmbo
ncn		Nauna;Naune
nco		Nagovis;Nagovisi;Nagovisinarai Karetaake;Sibbe;Sibe-Nagovisi
ncq		Kataang;Katang;Northern Katang
ncq		Kataang;Katang;Northern Katang
ncr		Cane;Ncane;Ncane-Mungong;Ncanti;Nchaney;Nchanti;Ntshanti
ncs		ISN;Idioma de Señas de Nicaragua;Lengua de Signos Nicaragüense;Lenguaje de Signos Nicaragüense;NSL
nct		Chawte;Chote;Chothe;Chothe Naga;Chowte
nct		Chawte;Chote;Chothe;Chothe Naga;Chowte
ncu		Chumburu;Kyongborong;Kyo̱ŋbo̱ro̱ŋ;Kyo̱ŋbo̱ro̱ŋ-nɔ;Nchimburu;Nchumburu;Nchumburung;Nchummuru
ncx		Central Puebla Aztec;Central Puebla Nahuatl;Náhuatl del Suroeste de Puebla;Southwestern Puebla Nahuatl
ncz		Nachez;Na’htchi
nde		Isinde’bele;Ndebele of Zimbabwe;North Ndebele;Northern Ndebele;Sindebele;Tabele;Tebele;Zimbabwean Ndebele;isiNdebele
nda		Andasa;Ndash;Ndasha;Ndassa
ndb		Bamessing;Befi;Calebasses;Kensense;Kenswey Nsey;Melamba;Mesing;Ndop-Bamessing;Nsei;Veteng;Vetweng
ndc		Chindau;Cindau;Ndzawu;Njao;Sofala;Southeast Shona
ndd		
ndf		
ndg		Kindengereko;Kingengereko;Ndengeleko
ndh		Chindali;Cindali;Ici-Ndali;Icindali;Kindali;Ndari
ndi		Chamba;Chamba Leeko;Chamba Leko;Lego;Leko;Lekon;Ndi;Sama;Samba;Samba Leeko;Suntai
ndj		Chindamba;Kindamba
ndk		Indaaka;Ndaaka
ndl		Dollo;Mosange;Ndoolo;Tando
ndm		Dam;Ndamm
ndn		Ingundi;Ngondi
ndp		Kebu Tu;Kebutu;Kebu’tu;Ke’bu;Ndo;Ndu;Okebu;Oke’bu
ndq		Dombe
ndr		Ndola;Ndoro;Njoyame;Nundoro
nds		Low German;Low Saxon;Modern Low German;Nedderdütsch;Nedderdüütsch;Neddersassisch;Nedersaksisch;Neuniederdeutsch;Niederdeutsch;Niedersaechsisch;Niedersächsisch;Platt;Plattdeutsch;Plattdütsch;Plattdüütsch;Pomeranian;Pomerano;Pommersch
nds		Low Saxon
ndt		Bondonga;Modunga;Mondugu;Mondunga
ndu		Pani;Panon;Pape;Pa’non;Saa
ndv		Ndoute;Ndút
ndw		Ndoobo
ndx		Dauwa;Dawa;Ndauwa;Ndugwa;Pesecham;Pesechem;Pesegem;Peseghem
ndy		Lutos;Rito;Rito-Lutos;Ruto
ndy		Lutos;Rito;Rito-Lutos;Ruto
ndz		Có Ndógó
nep	npi	Eastern Pahadi;Eastern Pahari;Gorkhali;Gurkhali;Khaskura;Lhotshamkha;Lhotshammikha;Lhotshampa;Nepalese;Nepali;Parbate;Parbatiya
nep	npi	Eastern Pahadi;Eastern Pahari;Gorkhali;Gurkhali;Khaskura;Lhotshamkha;Lhotshammikha;Lhotshampa;Nepalese;Nepali;Parbate;Parbatiya
nep	npi	Eastern Pahari;Gorkhali;Gurkhali;Khaskura;Nepalese;Nepali;Parbatiya
nep		
nea		Eastern Ngad'a;Southeast Ngada
neb		Toura (Côte d'Ivoire);Tura;Ween;Wɛɛn
nec		Balungada;Klamu;Nédebang
ned		Biti;Bötö
nee		Fwa-Goumak;Koumac;Kumak;Nelemwa
nef		Arunamese
neg		Elkembey;El’kan Beye;Ilkan Beye;Neghidal;Negida Hesenin;Negidaly
neh		Henkha;Lap;Mangde;Mangdhika;Mangsdekha;Upper Mangdep
nei		
nej		Yarete
nek		
nem		
nen		Iwatenu;Mare;Marean;Maré;Nengonese;Pene Nengone
neo		
neq		Ayuuk;Hayuuk;Midland Mixe;Mixe Medio del Este;North Central Mixe;Northeastern Mixe;Oaxaca Mije
ner		Jahadian;Nerigo;Yabin Yahadian
nes		Bhotea of Upper Kinnauri;Bhoti Kinnauri;Bhōṭiā of Upper Kanawar;Bod-Skad;Bod-skad;Bud-Kat;Bud-kat;Khunu-Töt;Mnyam;Mnyamskad;Myamkat;Myamskad;Nyamkad;Nyamkat;Nyamskad;Puh;Sangs-Rgyas;Sangyas
net		Iniai;Malamauda;Malaumanda;Malumanda
neu		
nev		Hin;Hoen;Hun;Hu’n;Nha Heun;Nhaheun;Nia Hoen;Niahon;Nyah Heuny;Nyahuen;Nyahön;Yaheun;Ña-hu’n
new		Kathmandu Newari;Nepalbhasa;Nevarí;Newa Bhaye;Newaah Bhaae;Newaah Bhaaye;Newah;Newal Bhaye;Newar;Pahri
new		Kathmandu Newari;Nepalbhasa;Nevarí;Newa Bhaye;Newaah Bhaae;Newaah Bhaaye;Newah;Newal Bhaye;Newar;Pahri
new		Kathmandu Newari;Nepalbhasa;Nevarí;Newa Bhaye;Newaah Bhaae;Newaah Bhaaye;Newah;Newal Bhaye;Newar;Pahri
nex		
ney		Gwibwen;Néouolé;Towi;níwɔ̄lī
nez		Chopunnish;Nez-percé;Niimi’ipuutímt;Niimíipu;Nimipu;Numipu;Nuumiipuutimt;Shahaptan
nfa		Dao;Kahore;Lii Dhao;Ndao;Ndaonese;Ndaundau
nfd		
nfl		Aiwo;Ayiwo;Aïwo;Gnivo;Lomlom;Naaude;Nifilole;Nivo;Reef;Reef Islands;Reefs;Äiwo
nfr		Banafo;Banda;Dzama;Gambo;Nafaara;Nafana;Nafana yolo;Nafanan
nfu		Mfɨ́ti;Nfumte;Southern Mfumte
ndo		Ambo;Ochindonga;Oshidonga;Oshindonga;Oshinonga;Oshiwambo;Osindonga;Otjiwambo;Owambo
nga		Mbaka;Ngbaka Gbaya;Ngbaka Minagende;Ngbaka-Manza;Ngbaka-Minagende;Ngbaka-Minangende
ngb		Baza;Mongwandi;Ngbandi;Ngbandi du Nord;Ngwandi;Northern Ngbandi
ngc		Lingombe;Ngombe (Democratic Republic of Congo)
ngd		Bagandou;Bangandou;Bodzanga;Dingando;Ngando (Central African Republic);Ngando-Kota
nge		Ba-Ndom;Megimba;Mogimba;Mundum;Ngomba;Nguemba
ngg		Ngbaka-Manza;Ngbaka-Minagende;Ngbaka-Minangende
ngh		Nghuki;Ng’uki;Nǀhuuki;Nǀuu;Nǀuuki;‡Khomani
ngi		Ngezzim;Ngizmawa
ngj		Angie;Baminge;Baninge;Mingi;Ngi;Ugie;Ungie
ngk		Bouin;Boun;Bu:wan;Buan;Buin;Buwan;Dangbon;Dangbun;Gundalabon;Gundangbon;Nalabon;Ngalabon;Ngalgbon;Ngalgbun;Ngalkbon;Ngalkbun;Njalkpon
ngl		Acilowe;Alomwe;Chilowe;Cilowe;Elomwe;Ilomwe;Ingulu;Lomue;Mozambique Lomwe;Ngulu;Nguru;Walomwe;West Makhuwa;Western Makua
ngm		Ngatik Men's Creole;Ngatikese;Ngatikese Men’s Language
ngn		Atsó’ Ngwo;Engwo;Ngwaw;Ngwɔ
ngp		Geja;Kingulu;Kinguu;Nguru;Nguu;Wayomba
ngq		Dengurume;Ekengoreme;Ikingurimi;Kengoreme;Kingereme;Kingoreme;Ngruimi;Ngurimi;Nguruimi
ngr		Nagu;Nanggu;Nangu
ngs		Gavoko;Gevoko;Ghboko;Gәvoko;Kuvoko;Nggweshe;Ngoshe Sama;Ngoshe-Ndhang;Ngoshi;Ngossi;Ngweshe;Ngweshe-Ndaghan;Ngweshe-Ndaghang;Ngweshe-Ndhang
ngt	llo	Griang;Khiang;Kriang-Khlor;Kuriang;Ngae;Nge;Ngeh;Ngeq;Nge’;Ngkriang;Nhae;Nkriang
ngu		Central Guerrero Nahuatl;Central Nawa;Guerrero Aztec;Guerrero Nahuatl;Mexicano;Mexicano de Guerrero;Nahua central;Nauatl;Nauatl de Guerrero;Nauatlajtojli;Nauatlajtojli de Guerrero;Nawatlajtoli;Náhuatl;Náhuatl central;Náhuatl de Guerrero;Xalitla;Xalitla Nahuatl;Xtlatjo Nauatl
ngv	nnx	Bama;Gong;Mbama;Ngong;Puuri
ngw		Enguaba;Goba;Gombi
ngx		Ngwaxi;Ngwohi
ngy		Djanti;Minjanti;Ngayaba;Njanti;Nyabea;Təbaya;Təbɛyà;Zangnte
ngz		Engungwel;Gangoulou;Gangulu;Ngangoulou;Ngangulu;Ngungulu;Northeastern Teke
nha		Bulgulu;Buluguda;Champion Bay;Daguda;Eau;Eaw;Jau;Nanda;Nanta;Nhanta;Nubda;Nunta;Tamala;Yau;Yaw
nhb		Ben
nhc		Mexicano;Mexicano del Oriente;Nahua de Tabasco;Náhuatl de Tabasco;Náhuatl de l’Isthme;Tabasco Aztec;Tabasco Nahuatl
nhd		Apytare;Ava;Ava Guaraní;Ava-Chiripá;Ava-Guaraní;Ava-katu-ete;Chiripá;Chiripá-Guaraní;Guarani-ñandeva;Guaraní;Nandeva;Nhandeva;Nhandewa;Nhandewa-Guarani;Nhandéva;Tsiripá;Txiripá;Ñandeva
nhe		Eastern Huasteca Aztec;Eastern Huasteca Nahuatl;Eastern Nahua;Eastern Nawa;Huasteca Nahuatl;Mexicano;Mexicano de la Huasteca veracruzana;Mexkatl;Nahua de la Huasteca;Náhuatl;Náhuatl de la Huasteca Oriental;nāhuatlahtōlli
nhf		Jawanmala;Ngoala;Noala;Noalla;Noanamaronga;Noella;Nooanamaronga;Nooanamarongo;Nooela;Nornamaronga;Nuala;Nuela;Nunkaberi;Nuwala
nhg		Mexicano de Tetelcingo;Mösiehuali̱;Tetelcingo Aztec;Tetelcingo Nahuatl
nhh		Nahali
nhi		Ahuacatlán and Tepetzintla;Aztec of Zacatlán;Masehual tla’tol;Mehcanohtlahtol;Mehcanohtlahtol de Zacatlán-Ahuacatlán uan Tepetzintla;Mejicano;Mexicano;Mexicanohtlahtol;Náhuatl;Náhuatl de la Sierra Oeste de Puebla;San Miguel Tenango Náhuatl;Tenango Aztec;Tenango Nahuatl;Zacatlán-Ahuacatlán-Tepetzintla Nahuatl
nhk		Cosoleacaque Aztec;Isthmus-Cosoleacaque Nahuatl;Náhuatl;Náhuatl de l’Isthme;Náhuatl del Istmo;Náhuatl del Istmo-Cosoleacaque
nhm		Ika mejikano;Ika nauatl;Mexicano;Mexicano de Temixco;Morelos Nahuatl;Náhuatl de Cuentepec
nhn		Central Aztec;Central Nahuatl;Central Nawa;Mexicano;Nawa;Náhuatl del Centro;Tlaxcala;Tlaxcala-Puebla Nahuatl;Tlaxcala-Puebla-Central Nahuatl;Tlaxcalteco
nho		Mortlock;Taku;Tau;Tauu
nhp		Isthmus-Pajapan Nahuatl;Nahuatl del Istmo bajo;Náhuat de Pajapan;Náhuatl;Náhuatl del Istmo;Pajapan;Pajapan Nahuatl
nhq		Huaxcaleca Aztec;Huaxcaleca Nahuatl;Mexicano;Nahuatlahtolli;Náhuatl de Chichiquila
nhr		/Ai San;Naron;Nharo;Nharon;Nhauru;Nhaurun;|Aikwe;||Aikwe;||Aisan;||Ai||e;||Ai||en;ǀAikwe;ǁAikwe;ǁAisan;ǁAiǁe;ǁAiǁen
nht		Ometepec Aztec;Ometepec Nahuatl
nhu		Kumaju;Noni;Nooni
nhv		Almomoloa Náhuatl;Almomoloya Náhuatl;Mexicano del Centro Bajo;Nahual de Almomoloa;San Mateo Almomoloa;Temascaltepec Aztec;Temascaltepec Nahuatl;Temazcaltepēc nāhuatlahtōlli
nhw		Mexicano;Mexicano de la Huasteca potosina;Nahuatl;Náhuatl de Tamazunchale;Náhuatl de la Huasteca Occidental;Nāhuatlahtōlli;Western Huasteca Aztec;Western Huasteca Nahuatl;Western Nahuatl;Western Nawa
nhx		Isthmus;Isthmus Aztec-Mecayapan;Isthmus Nahuat;Isthmus Nahuatl;Isthmus-Mecayapan Nahuatl;Mecayapan;Mecayapan Isthmus Nahuatl;Mejicano;Mejicano de Mecayapan;Mejicano del Istmo;Melaꞌtájto̱l;Mexicano;Mexicano de Mecayapan;Nahuatl del Istmo;Náhuat de Mecayapan;Náhuatl;Náhuatl sur de Veracruz
nhx		Isthmus;Isthmus Aztec-Mecayapan;Isthmus Nahuat;Isthmus Nahuatl;Mecayapan;Mecayapan Isthmus Nahuatl;Mejicano;Mejicano de Mecayapan;Mejicano del Istmo;Melaꞌtájto̱l;Mexicano;Mexicano de Mecayapan;Nahuatl del Istmo;Náhuat de Mecayapan;Náhuatl;Náhuatl sur de Veracruz
nhy		Mexicano;Nahuatl de Oaxaca;Northern Nahuatl;Northern Nawa;Northern Oaxaca Nahuatl;Náhuatl;Náhuatl del Norte de Oaxaca;Nāhuatlahtōlli
nhz		Mexicano;Náhuatl;Náhuatl de Santa María la Alta;Náhuatl de la Sierra Negra Norte;Santa María La Alta Nahuatl
nia		Batu;Li Nias;Niha
nib		Nakama
nid		Engandi;Nagandi;Nagandji;N’gundi
nie		Lua;Lwaà;Mjillem;Nielim;Nyilem
nif		
nig		Engalakán;Hongalla;Nala nalagen;Nalagen;Nalakan;Nallakum;Ngalagan;Ngalagkan;Ngalakan;Ngalangan;Ngalar kan;Ngalarkan;Ngulkpun;Nullakun;Nullikan;Nullikin
nih		Ishinyiha;Isinyixa;Kinyiha;Nyiha;Nyiha (Tanzania);Nyika;Nyixa;Shinyiha
nii		Ek Nii
nij		Biadju;Dayak Ngaju;Ngadju;Ngaja;Ngaju Dayak;Southwest Barito
nik		Nicobara;Southern Nicobarese
nil		
nim		Ikinilamba;Ikiniramba;Ilamba;Ilinilamba;Iramba;Kinilamba;Kiniramba;Kĩnilyamba;Nilyamba;Niramba;Nyilamba;Nyiramba
nin		Gbhu;Gbhu D Amar Randfa;Ninzam;Ninzom;Nunzo
nio		Enganasán;Nganasany;Nganassan;Northern Samoyed;Nya;Samojeditawgi;Tavgi;Tavgi Samoyed;Tavgi Samoyedic;Tavgui;Tavgy;Tawgi;Tawgi Samoyed;Tawgy;Ŋanasan;ŋanasan;ŋanasaŋ
niq		Cemual;Kalenjin Nandi;Naandi
nir		Nambrong;Nmblong nmbuo
nis		Nimi
nit		Southeastern Kolami
niu		Niuean;Vagahau Niuē
niv		Gilyak;Nivkhi;Nivxgu
niv		Gilyak;Nivkhi;Nivxgu
niw		Nimo-Wasawai
nix		Congo Nyoro;Hema-Sud;Kihema;Nyoro;Oruhuma;Runyoro;Southern Hema
niy		Bindi;Dru;Druna;Indruna;Kingeti;Kingiti;Lendu-Sud;Ndruna;Ndrǔna;Ngeti;South Lendu;Wangiti
niz		
nja		Jeng;Jenge;Kobochi;Kobotshi;Mzangyim;Njai;Njanyi;Njegn;Njei;Njeing;Njeng;Njeny;Nzangi;Wur Nzanyi;Zani;Zany
njb		Borduria;Jaipuria;Mohongia;Namsangia;Nocte;Nocte Naga;Nokte;Paniduria
njd		Chindonde;Chindonde Hamba;Ishiwanda;Kidonde;Kimawanda;Kindonde Hamba;Mawanda;Ndomde;Ndonde;Wanda
njh		Chizima;Choimi;Hlota;Lhota;Lota;Lotha;Lotha Naga;Lutha;Miklai;Tsindir;Tsontsii
nji		Gudanji;Kurdanji;Ngarnga;Ngarnji
njj		Nen;Nyen;Nzin
njl		Bege;Begi;Beko;Ngulgule;Njangulgule;Nyalgulgule;Nyolge;Nyoolne
njm		Angami;Angami Naga;Angamis;Gnamei;Monr;Ngami;Tendydie;Tenyidie;Tsanglo;Tsoghami;Tsugumi
njn		Kacha Naga;Liangkhon;Lianglad;Liangmai;Liangmai Naga;Liangmei;Liyang;Lyangmay;Lyangmei;Lyengmai;Quoireng;Zeliang
njo		Ao;Ao Naga;Aorr;Cholimi;Hatiggorīa;Hatigoria;Nowgong;Paimi;Uri
njr		Njerup
njs		Bonefa;Kerema
njt		
nju		Badonjunga;Bardojunga;Marlpa;Ngadju;Ngadjumaja;Ngadjumaya;Ngadjunmaia;Ngadjunpakara;Ngadjunpukara;Ngadyumaya;Ngadyunma;Ngajumaya;Ngatju;Ngatjumay;Ngatjumaya;Ngatjunmay;Ngatjunmaya;Ngatyumaya;Pardoak;Tchaakalaaga
njx		Kikuni;Kikunyi;Kugni;Kuni
njy		Djem;Dzem;Ndjem;Ndjeme;Ndzem;Ngyeme;Njem;Njeme;Njém;Nyem;Zimu
njz	dap	Bangni;Dafla;Daphla;Lel;Nil;Nishi;Nisi;Nissi;Nyising
njz	dap	Bangni;Dafla;Daphla;Lel;Nil;Nishi;Nisi;Nissi;Nyising
nka		Shinkoya;shiNkoya
nkb		Khoibu;Khoibu Maring;Khoibu Maring Naga;Khoibu Naga;Uipo;Uipo Tlou
nkc		Kinkwa;Lekongho;Lekongo;Upper Mbo
nkd		Koirng;Kolren;Koren;Kwoireng
nke		Duke;Kolombangara;Ndughore;Nduke
nkf		Inpui;Inpui Naga;Kabui;Kabui Naga;Kapwi;Koboi;Kubai
nkg		Nakgini;Nekeni
nkh		Kezami;Keźama;Kheza;Khezha;Khezha Naga;Khezhama;Kozale;Kuzale;Kuzhale;Közhale
nki		Khoirao;Khoirao Naga;Koirao;Kolya;Mayangkhang;Miyang-Khang;Ngari;Thangal;Thangal Naga;Thanggal;Thangkhal Haam;Tukaimi
nki		Khoirao;Khoirao Naga;Koirao;Kolya;Mayangkhang;Miyang-Khang;Ngari;Thangal;Thangal Naga;Thanggal;Thangkhal Haam;Tukaimi
nkj		Nagai;Na’ai;Na’i
nkk		Nogugu;Nokuku;Tanokuk;Vevatot
nkm		Mibini
nkn		Cangala;Ngangala
nko		Nkunya
nkp		
nkq		
nkr		Nuguor;Nukoro
nks		Keenok;Momogo-Pupis-Irogo;North Asmat
nkt		Kinyiha;Kinyika;Nyika (Tanzania)
nku		Bouna Koulango;Bouna Kulango;Buna Kulango;Koulango;Kulange;Nkuraeng;Nkurange
nkv		Chinyika;Kinyika;Nyika (Malawi and Zambia)
nkw		Bankutu;Lonkfukfutu;Nkuchu;Nkucu;Nkutshu
nkx		Nkoro
nkz		
nld		Flemish;Holandês;Nederlands;Netherlandic;Vlaams
nld		Flemish;Holandês;Nederlands;Netherlandic;Vlaams
nla		Bamileke-Ngombale
nlc		Hmanggona;Hmonono;Kimjal;Kimyal;Meck;Mek;Monomor;Nalja;Naltje;Naltya
nle		Banyala;East Nyala;LuNyala;Lunyala;OluNyala;Olunyala
nlg		Florida Islands;Nggela
nli		Gelangali;Glangali;Grangali-Ningalami;Jumiaki
nlj		Huku;Linyali;North Nyali;Nyali-Kilo;Nyari
nlk		Jaly;Jalè;Ninia;Ninia Yali;North Ngalik;Southern Yali;Yali;Yali Selatan
nll		Nihal
nlm		Tarawara;Tarawari;Trawari
nlo		Engwii;Ingul;Ngoli;Ngul;Nguli;Ngulu
nlq		Lao Naga;Law;Loh
nlu		
nlv		Mexicano;Nahuatl;Nawatl;Nawatl de Orizaba;Náhuatl Central de Veracruz;Náhuatl de Orizaba;Náhuatl de la Sierra de Zongolica;Orizaba Aztec;Orizaba Nahuatl;Āwillisāpan Nāwatl
nlw		Boogoolmurra;Bugulmara;Karan;Uw Alngam;Wahlongman;Wallan-kammer;Wallenkammer;Wollangama;Wollongurmee
nlx		Kalto;Nahal;Nahale;Nahali-Baglani;Nahalia;Nihali
nly		Gnamo;Namal;Namarl;Namel;Njalmal;Njamal;Njamarl;Njamat;Nyamarl;Nyamel
nlz		Nalrgo;Nea;Southern Santa Cruz
nma		Maram;Maram Naga
nmb		Big Nambas;V'ënen Taut;Venentaut;V’ənen Taut
nmc		Ngahm;Ngama;Ngamh;Ngàm̄;Sarngam
nmd		Bandoumou;Doumbou;Dumbu;Lendumu;Lindumu;Mindoumou;Mindumbu;Minduumo;Ndumbo;Ndumbu;Nduumo;Ondoumbo;Ondumbo
nme		Mzieme;Mzieme Naga;Northern Zeme
nmf		Champhung;Luppa;Tagkhul;Tangkhul;Tangkhul Naga (India);Thangkhulm
nmg		Bujeba;Kwassio;Mabea;Mabi;Magbea;Mgoumba;Mvumbo;Ngoumba;Ngumba
nmg		Bujeba;Mabea;Mabi;Magbea;Mgoumba;Mvumbo;Ngoumba;Ngumba
nmh		Mawshang;Mongsang;Monsang Naga;Monshang;Moshang;Mushang;Si:rti
nmi		Nyambolo
nmj		Bagando-Ngombe;Bangando-Ngombe;Ngombe (Central African Republic);Ngombe-Kaka
nmk		Makura;Namakir;Namakuran;Naman aban
nml		Bandem;Bayong;Ndemba
nmm		Manang;Manang Ke;Manangba;Manange;Manangi;Nyangmi;Nyangmi ke;Nyeshang;Nyeshangba;Nyeshangte Ke;Nyisang;Nyishang;Nyishangba
nmm		Manang;Manang Ke;Manangba;Manange;Manangi;Nyangmi;Nyangmi ke;Nyeshang;Nyeshangba;Nyeshangte Ke;Nyisang;Nyishang;Nyishangba
nmn		!Khong;!Xo;!Xoon;!Xóõ;ǃXóõ
nmo		Bujuurchong;Mayol;Mayon Naga;Moyon;Moyon Naga
nmo		Bujuurchong;Mayol;Mayon Naga;Moyon;Moyon Naga
nmp		Nimanboro;Nimanboru;Nimanburru;Wadiabulu
nmq		Banyai;Chinambya;Nambzya;Nanzva;chiNambya
nmr		Bari;Niam-Niam;Niamniam;Nimbari-Kebi;Nyam-Nyam du Mayo-Kebi;Nyamnyam
nms		Small Nambas
nmt		Namon Weite
nmu		Maidu;Maidu Proper;Mountain Maidu;Májdy;Northeast Maidu;Northeastern Maidu
nmv		Agamini;Karangura;Ominee;Uminnie
nmw		Nimoa
nmx		Nama (Papua New Guinea)
nmy		Naimuci;Naimuzi;Namuzi
nmz		Kabré-Losso;Losso;Losu;Naoudem;Naudm;Nawdam
nno		
nno		
nna		Njangamarda;Njangumarda;Njangumarta;Njanjamarta;Nyangamada;Nyangumarda;Nyangumata
nnb		Banande;Bayira;Kinande;Kinandi;Nandi;Ndande;Ndandi;Northern Nande;Orundande
nnc		Nanchere;Nangcere;Nangjere;Nangtchere;Nanjeri;Nantcere
nnd		Duidui;Havakinau;Opa;West Ambae
nne		Ngandyera;Oshingandjera
nnf		Mailang;Sor
nng		Maring;Maring Naga;Maringa Tlou
nng		Maring;Maring Naga;Maringa Tlou
nnh		Bamileke-Ngiemboon;Bamileke-Ngyemboon;Ngiembɔɔn;Nguemba;Ngyemboon;Ngyembɔɔn;Shwoge;Shwóŋò ngiembɔɔn
nni		Fatakai;North Nuaulu;Nuaulu;Patakai
nnj		
nnk		Nankina wam;Nankinawam
nnl		Northern Rengma;Northern Rengma Naga;Ntenyi;Ntenyi Naga;Nthenyi
nnm		Edawapi;Lujere;Namie;Nemia;Yellow River
nnn		Ka’do Ngueté;Nge’dé;Nguetté;Ngueté;Zime
nnp		Banpara Naga;Joboka;Jokoba;Naga Wancho;Wancho;Wancho Naga;Wanchu
nnp		Banpara Naga;Joboka;Jokoba;Naga Wancho;Wancho;Wancho Naga;Wanchu
nnp		Banpara Naga;Joboka;Jokoba;Naga Wancho;Wancho;Wancho Naga;Wanchu
nnq		Cingindo;Gindo;Kingindo;Magingo;Njindo;Njinjo
nnr		Nanunga;Naranga;Narangga;Narranga;Narranggu;Narrangu
nnt		
nnu		Bassa;Dwan;Nchumunu
nnv		Doora;Njuguna;Nokunna;Noocoona;Nookoona;Nuguna;Nugunu (Australia);Nukana;Nukuna;Nukunnu;Nukunu;Pukunna;Tjura;Tyura;Wallaroo;Warra;Wongaidya
nnw		Nibulu;Nouni;Nounouma;Nuna;Nune;Nuni;Nunuma;Nuruma;Nʋnɩ;Southern Nuni
nny		Jang-Kala;Janga;Jangaa;Jangga;Njangga;Njanggala;Yangarella;Yanggal;Yangkaal;Yuckamurri
nnz		Bamileke-Nda’nda’;Bangwa;Nda'nda'
nor		Norsk
nor		Norsk
nor		
noa		Chanco;Chocama;Chocó;Noanama;Noenama;Nonama;Waumeo;Waun Meo;Waunana;Waunméu;Waunán;Woun Meo;Wounaan;Wounaan Meu;Wounmeu
noc		
nod		Kam Mueang;Kam Mu’ang;Kammyang;Kammüang;Khon;Khon Mueang;Khon Myang;Khonmuang;La Nya;Lan Na;Lanatai;Lanna;Lannatai;Muang;Mueang;Mung;Mu’ang;Myang;Northern Thai;Payap;Phayap;Phyap;Tai Nya;Western Laotian
nod		Kam Mueang;Kam Mu’ang;Kammyang;Kammüang;Khon;Khon Mueang;Khon Myang;Khonmuang;La Nya;Lan Na;Lanatai;Lanna;Lannatai;Muang;Mueang;Mung;Mu’ang;Myang;Northern Thai;Payap;Phayap;Phyap;Tai Nya;Western Laotian
noe		Nemadi;Nimari;Nimiadi
nof		Kiari
nog		Karanogai;Kubanogai;Nogaitsy;Nogalar;Nogay;Noghai;Noghay;Noghaylar;Yurt Tatar
noh		Mida
noi		Bhilori;Mathwadi Bhilori
noj		Nononota
nok		Lhéchelesem;Lhéchelesem;Nootsack
nol		Central Wintun;Wintu;Wintun
non		
nop		Boana;Kai;Manggang;Ngain;Numangan;Numangang;Numaŋgaŋ;Sugu
noq		Gingooŋ;Kingongo;Ngong
nos		Eastern Nisu;Nisu;Nisupho;Shiping-Jianshui Nisu;Shiping-Jianshui Yi
not		Atiri;Inato;Ina’o;Inthome;Intsome;Nomatsiguenga
nou		Notu-Ewage
nov		
now		Ekinyambo;Karagwe;Kinyambo;Ragwe;Rukaragwe;Runyambo;Ururagwe
noy		Loo
noz		
npa		Nar-Phu
npb		Nupbi;Trongsakha
npg		Gongwang Naga;Ponyo Naga;Ponyo-Gongwang Naga
nph		Assiringia;Chingmengu;Phom;Phom Naga;Phon;Tamlu;Tamlu Naga
npl		Mexicano;Náhuatl;Náhuatl de la Sierra Negra Sur;Náhuatl del Sureste de Puebla;Náhuatl del Valle de Tehuacán;Southeastern Puebla Nahuatl;Tehuacán Náhuatl
npn		Nawe Mondropolon
npo		Eastern Rengma;Meluri;Pochuri;Pochuri Naga;Pochury
nps		Southern Jale;Yale-Nipsan
npu		Puimei;Puimei Naga
npx		Noepe;Noipx
npy		Basa Napu;Pekurehua
nqg		Ede Nago;Mòfòlí;Nago;Nagot;Nagots;Southern Nago
nqk		Kura;Kura Ede Nago;Nago
nql		Cuendelengo;Kwendelengo;N’Guendelengo;Olungendelengo;Ovangendelengo
nqm		
nqn		Nen Ym;Nen Zi
nqo		N'Ko
nqq		Kyan-Karyaw Naga
nqt		Chasoekoeh;Jasikit
nqy		Akyaung Ari Naga;Ngachan
nbl		IsiNdebele;Isikhethu;Ndzundza;Nrebele;South Ndebele;South Transvaal Ndebele;Southern Ndebele;Transvaal Ndebele;isiNdebele
nbl		IsiNdebele;Isikhethu;Ndzundza;Nrebele;South Ndebele;South Transvaal Ndebele;Southern Ndebele;Transvaal Ndebele;isiNdebele
nra		Angom;Bangom;Bangomo;Ngomo;Ongom;Ungom;Ungomo
nrb		Nara bana;Nera
nrc		
nre		Injang;Moiyui;Mon;Mozhumi;Nzong;Nzonyu;Rengma;Rengma Naga;Southern Rengma;Southern Rengma Naga;Terüpvunyu;Tseminyu;Unza;Western Rengma
nrf		Dgernesiais;Guernsey French;Guernésiais;Jersey French;Jersey Norman;Norman French;Normand;Normaund;Sercquiais
nrg		Farsaf;Farsav;Nambel;Narango
nri		Chakhesang;Chakhesang Chokri;Chakrima Naga;Chakru;Chokri;Chokri Chakhesang;Chokri Naga;Eastern Angami
nrk		Gnalla;Kudjunguru;Ngala;Ngalana;Ngerla;Ngirla;Ngurla
nrl		Gnalluma;Gnalouma;Ngallooma;Ngaluma
nrm		Narum
nrn		Da Dansk
nrn		Da Dansk
nrp		
nrr		Norra;Noza;Nurra;Tai Nora
nrt		
nru		Eastern Naxi;Meng yu;Moso;Mosso;Mosuo;Musuo yu;Na;Naru;Nazu;Yongning Na
nru		Eastern Naxi;Meng yu;Moso;Mosso;Mosuo;Musuo yu;Na;Naru;Nazu;Yongning Na
nru		Eastern Naxi;Meng yu;Moso;Mosso;Mosuo;Musuo yu;Na;Naru;Nazu;Yongning Na
nru		Eastern Naxi;Meng yu;Moso;Mosso;Mosuo;Musuo yu;Na;Naru;Nazu;Yongning Na
nru		Eastern Naxi;Meng yu;Moso;Mosso;Mosuo;Musuo yu;Na;Naru;Nazu;Yongning Na
nrx		Gnormbur;Gnumbu;Koarnbut;Ngombur;Ngomburr;Ngormbur;Ngumbur;Oormbur
nrz		Kaiau;Nala;Nara;Pokao;Pokau;Rara;’Ala’ala
nsa		Isachanure;Lophomi;Sangtam;Sangtam Naga
nsb		Lower-Nosop
nsc		
nsd		Nisu;Nisupho;Southern Nisu;Yuan-Mo Yi;Yuanyang Nisu
nse		Chinsenga;Cinsenga;Senga
nsf		Nisu;Northwestern Nisu
nsg		Kingasa;Kingassa;Ongamo;Shaka
nsh		Mise;Ngishe;Oshie
nsi		NSL
nsk		Innu Aimun;Iyuw Imuun;Naaskaapii iyuw iyimuuun;Naskapi Innu
nsk		Innu Aimun;Iyuw Imuun;Naaskaapii iyuw iyimuuun;Naskapi Innu
nsl		NTS;Norsk Tegnspråk
nsm		Sema;Simi;Sumi;Sumi Naga;Sümi
nsn		Nihan;Nissan
nso		Northern Sotho;Pedi;Sepedi;Sesotho sa Leboa;Transvaal Sotho
nso		Northern Sotho;Pedi;Sepedi;Sesotho sa Leboa;Transvaal Sotho
nsp		Nepali Sign Language;NpSL
nsq		Northern Sierra Miwok
nsr		MSL;Nova Scotia Sign Language;Nova Scotian Sign Language;Old Signs
nss		Yiru
nst		Haimi;Hawa;Heimi;Kuwa;Naga, Tangshang;Pangmi;Pangwa;Rangpan;Rangpang;Tangsa;Tangsa Naga;Tangshang;Tangshang hixvez;Tangwa;Tase;Tase Naga;Tasey
nst		Haimi;Hawa;Heimi;Kuwa;Naga, Tangsa;Pangmi;Pangwa;Rangpan;Rangpang;Tangsa;Tangsa Naga;Tangshang;Tangshang hixvez;Tangwa;Tase;Tase Naga;Tasey
nst		Haimi;Hawa;Heimi;Kuwa;Naga, Tangsa;Naga, Tangshang - Moshang Hawa;Pangmi;Pangwa;Rangpan;Rangpang;Tangsa;Tangsa Naga;Tangshang;Tangshang hixvez;Tangwa;Tase;Tase Naga;Tasey
nsu		Mexicano;Mexicatl;Nahuatl;Nahuatlajtoli;Náhuatl de la Sierra Negra;Náhuatl de la Sierra Negra Norte;Sierra Negra Nahuatl;Totlajtol tlen ik titlapovah Alcomunga
nsv		Jiangcheng;Mojiang Nisu;Nisu;Southwestern Nisu;Yuan-Mo Yi
nsw		Balen Lenye;Navut
nsx		Nsongo;Sungu
nsy		
nsz		Neeshenam;Nishinam;Pujuni;Southern Maidu;Wapumni
ntd		Camucones;Nonukan;Northern Tidung;Tedong;Tidoeng;Tidong;Tidung;Tiran;Tirones;Tiroon;Zedong
ntg		Ngandangara
nti		Koo’ra;Natjoro;Natyoro;Samu;Sàmʋ́nā
ntj		Ngaanjatjarra;Ngaanyatjara;Ngatjarra;Wangkayi;Western Desert Language
ntk		Eghiikoma
ntm		Naténi;Naàteǹni
nto		Lia-Ntomba;Lontomba;Luntumba;Ntomba-Bolia;Ntumba
ntp		Northern Tepehuan;Oodamicʌdʌ;O’otham;Tepehuán del Norte
ntr		Ntribou;Ntribu;Ntrubo
ntu		Nambakaengö;Natqgu;Northern Santa Cruz;Santa Cruz
ntw		
ntx		Somara;Somra;Tangkhul Naga (Myanmar)
nty		Black Lolo;Flowery Lolo;Lolo;Red Mantsi
ntz		
nua		Bonde;Gomen;Juanga;Nua;Nyua;Nyuaanga;Thuanga;Yuaanga;Yuaga;Zwanga
nuc		Inukuini;Nucuini;Nukini;Nuquini;Remo;Rheno
nud		Kara;Ngala;Sogap;Swagup
nue		
nuf		Nang Tsu;No Tso;No Tsu;Nu-su
nug		Ilngali;Jilngali
nuh		
nui		Combe;ndowe;ndowé
nuj		LoNyole;Lunyole;Nyule;Nyuli;Olunyole
nuk		Aht;Nootka;Nootkans;Nutka;Nuuchahnulth;Nuučaan’ul;Quuquu’aca;Tahkaht;T’aat’aaqsapa;West Coast
nul		Nusalaut
num		Ko te lea faka Niuafoʻou;Niuafo'ou;Niuafoʻouan
nun	ayx	Anoong;Anu;Anung;Fuchve;Fuch’ye;Fugong Nu;Khanung;Khingpang;Khupang;Kwingsang;Kwinp’ang;Lu;Lutze;Lutzu;Naw;Nawpha;Nu;Nung
nuo		Ngoaun;Ngouan;Nguan;Nguane
nup		Nufawa;Nupe;Nupeci;Nupenchi
nup		Nufawa;Nupe;Nupeci;Nupenchi
nuq		Tasman
nur		Fead;Nahoa;Nuguria;Nukuria
nus		Naadh;Naath;Nuaar;Thok Naath;Thok Nath;Thok Nuerä;Thok Nuäärä
nut		Bu-Nong;Highland Nung;Lungchow;Nohng;Nong;Nung (Viet Nam);Tai Nung;Tay;Tày Nùng
nuu		
nuv		Nibulu;Northern Nuni;Nouni;Nounouma;Nuna;Nune;Nuni;Nunuma;Nuruma
nuw		
nux		Driafleisuma;Indinogosima;Mehek Suma;Me’ek;Nuku
nuy		Nunggubuju;Wubuy;Yingkwira
nuz		Mexicano;Mexicano de Guerrero;Nawatlajtoli;Tlamacazapa Nahuatl
nav		Diné;Diné Bizaad;Naabeehó bizaad;Navaho
nvh		
nvm		Namiai;Namiaiko
nvo		Fung;Hung;Ni Nyo’o;Nyo’on;Nyɔ̃’ɔ̃
nwa		
nwb		Niaboua;Nyaboa;Nyabobɔgo;Nyabobɔgʋ;Nyabwa-Nyédébwa
nwc		Classical Nepal Bhasa;Old Newari
nwc		Classical Nepal Bhasa;Old Newari
nwc		Classical Nepal Bhasa;Old Newari
nwc		Classical Nepal Bhasa;Old Newari
nwc		Classical Nepal Bhasa;Old Newari
nwe		Bamileke-Ngwe;Fomopea;Fontem;Nwe;Nweh;Ŋwɛh
nwg		Ngaiawang;Ngaiawung;Ngayawang
nwi		Naha;Nivhaar;Nvhal;Nɨvhaal;Nɨvhaar;Saot Wes Tanna;Saotwes;Southwest Tanna;Yahurmene
nwm		
nwo		Growoo;Naua;Nawo;Nawu;Nowo;Nyaawa
nwr		Sirio
nww		Kindwewe
nwx		
nwy		Cheroenhaka
nxa		Naueti;Nauhete;Nauote;Nauoti;Naóti
nxd		Bongando;Longando;Longandu;Ngando (Democratic Republic of Congo);Ngandu
nxe		Nage-Keo
nxg		Badjava;Bajava;Bajawa;Nad’a;Ngad'a;Ngada;Ngadha;Nga’da;Rokka
nxi		Kinindi;Manundi
nxk		Goga;Kokak;Koki;Koki Naga;Konke
nxl		Fatakai;Nuaulu;Patakai;South Nuaulu
nxm		
nxn		
nxo		
nxq	nbf	Lomi;Mu;Nahsi;Nakhi;Naqxi;Naqxi geezheeq;Nasi
nxq		Lomi;Mu;Nahsi;Nakhi;Naqxi;Naqxi geezheeq;Nasi
nxq		Lomi;Mu;Nahsi;Nakhi;Naqxi;Naqxi geezheeq;Nasi
nxq		Lomi;Mu;Nahsi;Nakhi;Naqxi;Naqxi geezheeq;Nasi
nxq		Lomi;Mu;Nahsi;Nakhi;Naqxi;Naqxi geezheeq;Nasi
nxq		Lomi;Mu;Nahsi;Nakhi;Naqxi;Naqxi geezheeq;Nasi
nxr		Kasiwa;Kativa;Muyu;Ningerum;Ninggeroem;Ninggirum;Ninggrum;Niyium;Obgwo;Orgwo;Tedi;Tidi
nxx		
nya		Chewa;Chicheŵa;Chinyanja;CiNyanja;Cinianja;Cinyanja;Nyanja;Nyanja-Chewa
nya		Chewa;Chicheŵa;Chinyanja;CiNyanja;Cinianja;Cinyanja;Nyanja;Nyanja-Chewa
nyb		Nyangbo;Tutrugbu
nyc	gti	Linyanga-le
nyd		Banyole;Banyore;Lunyole;Lunyore;Nyole;Nyoole;Nyore;Olunyore
nye		Nhengo
nyf		Agiryama;Giriama;Giryama;Kigiriama
nyg		Kinyindu
nyh		Njigina;Njikena;Nyakina;Nyigina;Nyigini
nyi		Ama (Sudan);Inyimang;Nyima;Nyiman;Nyimang;Nyuwing;Ámá
nyj		Inyanga;Kinyanga
nyk		Lunyaneka;Nhaneca;Nhaneka;Olunyaneka;Oluñaneka
nyl		Yeu;Yoe
nym		KiNyamweezi;Kinyamuesi;Kinyamwesi;Kinyamwezi;Manjamuesi;Mwezi;Namwezi;Nyamwesi;Nyawezi
nyn		Hima;Nkole;Nyankole;Olunyankole;Runyankole;Runyankore;Ulunyankole;Ulunyankore
nyo		Kyopi;Lunyoro;Runyoro
nyp		Gyangiya;Ngangea;Ngapore;Ngiangeya;Niporen;Nipori;Nuangeya;Nyang'i;Nyangeya;Nyangiya;Nyang’ia;Nyuangia;Upale
nyq		Biyabanaki
nyr		Ishinyiha;Kinyiha;Nyiha (Malawi);Shinyiha
nys		Njunga;Njungar;Noongar;Nyunga;Wudjari
nyt		Nawagi
nyu		Chinyungwe;Chinyungwi;Cinyungwe;Nyongwe;Teta;Tete;Yungwe
nyv		
nyw		Jo;Nyo;Nyoh;Yo
nyw		Jo;Nyo;Nyoh;Yo
nyw		Jo;Nyo;Nyoh;Yo
nyx		Anaiwan;Aniwan;Nganjaywana
nyy		Ikingonde;Ikinyakyusa;Ikinyikiusa;Ikinyikyusa;Kinyakyusa;Kinyakyusa-Ngonde;Konde;Kukwe;Kɨnyakyʉsa;Mombe;Ngonde;Nkhonde;Nkonde;Nyakusa;Nyakyusa;Nyekyosa;Nyikyusa;Sochile;Sokile;kiNyakyʉsa
nza		Akonto;Akwanto;Mbémbe;Noale;Tigon;Tigon Mbembe;Tigong;Tigum;Tigun;Tikun;Tukun;cha Mbémbe;chya Mbembe;cya Mbembe
nzb		Bandzabi;Binzabi;I-Nzèbi;Injebi;Inzabi;Inzebi;Ndjabi;Ndjevi;Njabi;Njevi;Nzebi;Nzɛbi;Yinjebi;Yinzebi
nzd		Kinzal;Nzal;indzéé
nzi		Appolo;Nzima
nzk		Ansakara;Nzakala;N’sakara;Sakara;Zakara
nzm		Arung;Empeo;Empui;Jeme;Kacha;Kachcha;Kachcha Naga;Kutcha;Mezama;Sangrima;Sengima;Zeliang;Zeliangrong;Zeme;Zeme Naga;Zemi
nzr	plj	
nzs		NZSL
nzu		Central Teke;Ityɔɔ;Ndzindziu;Njiunjiu;Njyunjyu;Téké des Plateaux
nzy		Mbay;Mboum;Mbum;Mbum Nzakambay;Njakambai;Nzak Mbai;Nzak Mbay;Nzaka Mbay;Nzakmbay
nzz		Nanga Dama Dogon;Nanga Dogon
oaa		Oroc;Uilta;Ujlta;Ulta
oac		Orochi
oak		Noakhailla;Noakhalia;Noakhalian
oak		Noakhailla;Noakhalia;Noakhalian
oar		Ancient Aramaic (up to 700 BCE)
oar		Ancient Aramaic (up to 700 BCE)
oav		
obi		
obk		Bontoc;Southern Bontoc;Southern Bontok
obl		
obm		
obo		Bagobo;Manobo;Manuvu’;Minonuvu;Monuvu’;Obo Bagobo;Obo Manobo
obr		
obt		
obu		Abuloma
oci		Aranais;Aranese;Aranés;Aranés Occitán;Gascon Aranese;Langue d’oc;Lenga d’oc;Lengo d’o;Occitan (post 1500);Provenzale;Provençal
oca		Dyo’xaiya-o-lvo’tsa;Okaina
och		
ocm		
oco		
ocu		Atzingo Matlatzinca;Atzinteco;Matlatzinka;Ocuiltec;Ocuilteco;Tlahuica;Tlahura
oda		
odk		Oad;Od;Odh;Odki
odt		
odu		Onu Oḍual;Saka;Ọḍual
ofo		
ofs		
ofs		
ofu		Agbaragba;Ofutop
ogb		Ogbinya;Ògbíà
ogc		Ogba;Olu Ọgba;Ọgba
oge		
ogg		Obogolo
ogo		Kana;Ogoni
ogu		Agum;Bukuma;Obronuagum
oht		
ohu		
ohu		
oia		Maaro
oie		
oin		Aunalei;Inebu;Inebu One;Onele;Oni
oji	ojg	Jibwemwin;Nishnaabemwin;Ojibwa, Eastern;Ojibway;Ojibwe
oji	ojg	Jibwemwin;Nishnaabemwin;Ojibwa, Eastern;Ojibway;Ojibwe
ojb		Nakawēmowin;Northern Ojibwa;Northwestern Ojibwa;Ojibway;Ojibwe
ojb		Nakawēmowin;Northern Ojibwa;Northwestern Ojibwa;Ojibway;Ojibwe
ojc		Central Ojibwa;Central Ojibwe;Ojibway;Ojibwe
ojp		
ojs		Anishinaabemowin;Cree;Northern Ojibwa;Ojibway;Ojibwe;Ojicree;Severn Ojibwa
ojs		Anishinaabemowin;Cree;Northern Ojibwa;Ojibway;Ojibwe;Ojicree;Severn Ojibwa
ojv		Leuangiua;Lord Howe;Luangiua;Luaniua
ojw		Anishnaubemowin;Nahkawēwin;Nakawēmowin;Ojibway;Ojibwe;Plains Ojibway;Plains Ojibwe;Saulteau;Saulteaux;Saulteaux Ojibwe;Western Ojibwa;Western Ojibwe
ojw		Anishnaubemowin;Nahkawēwin;Nakawēmowin;Ojibway;Ojibwe;Plains Ojibway;Plains Ojibwe;Saulteau;Saulteaux;Saulteaux Ojibwe;Western Ojibwa;Western Ojibwe
oka		Colville-Okanagan;Nselxcin;Nsyilxcen;Nsyilxcən;Okanagan-Colville;Okanagon;Okanogan;Syilx
oka		Colville-Okanagan;Nselxcin;Nsyilxcen;Nsyilxcən;Okanagan-Colville;Okanagon;Okanogan;Syilx
okb		
okc		Ikobo
okd		Akita;Okordia
oke		Okpe (Southwestern Edo);Ukpɛ
okg		Kok Peponk;Kok-Babonk;Kok-Papangk;Kok-Paponk;Koko Kunaniy
okh		
oki		Akie;Akiek;Kinare;Ogiek
okj		Junoi;Juwai;Juwoi;Oku-Juwoi
okk		Aunalei;Kuamtim;Kwamtim;Kwamtim One;Oni
okl		
okm		
okn		
oko		
okr		Kịrịkẹ;Okrika
oks		Ogori-Magongo;Oko-Eni-Osayen
oku		Bvukoo;Ebkuo;Ekpwo;Kuo;Ukfwo;Uku;Əblam Əbkuo
okv		
okv		Orokaiva - Ahija
okv		Orokaiva - Ajeka
okv		Orokaiva - Etija
okv		Orokaiva - Harava
okv		Orokaiva - Kokoda
okx		Okpe (Northwestern Edo);Ọkpẹ
okz		
ola	thw	Halung;Halungge;Olangchung Gola;Waling;Walongchung Gola;Walung;Walungchung Gola;Walunggi Keccya
ola		Halung;Halungge;Olangchung Gola;Waling;Walongchung Gola;Walung;Walungchung Gola;Walunggi Keccya
olb		
old		Chaga;Chagga;Kimochi;Kimoshi;Moshi;Mosi;Old Moshi
ole		Black Mountain Language;Monkha;Monpa;Ole Mönpa
olk		Koka-ollugul;Koko Olkol;Koko Olkolo;Koko-olkol;Kunjen;Olcoola;Olgol;Olgolo;Olkola;Olkolo;Olkulo;Ol’kol;Ulkulu;Wulgulu
olm		Ọ́lọ̀mà
olo		Aunus;Aunuse Karelian;Karel;Karelian;Livvi;Livvikovian;Livvikovskij Jazyk;Livvin kieli;Olonets;Olonetsian;Southern Olonetsian
olr		
olt		
olu		Mucubal;Olukuvale
orm	gaz	Oromo, West Central
orm		
orm	gaz	Oromo, West Central
oma		Cegiha;Dhegiha;Mahairi;Ponka;Ppankka;Umanhan
omb		Aoba;East Ambae;Havai;Northeast Ambae;Northeast Aoba;Oba;Omba
omc		Chimu;Chimú;Mochika;Muchic;Muchik;Yunca;Yunga
omg		Agua;Anapia;Ariana;Cambeba;Cambeeba;Cambela;Campeba;Campeua;Canga-Peba;Carari;Compeva;Janbeba;Kambeba;Kambewa;Kambéba;Macanipa;Omagua-Yete;Omágua;Pariana;Umaua;Yhuata
omi		Kaliko-Omi;Òmíti
omk		Malyj Anjuj Omok
oml		Hombo;Loombo;Songola
omn		
omo		Namnd;Osum;Utarmbu
omp		
omr		
omt		Laamoot;Omotic
omu		Humurana;Hunurana;Mayna;Numurana;Omurana;Roamaina;Umurano
omw		South Tairora;Tairora
omx		
omy		
omy		
ona		Aona;Choon;Selknam;Shelknam
onb		Bê;Limkow;Linkow;Ong-Be;Ongbe;Vo Limkou
one		Onʌyota’a:ka
ong		Il;Orlei
oni		Onim;Sepa
onj		Onjab;Onjou
onk		Aunalei;Kabore;Kabore One;Onele;Oni
onn		Onabasulu
ono		Onandaga;Ongwehonhwe;Onoñda’géga’
onp		Bootpa;But Monpa;But Pa;Matchopa
onp		Bootpa;But Monpa;But Pa;Matchopa
onr		Aunalei;Northern One;Onele;Oni
ons		
ont		Ontena
onu		Onua
onw		
onx		
ood		Nebome;Nevome;Oʼodham ha-ñeʼokĭ;Oʼodham ñiok;Oʼottham ha-neoki;O’odham;O’othham;Papago-Pima;Pápago;Tohono O'odham;Tohono O’otham;Upper Piman
ood		Nebome;Nevome;Oʼodham ha-ñeʼokĭ;Oʼodham ñiok;Oʼottham ha-neoki;O’odham;O’othham;Papago-Pima;Tohono O'odham;Tohono O’otham;Upper Piman
oog		Hantong;Tong
oon		Ong;Önge
oor		
oos		
opa	ibi	Opameri
opk		Kopka
opm		Okpat;Silono
opo		
opt		Teguima
opy		Ofaié;Ofaié-Xavante;Ofayé-Xavante;Opaié-Shavante;Opayé
ori	ory	Bonaz;Odia;Odia (macrolanguage);Odisha;Odri;Odrum;Oliya;Oriya;Uriya;Utkali;Vadiya;Yudhia
ori	ory	Bonaz;Odia;Odia (macrolanguage);Odisha;Odri;Odrum;Oliya;Oriya;Uriya;Utkali;Vadiya;Yudhia
ora		Mara Ma-Siki;Oraha
orc		
ore		Coto;Koto;Mai Ja;Maihuna;Maijɨki;Máíhɨki;Payagua;Tutapi
org		Koring;Orri;Orrin;Orringorrin
orh		Elunchun;Olunchun;Orochen;Orochon;Oronchon;Ulunchun
orn		Kanaq
oro		Bailala;Haira;Kaipi;Kairu-Kaura;Muro;Muru;Vailala;West Elema
orr		Tugbeni;Tugbeni Kạạmạ
ors		Orang Laut
ort		Adivasi;Adivasi Oriya;Adiwasi Oriya;Desiya;Kotia;Kotia Oriya;Kotiya;Tribal Oriya
oru		Baraki;Baraks;Bargista;Berki;Birki;Brakee;Braki;Burki;Oormuri;Ormar;Ormari;Ormui;Ormur;Urmar;Urmuri;Warmaro
orv		
orw		Oto Towati
orx		Oron
orz		Rarankwa
oss		Iron;Iron Ossetian;Iron Ossetic;Osetin;Ossete;Ossetian;Ossetic
oss		Iron;Iron Ossetian;Iron Ossetic;Osetin;Ossete;Ossetian;Ossetic
oss		Iron;Iron Ossetian;Iron Ossetic;Osetin;Ossete;Ossetian;Ossetic
osa		Wazhazhe;Wazhazhe ie
osa		Wazhazhe;Wazhazhe ie
osc		
osc		
osd		Dig;Digor;Digor Ossetian;Digor Ossetic;Digoron
osi		Banyuwangi
osn		
osn		
oso		
osp		
ost		Ihatum;Ossatu
osu		Aunalei;Onele;Oni;Southern One
osx		
ota		
otb		
otd		Dohoi;Malahoi;Uud Danum;Uut Danum
ote		Hñähñu;Mezquital Otomi;Otomi;Otomí del Valle del Mezquital
oti		Chavante;Eochavante;Euchavante;Otí
otk		
otl		Tilapa Otomi
otm		Eastern Highland Otomi;Eastern Otomi;Nyuhu;Otomí de Huehuetla;Otomí de la Sierra;Otomí de la Sierra Madre Oriental;Otomí de la Sierra Oriental;Otomí del Oriente;Sierra Oriental Otomi;Sierra Otomi;Yuhu;Yųhų
otn		Otomi;Otomí de Tenango;Tenango Otomi;Ñųhų
otq		Hñohño;Hñąñho;Northwestern Otomi;Otomi;Otomí de Querétaro;Querétaro Otomi;Santiago Mexquititlán Otomi;Western Otomi;Ñañhų;Ñhöñhö;Ñǫthǫ
otr		Dhitoro;Kawama;Kawarma;Litoro;Utoro;Ḏuṯuɽu
ots		Estado de México Otomi;Hñatho;Jña̱tjo;Otomí del Estado de México;State of Mexico Otomi
ott		Jña̱a̱tjo;Otomi of San Andrés Cuexcontitlan;Temoaya Otomi;Toluca Otomi;Ñatho
otu		Loushiru;Louxiru;Louxiur;Otuké;Otuque;Otuqui;Otuqué
otw		Chippewa;Daawaamwin;Eastern Ojibwa;Nishnaabemwin;Odawa;Ojibway;Ojibwe
otx		Northeastern Otomi;Otomí de Texcatepec;Texcatepec Otomi;Ñųhų
oty		
otz		Ixtenco Otomi;Otomí de Ixtenco;Southeastern Otomí;Yühmu
oua		Ouargla;Ouargli;Wargla
oub		Glio;Oubi;Ubi
oue		Dapera;Eivo;Ounge
oui		
oui		
oum		
ovd		Dalska;Elfdalian;Elvdalian;Älvdalska;Älvdalsmålet;Övdalsk;Övdalska;Övkallmå̢leð;Övkallmǫleð
owi		Bero;Owininga;Samo;Taina
owl		
oyb		Huei;Oey;Oi;Oi-Sok;Thae;The
jeg	skk;thx	
oyd		
oym		Guaiapi;Guayapi;Oiampí;Oiumpian;Oyampí;Oyampík;Oyanpík;Oyapí;Waiampi;Waiãpi;Wajapae;Wajapuku;Wajãpi;Wayapae;Wayapi;Wayãpi;Wayãpy;Wãyãpĩ
oyy		Daiomuni;Kuiaro;Loani;Oya'oya;Simagahi
ozm		Djimu;Dzimou;Konzime;Kooncimo;Koozhime;Koozime;Kɔɔnzime;Kɔɔzime;Nzime
pan		Eastern Panjabi;Gurmukhi;Gurumukhi;Panjabi;Punjabi
pan		Eastern Panjabi;Gurmukhi;Gurumukhi;Panjabi;Punjabi
pan		Eastern Panjabi;Gurmukhi;Gurumukhi;Panjabi;Punjabi
pan		Eastern Panjabi;Gurmukhi;Gurumukhi;Panjabi;Punjabi
pab		Arití;Haliti;Paressí;Paresí;Pareás;Porçoes
pac		Bo River Van Kieu;Cang Pacóuh;Ganai;Pa Co;Paco;Pako;Poko;Pokoh
pac		Bo River Van Kieu;Cang Pacóuh;Ganai;Pa Co;Paco;Pacoh (Cado dialect);Pako;Poko;Pokoh
pac		Bo River Van Kieu;Cang Pacóuh;Ganai;Pa Co;Paco;Pacoh (Cado dialect);Pako;Poko;Pokoh
pad		Palmari;Pamoari;Purupurú
pae		Apagibete;Apagibeti;Apakabeti;Apakibeti;Pagabete;Pakabete
paf		Cabahyba;Cauaiua;Cauhib;Cawahib;Jauareta-Tapiia;Kawahib;Kawaib;Majubim;Paranauat;Pawate;Pawaté;Pawaté-Wirafed;Tupi do Machado;Tupí-Kawahíb;Wiraféd
pag		
pag		
pah		Kagwahiv;Kagwahiva;Kagwahiwa;Kawaib;Tenharem;Tenharin
pai		Pai;Pe;Piyeh
pak		Apiterewa;Awaeté;Paracana;Parakanân;Parocana
pal		
pal		
pam		Amánung Sísuan;Pampanga;Pampangan;Pampango;Pampangueño
pam		Amánung Sísuan;Pampanga;Pampangan;Pampango;Pampangueño
pao		Northern Paiute;Numu;Paviotso
pap		Curassese;Curaçoleño;Papiam;Papiamen;Papiamentoe;Papiamentu
paq		Afghana-Yi Nasfurush;Afghana-Yi Siyarui;Changgars;Laghmani;Pbharya
par		Coso;Koso;Koso Shoshone;Panamint;Panamint Shoshone;Tumpisa Shoshone;Tümpisa Panamint Shoshone;Tümpisa Shoshone;Tümpisa Shoshoni
pas		
pau		Belauan;Palau;Tekoi ra Belau
pav		Jaru;Oro Wari;Orowari;Pacahanovo;Pacaás Novos;Pakaa Nova;Pakaanova;Pakaanovas;Uomo;Wari’
paw		
pax		Pankaré
pay		Paya;Pesh;Seco
paz		Pancaru;Pancaré;Pankarará;Pankaravu;Pankaroru;Pankarú
pbb		Nasa Yuwe;Nasayuwe
pbc		Eremagok;Ilemùkok;Inakalùkok;Ingariko;Kapon;Kappon;Patamona
pbe		Los Reyes Metzontla Popoloca;Mezontla Popoloca;Ngiba;Ngigua;Ngiwa;Popoloca de Mezontla;Popoloca de Oriente;Southern Popoloca
pbf		Coyotepec Popoloca;Ngiba;Ngigua;Ngiwa;Popoloca de Oriente;San Vicente Coyotepec Popoloca
pbg		Anun;Añú;Parahujano
pbh		Abira;E'ñapa Woromaipu;Eye;Eñapa;Eñepa;E’ñepa;Mapoyo;Panare;Panari
pbi		Gwadi Parekwa;Gwaɗi Parəkwa;Kudala;Padogo;Padoko;Padokwa;Paduko;Parekwa;Pawdawkwa;Podogo;Podoko;Podokwa;Podokwo
pbl		Leemak;Lemak;Mak (Nigeria);Panya;Panyam;Zo
pbm		An xo’boo;Mazateco de Puebla;Mazateco de Puebla y del Noroeste;Puebla Mazatec;’an Xo’boó
pbn		Kpasam;Maya;Nyisam;Passam;’Balo
pbo		Moium;Oium;Oyum;Papei;Pepel
pbp		Badara;Badian;Badjara;Badjaranké;Badyaranke;Badyaranké;Bajara;Bigola;Gola;Kanjad;Pajade;Pajadinca;Pajadinka
pbr		Ekipangwa;Khipangwa;Kipangwa
pbs		Central Pame;Chichimeca;Pame de Santa María Acapulco;Pame del Centro;Southern Pame;Xi’oi
pbt		Kandahari Pashto;Paktu;Pashtu;Pushto;Pushtu;Qandahari Pashto;Quetta-Kandahari Pashto;Southern Pashto;Southwestern Pashto
pbv		
pby		Ineisine;Pyu (Papua New Guinea)
pca		Ngiba;Ngigua;Nquivā;Popoloca de Santa Inés Ahuatempan;Popoloca del Poniente;Santa Inés Ahuatempan Popoloca
pcb		
pcc		Bo-I;Bui;Buyei;Buyi;Buyui;Chang Chá;Chung Cha;Chung-Chia;Cùi Chu;Dang;Dioi;Giai;Giang;Giay;Giáy;Nhaang;Nhang;Niang;Nyang;Pau Thin;Pu-I;Pu-Jui;Pu-Nam;Pui;Pujai;Puyi;Puyoi;Sa;Shuihu;Trong Ggia;Tujia;Xa Chung Chá;Yai;Yang;Yay;Zhongjia
pcc		Bo-I;Bui;Buyei;Buyi;Buyui;Chang Chá;Chung Cha;Chung-Chia;Cùi Chu;Dang;Dioi;Giai;Giang;Giay;Giáy;Nhaang;Nhang;Niang;Nyang;Pau Thin;Pu-I;Pu-Jui;Pu-Nam;Pui;Pujai;Puyi;Puyoi;Sa;Shuihu;Trong Ggia;Tujia;Xa Chung Chá;Yai;Yang;Yay;Zhongjia
pcc		Bo-I;Bui;Buyei;Buyi;Buyui;Chung-Chia;Dioi;Giay;Pu-I;Pu-Jui;Pui;Pujai;Puyi;Puyoi;Shuihu;Tujia;Yay;Zhongjia
pcc		Bo-I;Bui;Buyei;Buyi;Buyui;Chung-Chia;Dioi;Giay;Pu-I;Pu-Jui;Pui;Pujai;Puyi;Puyoi;Shuihu;Tujia;Yay;Zhongjia
pcc		Bo-I;Bui;Buyei;Buyi;Buyui;Chung-Chia;Dioi;Giay;Pu-I;Pu-Jui;Pui;Pujai;Puyi;Puyoi;Shuihu;Tujia;Yay;Zhongjia
pcd		Chti;Chtimi;Patois;Patois de Nord;Roubaignot;Rouchi
pce		Da’ang;De’ang;Di-Ang;Dlang;Ngwe Palaung;Palay;Pale;Pale Palaung;Ru-Jing Palaung;Ruching Palaung;Silver Palaung;Southern Ta’ang
pce		Di-Ang;Ngwe Palaung;Palay;Pale;Ruching Palaung;Silver Palaung;Southern Palaung;Ta-Ang
pcf		Makkal;Malai Paliyar;Palani;Palaya;Palayan;Paliyar;Palleyan;Palliyar;Poliyar;Seramar;Tamil
pcg		Nil;Pania;Paniyan;Panyah
pcg		Nil;Pania;Paniyan;Panyah
pcg		Nil;Pania;Paniyan;Panyah
pch		Pradhan;Pradhani
pci		Dhruva;Dhurwa;Durva;Paraja;Parajhi;Parjhi;Parji;Tagara;Thakara;Tugara
pci		Dhruva;Dhurwa;Durva;Paraja;Parajhi;Parjhi;Parji;Tagara;Thakara;Tugara
pcj		Gadaba;Gorum;Gorum Sama;Gorum-Parenga;Pareng;Parenga Parja;Parengi;Parenji;Poroja
pck		Haithe;Paite;Paite Chin;Paithe;Parte;Vuite;Zome;Zomi;Zoukam
pcl		Bahelia;Chita Pardhi;Lango Pardhi;Paidia;Paradhi;Paradi;Paria;Phans Pardhi;Takankar;Takia
pcm		Anglo-Nigerian Pidgin;Broken English;Brokin;Brokun;Naijá;Nigerian Creole English;Nigerian Pidgin;Nigerian Pidgin English;Pidgin;Pijin
pcn		Abisi;Bisi;Piti;Pitti
pcp		Pacawara
pcw		Piapum;Pirpum;Pyapun;Pyapung
pda		Pondoma
pdc		Deitsch;Die Mudderschprooch;Pennsilfaani-Deitsch;Pennsilfaanisch Deitsch;Pennsylfaanisch Deitsch;Pennsylvaanisch Deitsch;Pennsylvania Deitsh;Pennsylvania Dutch;Pennsylvania German;Pennsylvanisch;Pennsylvanisch-Deitsch;Pennsylvanish
pdi		Padi
pdn		Fandanus;Podena
pdo		Alalao;Mori;Pado-e;Padoé;South Mori
pdt		German;Low German;Mennonite German;Mennonite Low German;Mennoniten Platt;Plódich
pdu		Ka-Yun;Kayang;Kayǎn;Kayǎn tamangaò̌;Lahwi;Padaung;Padaung Karen
pdu		Ka-Yun;Kayang;Kayǎn;Kayǎn tamangaò̌;Lahwi;Padaung;Padaung Karen
pea		Baba Indonesian;Chinese Indonesian;Peranakan;Peranakan Indonesian
peb		Clear Lake Pomo;Eastern Pomo
ped		Alam;Banara;Dagoi;Dagui;Hatzfeldhafen;Mala (Papua New Guinea);Malala;Pai;Pay
pee		Andje;Lole;Petapa
pef		Northeastern Pomo;Salt Pomo
peg		Hengo;Pengu
peh		Baonan;Bao’an;Boan;Man ni skad ci;Manikacha;Paoan;Paonang
pei		Chichimec;Chichimeca;Chichimeca-Jonaz;Chichimeco;Meco;Pame de Chichimeca-Jonaz;Uzá’
pej		Northern Pomo
pek		
pel		
pem		Gipende;Giphende;Kipende;Pende;Pheende;Pindi;Pinji
peo		
pep		Kunja;Kánchá;Kénzä;Lower Morehead;Peremka;Thundai-Kanza
peq		Gallinoméro;Southern Pomo
pev		
pex		Majugan
pey		Pecok;Peco’;Petjoh
pez		Eastern Penan
pfa		
pfe		Kotofo;Kotopo;Kotpojo;Pare;Patapori;Peer;Peere;Potopo;Potopore;Pɛrɛ
pfl		Francique;Lorraine Franconian;Lottrìnger Plàtt;Palatine German;Pfaelzisch;Pfälzisch;Pfälzische;Plàtt;Pälzisch;Rheinfrankisch;Rhine Franconian
pga		Arabi;Arabi Juba;Pidgin Arabic;Southern Sudan Arabic;Sudanese Arabic Creole;Sudanese Creole Arabic
pgd		
pgd		
pgg		Pahari;Pangi;Pangwali Pahari
pgi		Bembi;Pagei
pgk		Pangkumu;Pangkumu Bay;Tisman
pgl		
pgn		
pgs		
pgu		Pago;Pagoe
pgz		Melanesian Sign Language;PNGSL
pha		Baheng;Bahengmai;Man Pa Seng;Meo Lai;Pa Hng;Pa Ngng;Pa Then;Paheng;Pà Hung;Pà Then;Tóng
phd		Vadval
phg		Phuang;Phuong Catang
phh		Fu Khla;Phu Kha;Phu Khla;Phu La;Phukha;Phù Lá;Phù Lá Hán
phj		Pahara;Pahi;Pahibhāe;Pihi;Pihi bhya
phk		Faake;Fakial;Phakey;Phakial;Tai Phake
phl		Biyori;Dangarikwar;Palola;Phalulo;Phalura
phm		Pimbi
phn		
pho		Phounoy;Phu Noi;Phunoy;Punoi;Singsily;Sinsali
phq		Bana’;Pana’;Phana'
phr	pmu	Miripuri;Mirpur;Mirpur Panjabi;Mirpur Punjabi;Mirpuri;Pahari;Pahari-Pothowari;Pothohari;Potohari;Potwari
pht		Phutai;Phuu Thai;Poutai;Putai;Puthai;Puthay
phu		Lao Phuan;Lao Phuon;Phoan;Phu Un;Phu-uen;Phuon;Poan;Puan
phu		Lao Phuan;Lao Phuon;Phoan;Phu Un;Phu-uen;Phuon;Poan;Puan
phu		Lao Phuan;Phu Un
phv		
phw		Phangduvali;Phangduwali Poti
pli		Magadhan
pli		Magadhan
pli		Magadhan
pli		Magadhan
pli		
pli		Magadhan
pli		Magadhan
pli		Magadhan
pia		Lower Piman;Mountain Pima;Névome;Oob No’ok
pib		Apurinã;Chichineri;Chontaquiro;Contaquiro;Pira;Simiranch;Tokanï;Yineri tokani;Yineru tokanu;Yinerï
pic		Apindje;Apindji;Apindzi;Apinji;Gapinji;Ghepinzi;Pinzi
pid		Adole;Amorua;Ature;Dearwa;Deruwa;Deá’ru’wa;De’aruwã thiwene;Guagua;Kuakua;Maco;Piaroa-Mako;Quaqua Dearuwa;Uhothha;Uwotjüja;Wotjüja;Wo’tiheh;Wu’tjuja;Wöthüha
pie		Atziqui;Tihue
pif		Pingelap;Pingilapese
pig		Pisagua;Pisahua
pih		Norfolkese;Pitcairn English;Pitkern
pii		
pij	coy;nts	Piajao;Pijao Paniquita;Pijao Paniquitá;Pinao;Pixao
pil		Kpilakpila;Pila;Pilapila
pim		Virginia Algonkian;Virginia Algonquian
pin		Biami
pio		Amarizado;Chase;Cháse;Dzaze;Enegua;Kuipaco;Piapoko;Piapoko Dejá;Tsáçe;Wenewika;Yapoco
pip		Filiya;Péerò;Pìpéerò;Walo
pir		Pira-Tapuia;Pira-Tapuya;Piratapuia;Piratapuya;Uaiana;Uaicana;Uaikena;Uainana;Urubu-Tapuya;Waikhara;Waikino;Waina;Wanana-Pirá;Waíkana
pis		Neo-Solomonic;Solomons Pidgin
pit		Bida-Bida;Bidhabidha;Pita Pita;Pitha-Pitha
piu		Bindabu;Binddibu;Bindibu;Bindubi;Bindubu;Loridja;Luritja;Pintubi;Pintupi
piv		Pileni;Pilheni
piw		Chɨpɨmbwe;Cipimbwe;Ichipimbwe;Icipimbwe;Kipimbwe;ƗChɨpɨmbwe
pix		Kuruko;Lanzog;Sanbiau
piy		Ambandi;Pia;Pitiko;Piya;Wurkum
piz		Pindje;Pinje
pjt		Pitjantjara;Pitjantjatjarra
pka		
pkb		Kimpokomu;Kipfokomo;Lower Pokomo;Milanchini;Mpokomu;Pfokomo;Pokomo;Upper Pokomo;Wapfokomu
pkc		
pkg		Tong-Pak
pkh		Paang;Pang;Pang Khua;Pangkhu;Pankho;Pankhu;Pankhua;Panko;Pankua
pkh		Paang;Pang;Pang Khua;Pangkhu;Pankho;Pankhu;Pankhua;Panko;Pankua
pkn		Bakanha;Pakanh
pko		Pakot;Pokot;Pökot;Suk;ngala Pökot;ng’ala Pokot
pkp		Bukabukan;Pukapukan;Te Leo Wale
pkr		Attapady Kurumba;Kurumba;Pal Kurumba
pks		IPSL;Indo-Pakistani Sign Language;Isharon Ki Zubann;PSL
pkt		Ma Lieng;Malang;Malieng
pku		Bakau
pol		Lengyel;Lenku;Polnisch;Polština
pol		Lengyel;Lenku;Polnisch;Polština
pla		Banar;Bonaputa-Mopu;Kenege;Miani North;Tani
plb		Ati;Narmoris;Polonombauk
plc		Central Palawano;Palawanen;Palaweño;Quezon Palawano
pld		Palari;Palarie;Parlare;Parlaree;Parlary;Parlyaree
ple		Lu’a;Palu'e;Palue;Paluqe
plg		Pilaca
plh		
plk		Kohistani;Kohistani Shina;Kohistyo;Palasi-Kohistani
pll		Flowery De’ang;Golden Palaung;Liang;Liang Palaung;Red Da’ang;Saam-Loong;Shwe;Shwe Palaung;Ta-Ang Palaung;Ta-ang;Ta’ang Samlung
pln		Lengua;Palenque
plo		Oluta;Oluta Mijean;Oluta Popoluca;Olutec;Popoluca de Oluta
plp		
plq		
plr		Kpalaga;Kpalagha;Kupalaga;Palaka;Palaka Senoufo;Palara;Pallakha;Pilara;Plára;Pìlára
pls		Ngigua;Ngiwa;Northern Popoloca;Popoloca de San Marcos Tlalcoyalco;Popoluca del Norte;San Marcos Tlacoyalco Popoloca;San Marcos Tlalcoyalco Popoloca
plu	kgm	Aukuyene;Aukwayene;Paikwene;Palicur;Palijur;Palikour;Paliku’ene;Palincur;Paricores;Paricuria;Parikurene;Parinkur-lene;Pa’ikwaki
plv		Southwest Palawano
plw		Brooke's Point Palawano;Brooke’s Point Palawan;Palawan;Palawano;Palawanun;Palaweño;Pelaꞌwan;Pelewan;Pinalawan;Pinelawan
ply		Baliu;Buliu;Lai;Lai Yu;Lailai;Paliu;Palju;Palyu;Polyu
plz		Paluan
pma		Paama-Lopevi;Paamese;Pauma;selusien ten out Voum
pmb		Apambia
pmd		Balangamida;Pallangahmiddang;Wavaroo;Wave Veroo;Waveroo;Wayerroo;Waywurru;Wayyourong;Wayyouroo;Weeerroo;Weeherroo
pme		Poamei;Pwamei
pmf		Baree;Bare’e;Poso
pmh		
pmi		Ch’rame;Northern Pumi;Pimi;Primmi;Pruumi;P’rome;P’umi;P’ömi
pmj		Pimi;Primmi;Prinmi;Pruumi;P’rome;P’umi;P’ömi;Southern Pumi
pml		Aljamia;Ferenghi;Petit Mauresque;Sabir;’Ajnabi
pmm		Congo Pol;Pomo;Pori;Pul;Pólrì
pmn		
pmo		
pmq		Northern Pame;Pame del Norte;Xi’iuy
pmr		Paynamar
pms		Piamontés;Piemontese;Piemontèis
pmt		Paumotu;Pa’umotu
pmw		Plains Miwok;Valley Miwok
pmx		Paola;Paumei;Pomai;Pome;Poula;Poumai;Poumei;Poumei Naga
pmy		Bahasa Tanah;Irian Malay;Logat Papua;Melayu Papua;Papuan Malay
pmz		Pame;Pamean;South Pame;Southern Pame
pna		Bah-Biau;Bah-Biau Penan;Punan;Punan Bah-Biau
pnc		Panei;Tapango
pnd		
pne		Nibon;Nibong;Western Penan
png		Akwa;Arringeu;Arĩ;Panganci;Pongo;Pongu;Rin;Tara;Tarin;Tariya;Ta̱rin;Tə-rĩ
pnh		Mangarongaro;Penrhynese;Tongareva
pni		Penihing
pnj		Bangoula;Banyoula;Banyowla;Bindjarub;Binjarup;Kuriwongi;Nyunga;Peejine;Penjarra;Pidjain;Pindjarup;Pinjarra;Yaberoo
pnk		Pauna;Paunaca
pnl		Palɛn;Wara
pnm		Punan Batu 1
pnn		Aramaue;Aramo;Hagahai;Miamia;Pinai;Pinaye;Wapi
pno		Huariapano;Manoa;Pana;Pano;Pelado;Wariapano
pnp		Pantjana
pnq		Pana (Burkina Faso);Sama
pnr		
pns		Ponasakan;Ponosakansch
pnt		Coastal Pontic;Muslim Pontic;Pontic Greek;Romayka;Romeika;Romeyka;Rumca;Rumcika;Rumka;Trabzon;Trapezountiac
pnt		Coastal Pontic;Muslim Pontic;Pontic Greek;Romayka;Romeika;Romeyka;Rumca;Rumcika;Rumka;Trabzon;Trapezountiac
pnt		Coastal Pontic;Muslim Pontic;Pontic Greek;Romayka;Romeika;Romeyka;Rumca;Rumcika;Rumka;Trabzon;Trapezountiac
pnu		Bunu;Hualan Yao;Jiongnai;Jiongnai Bunu;Jiongnaihua;Kiong Nai;Kjong Nai;Punu;Qiungnai
pnv		Binigura;Pinikura
pnw		Bandjima;Banjima;Pandjima;Panjima;Panjtjima;Panyima;Panyjima;Panytyima
pnx		Keneng;Kenieng;Lao Phong;Pong
pny		Bapinyi;Menka;Pelimpo;Àshwəŋnə̀ Pìnyinə
pnz		Pana (Central African Republic);Pani;Pa̧na
poc		Pocomán;Pokomam;Poqom;Qaq’oral
poe		Atzingo Popoloca;Eastern Popoloca;Ngiba;Ngigua;Ngiva;Ngiwa;Nkiva;Nquiva;Popoloca de Oriente;Popoloca de San Juan Atzingo;Popoloca del Oriente;San Juan Atzingo Popoloca;Southern Popoloca
pof		Pfoke;Puki;Tofoke;Topoke;Tovoke
pog		Petigaré;Pitonara;Potiguara;Potyguara
poh		Pocomchí;Poconchí;Pokomchí;Pokon;Pokonchi’;Pokonchí;Poqomchi';Poqon;Poqonchi;Tactic Pokomchí
poh		Pocomchí;Poconchí;Pokomchí;Pokon;Pokonchi’;Pokonchí;Poqomchi';Poqon;Poqonchi;Tactic Pokomchí
poi		Highland Popoluca;Nuntajɨ̱yi;Popoluca;Popoluca de la Sierra;Soteapan Zoque;Soteapanec
pok		Bara Sona;Barasana;Barasano;Bará;Bará-Tukano;Hanera;Pakang;Panenoá;Pokangá-Tapuya;Pãnerã
pom		Elem Pomo;Lower Lake Pomo;Southeastern Pomo;Sulfur Bank Pomo
pon		Pohnpei;Ponapean
poo		Ballo-Kai-Pomo;Cabanapo;Central Pomo;Habenapo;H’hana;Khabenapo;Khana;Kulanapan;Kulanapo;Kábinapek;Venaambakaia;Venambakaiia;Yokaia
pop		Poapoa;Pwapwa
poq		Texistepec;Texistepec Popoluca
pos		Sayula Popoluca
pot		Bode’wadmi;Neshnabémwen;Nishnabek;Pottawotomi;Pottawottomi
pov		Casamance Creole;Casamancese Creole;Casamançais;Crioulo;Crioulo de Guinea-Bissau;Créole;Créole afro-portugais de Casamance;Créole casamançais;Créole de Casamance;Guinea-Bissau Kriyol;Guineense;Kiriol;Kriol;Kriulo;Kriyol;Portuguese Creole;Upper Guinea Crioulo
pow		Ngiba;Ngiwa;Nguiva;Popoloca de San Felipe Otlaltepec;Popoloca del Poniente;San Felipe Otlaltepec Popoloca;Western Popoloca
pox		
poy		Chipogolo;Chipogoro;Cipogolo;Pogolu;Pogora;Pogoro;Shipogolu
ppe		Baiyamono;Paiyamo;Papi;Paupe;Yubaiyamin
ppi		Akwa’ala;Jaspuy pai
ppk		Basa Uma;Koro;Oema;Pipikoro
ppl		Nawat;Nicarao
ppm		
ppn		Auta;Numanuma;Papapa;Teperoi
ppo		Foraba;Podoba;Podopa;Polopa
ppp		
ppq		Pai;Pei
pps		Ngiba;Ngigua;Ngigua Temalacayuca;Ngiwa;Popoloca de San Luis Temalacayuca;San Luís Temalacayuca Popoloca
ppt		Akium-Pare;Pare
ppu		Bupuran;Hinapavosa;Hoanya;Papola;Papora;Sprache von Formosa;Vupuran
pqa		Afa;Afanci;Fa’anci;Fa’awa;Foni;Fucaka;Fuucəka;Pa'a;Paha;Pala;Pa’a;Pa’awa
pqm		Maliseet-Passamaquoddy;Peskotomuhkati Wolastoqewi Latuwewakon
pra		
prb		
prc		
prd		Parsee;Parsee-Dari;Parsi
pre		Dialeto;Lung’Ie;Lun’gwiye
prf	agp	Palanan;Palanenyo
prg		Old Prussian;Prūsiskai
prh		Camotes
pri		Cî;Paaci;Pati;Ponerihouen
prk		Barao;Baraog;Baraoke;Baroke;Buliu;Bulu;Burao;Paraok;Parauk;Phalok;Praok;Standard Wa;Wa
prl		LSP;Lengua de Signos Peruana;Lengua de señas peruana;Lenguaje de señas peruana;Lenguaje de señas peruano
prm		Gibiri
prn		Nuristani;Parun;Paruni;Prasun;Vasi vari;Veron;Verou;Veruni;Wasi-Veri;Wasi-weri
pro		Old Occitan (to 1500)
prq		Asheninka;Ashéninka Perené;Perené Ashéninca
prr		Colorado;Coroado;Paquí;Telikóng
prs	drw;tnf	Afghan Persian;Badakhshi;Eastern Farsi;Madaklashti;Parsi;Persian
prt	pry	Lao Mai;Lao Prai;Lua Prai;Lua’;Phai;Pray
pru		Mogao
prw		Para
prx		Burig;Burigskat;Purig-pa;Purigi;Purigskad;Purik;Purik Bhotia;Purik-Sham-Nubra;Purkhi;Purki
prx		Burig;Burigskat;Purig-pa;Purigi;Purigskad;Purik;Purik Bhotia;Purik-Sham-Nubra;Purkhi;Purki
prz		PISL;Providence Island Sign Language
pus	pbu	Afghan;Eastern Afghan Pashto;Northwestern Pakhto;Pakhto;Pakhtoo;Pakhtoon;Pakhtun;Paktu;Pashto;Pashto, Northern;Pashtoon;Pashtu;Passtoo;Pusto;Sharqi;Yousafzai Pashto;Yusufzai Pashto
psa		Asue Awyu;Miaro;Miaro Awyu;Pisa
psc		Persian Sign Language;ZEI;Zaban Eshareh Irani
psd		AISL;American Indian Sign Language;First Nation Sign Language;Hand Talk;Indian Language of Signs;Indian Sign Language;NAISL;North American Indian Sign Language;PISL;PST;Plains Sign Language;Plains Sign Talk;Sign Talk
pse		Bengkulu;Besemah;Central Malay;Enim;Lintang;Melayu Tengah;Midden Maleisch;Ogan;Pasemah;Semendo;Serawai
pse		Bengkulu;Besemah;Enim;Lintang;Melayu Tengah;Midden Maleisch;Ogan;Pasemah;Semendo;Serawai
pse		Bengkulu;Besemah;Enim;Lintang;Melayu Tengah;Midden Maleisch;Ogan;Pasemah;Semendo;Serawai
pse		Bengkulu;Besemah;Enim;Lintang;Melayu Tengah;Midden Maleisch;Ogan;Pasemah;Semendo;Serawai
pse		Bengkulu;Besemah;Enim;Lintang;Melayu Tengah;Midden Maleisch;Ogan;Pasemah;Semendo;Serawai
pse		Bengkulu;Besemah;Enim;Lintang;Melayu Tengah;Midden Maleisch;Ogan;Pasemah;Semendo;Serawai
pse		Bengkulu;Besemah;Enim;Lintang;Melayu Tengah;Midden Maleisch;Ogan;Pasemah;Semendo;Serawai
pse		Bengkulu;Besemah;Enim;Lintang;Melayu Tengah;Midden Maleisch;Ogan;Pasemah;Semendo;Serawai
psg		
psh		Pashai;Southwest Pashai;Southwest Pashayi
psi		Pashai;Southeast Pashai;Southeast Pashayi
psl		ASL;American Sign Language;PRSL
psm		Guarasugwé;Guarasug’we;Guarasú’we;Guarayu-Ta;Paucerne;Pauserna-Guarasugwé;Warázu;guarasu’we
psn		To Pamosean;To Panasean
pso		PJM;Polski Język Migowy
psp		FSL;Local Sign Language;Philippine Sign Language
psq		Besi
psr		LGP;Língua Gestual Portuguesa
pss		Kowlong;Pasismanua
pst		Central Pashto;Mahsudi
psu		
psu		
psw		Lamap
psy		Conoy
por		Portugais;Portugués del Uruguay;Português;Portunhol;Portuñol;Uruguayan Portuguese;portugués
por		Portugais;Portugués del Uruguay;Português;Portunhol;Portuñol;Uruguayan Portuguese;portugués
pta		Avá;Kaiova;Kaiowa;Pai;Pai Tavyterã;Tavytera
pth		Hã Hã Hãe;Patashó;Pataxi;Pataxó;Pataxó-Hãhaãi;Patoxó
pti		Nyanganyatjara;Pindiini;Wangada;Wanggaji;Wangkatha;Wonga;Wongai-I;Wonggaii
ptn		
pto		Buré;Jo’é;Poturu;Poturujara;Puturú;Tupí of Cuminapanema;Zo'é
ptp		Buang;Mumeng;Ptep
ptq		Pattapu Bhasha
ptr		Piamatsina
ptt		Endekan;Endekan Timur
ptu		Basa Bambam;Pitu Uluna Salu;Pitu-Ulunna-Salu
ptv		Daakie
ptw		Puntlatch;Puntledge
pty		
pua		Purépecha;Purépecha de la Meseta;Purépecha de las Sierras;Purépecha del Oeste de Sierra Occidental;P’orhe;P’orhépecha;P’urhe;P’urhépecha;Western Highland Purepecha
pub	puz	Puram;Purum Naga
puc		Mbraa;Mpra;Mpraa
pud		Aput
pue		Gennaken;Günün Yajich;Gününa Küne;Gününa Yajich;Northern Tehuelche;Pampa
puf		
pug		Buguli;Buguri;Phuien;Phuieŋ;Phuó;Phuĩé;Phwĩe;PhwĩƗ;Pougouli;Puguli;Pwa;Pwe;Pwie;Pwien;Pwo
pui		Puinabe;Puinare;Wanse;Wãnsöhöt
puj		
puk		
pum		Puma Kala;Puma La;Puma Pima
puo		Kha Puhoc;Ksing Mul;Ksingmul;Lao Muh;Mun;Pou Hok;Pua;Puhoc;Puok;Sing;Xin Mul;Xing Mun;Xingmoun;Xinh Mul;Xinh Mun;Xinh-Mun
pup		
puq		Pukina
pur		Aurã;Burubora;Cujubi;Kuyubi;Miguelenho;Migueleno;Pumbora;Puroborá;Puruba
put		Putuk
puu		Ipounou;Ipunu;Pouno;Pounou;Puno;Yipounou;Yipunu;yi-punu;yiPunu
puw		Puluwat
pux		Bkwala
puy		Chumash;Chumasha Proper;La Purisima;Purismeño;Purísima;Santa Rosa
pwa		Pauaia;Pavaia;Pawaian;Tudahwe;Yasa
pwb		Bugel;Bujiyel;anaPanawa;iPanawa
pwg		Manape
pwi		Southern Wintun;Wintu
pwm		Balabak;Molbog Palawan
pwn		Butanglu;Kadas;Kale-Whan;Kapiangan;Katausan;Li-Li-Sha;Paiuan;Payowan;Pinayuanan;Samobi;Samohai;Saprek;Stimul;Tamari;Vinuculjan
pwo		Bassein Pwo Karen;Delta Pwo Karen;Mon Karen;Mon Kayin;Mutheit;Pathein Pwo Karen;Phlong;Phlong Sho;Pho;Pwo Western Karen;Shu;Talaing Karen
pwr		Pwari
pww		Phlon;Phlong;Pwo Northern Karen
pxm		Ayuk;Ayuuk;Central Mixe;Chuxnabán Mixe;Kuna’tsmʉdʉ Ayuk;Midland Mixe;Mixe Alto del Sur;Mixe Medio del Este;Quetzaltepec Mixe
pye		Kroumen;Kroumen Piè;Krumen;Krumen Piè;Krumen Pye;Northeastern Krumen;Pye Krumen;Southeastern Krumen;‑Pɩɛwin
pym		Fem;Fyam;Fyem;Genawa;Gyem;Gyema;Paiem;Pem;Pyem
pyn		Poianáua;Puinahua
pys		LSPY;Lengua de Señas del Paraguay;Lengua de señas paraguaya
pyu		Beinan;Kadas;Panapanayan;Pelam;Pilam;Pinuyumayan;Piyuma;Pyuma;Tipun
pyu		Beinan;Kadas;Panapanayan;Pelam;Pilam;Pinuyumayan;Piyuma;Pyuma;Tipun
pyx		
pyy		Bisu;Biˎ suˎ;Hpinba;Hpyin;Misu;Phen;Pyin
pze		Palchi;Palci;Palsawa;Palshwa;Pisse;Polchi;Polsawa;Polshi;Posse;Posə;Posɨ;Pəlci
pzh	uun	Bazehai;Kulon-Pazeh;Pazeh-Kahabu;Pazeh-Kaxabu;Pazehe;Pazih;Pazzehe;Sprache von Formosa
pzn		Bara Naga;Jaijairai;Jejara;Jejara Naga;Naga;Para Naga;Parasar Naga
que	quz	Cuzco;Cuzco Quechua;Qheswa;Qheswasimi;Quechua Cusco;Quechua Qosqo-Qollaw;Quechua de Cusco-Collao;Quechua, Cusco;Qusqu qhichwa simi;Qusqu runasimi;Runasimi;Runasimi Qusqu Qullaw
qua		Alkansea;Arkansas;Capa;Ogaxpa
qub		Alto Huallaga;Huallaga Huánuco Quechua;Quechua Huallaguino;Quechua de Huánuco;Quechua de Llacón;Quechua de Matihuaca;Runa shimi
quc		K'iche';Katzijobal;Katzijob’al;K’ichee’;K’ichee’ Mayan;Qach’abel;Qatzijobʼal;Qatzijob’al;Quiché;Utlateco;Ꜭiche
quc		K'iche';Katzijobal;Katzijob’al;K’ichee’;K’ichee’ Mayan;Qach’abel;Qatzijobʼal;Qatzijob’al;Quiché;Ꜭiche
quc		K'iche';Katzijobal;Katzijob’al;K’ichee’;K’ichee’ Mayan;Qach’abel;Qatzijobʼal;Qatzijob’al;Quiché;Ꜭiche
quc		K'iche';Katzijobal;Katzijob’al;K’ichee’;K’ichee’ Mayan;Qach’abel;Qatzijobʼal;Qatzijob’al;Quiché;Ꜭiche
quc		K'iche';Katzijobal;Katzijob’al;K’ichee’;K’ichee’ Mayan;Qach’abel;Qatzijobʼal;Qatzijob’al;Quiché;Ꜭiche
quc		K'iche';Katzijobal;Katzijob’al;K’ichee’;K’ichee’ Mayan;Qach’abel;Qatzijobʼal;Qatzijob’al;Quiché;Ꜭiche
quc		K'iche';Katzijobal;Katzijob’al;K’ichee’;K’ichee’ Mayan;Qach’abel;Qatzijobʼal;Qatzijob’al;Quiché;Ꜭiche
qud		Calderón Highland Quichua;Calderón Quichua;Cayambe Quichua;Kichwa;Kichwa Shimi;Pichincha Quichua;Quichua de la Sierra Cayambe;Salcedo Quichua
quf		Ferreñafe;Inkawasi-Kañaris Runashimi;Lambayeque Quechua;Linwaras;Quechua Inkawasi-Kañaris;Quechua de Lambayeque;Quechua of Incahuasi-Cañaris
qug		Central Highland Quichua;Chaupi Urcucuna Kichwa;Chimborazo Highland Quichua;Chimborazo Quichua;Ecuadorean Quechua;Highland Ecuadorian Quichua;Kichwa;Kichwa Shimi;Kichwa de la Sierra;Quichua Serrano Central;Quichua de Chimborazo;Quichua de la Sierra;Quichua de la Sierra Chimborazo
qui		Quillayute
quk		Amazonas;Amazonas Quechua;Chachapoyas Quechua;Llakwash
qul		North Bolivian Quechua;North La Paz Quechua;Quechua
qum		Ri Cholb’al;Ri Qyolbʼal;Sipacapa;Sipacapa Quiché;Sipacapense;Sipacapeño;Sipakapa
qun		kwinaył
qup		Inga;Inka;Quechua del Pastaza;Southern Pastaza Quechua
quq		
qur		Yanahuanca Pasco Quechua;Yaru Quechua
qus		Quichua;Santiago del Estero Quichua;Santiagueño Quichua
quv		Sacapulas K’iche’;Sacapulteco;Tujaal tziij;qač’ab’a:l
quw		Napo Kichwa;Quichua de Tena;Quichua del Oriente;Quijo;Quixo;Runa Shimi;Tena Kichwa;Tena Lowland Quichua;Yumbo
qux		Yauyos Quechua
quy		Ayacucho Quechua;Ayakuchu Chanka Qichwa;Chanca;Chanka;Chanka runasimi;Quechua Ayacuchano;Runasimi
qva		Ambo-Pasco Quechua;Quechua;Runa shimi;San Rafael-Huariaca Quechua
qvc		Cajamarca Quechua;Kashamarka Runashimi;Kashamarka qichwa;Kichwa;Kichwa Lingwa;Lingwa
qve		Apurímac Quechua;Eastern Apurímac Quechua;Quechua;Quechua del Este de Apurímac;Runasimi
qvh		Huamalíes-Dos de Mayo Huánuco Quechua
qvi		Imbabura Highland Quichua;Imbabura Quichua;Kichwa;Kichwa Shimi;Kichwa de la Sierra;Otavalo Quichua;Quichua de la Sierra Imbabura
qvj		Azuay Quichua;Loja Highland Quichua;Loja Quichua;Saraguro Quichua
qvl		Cajatambo North Lima Quechua
qvm		Dos de Mayo Quechua;Ketchwa;Margos-Yarowilca-Lauricocha Quechua;Quechua;Quechua Margos;Quechua de Margos;Quechua de Margos-Cauri-Chavinillo Huanuco
qvn		Junín Quechua;North Junín Quechua;Quechua;Quechua del Norte de Junín;Tarma Quechua;Tarma-Junín Quechua
qvo		Ecuador Quichua;Ingano;Kicho;Kichua;Kichwa;Kichwa Shimi;Kichwa del Napo;Lowland Napo Quechua;Lowland Napo Quichua;Napo;Napo Kichua;Napo Kichwa;Napo Kichwa shimi;Napo Lowland Quechua;Napo Lowland Quichua;Napo Quichua;Quichua del Napo;Quichua del Oriente;Quichua, Napo Lowland;Runa Shimi;Santa Rosa Quechua;Santarrosino;Yumbo
qvp		Pacaraos Quechua
qvs		Kechwa;Kechwa de San Martin;Lama;Lamano;Lamas Kichwa;Lamas Quechua;Lamista;Lamisto;Llakwash;Llakwash Quechua;Llakwash Runashimi;Motilón;San Martin Kechwa;San Martín Quechua;Ucayali
qvw		Huanca Huaylla Quechua;Huaylla Wanca Quechua;Kichwa;Quechua Huanca;Quechua Wanca;Quechua Wanka;Southern Huancayo Quechua;Wanca;Wanca Nunashimi;Wanka Quechua
qvy		Choyo;Zhaba
qvz		Alama;Bobonaza;Bobonaza Quichua;Canelos Quichua;Northern Pastaza Quichua;Pastaza Quichua;Quichua del Oriente;Sarayacu Quichua;Tigre Quechua
qwa		Corongo Ancash Quechua;Corongo Quechua;Llaqwash;Quechua de Corongo
qwc		
qwh		Anqas Qichwa;Huaylas Ancash Quechua;Huaylas Quechua;Nunashimi;Qichwa
qwm		Cuman;Kuman (Russia)
qwm		Cuman;Kuman (Russia)
qwm		Cuman;Kuman (Russia)
qws		Quechua;Quechua de Sihuas;Sihuas Ancash Quechua
qwt		
qxa		Ancash Quechua;Chiquián Ancash Quechua
qxc		Chincha Quechua
qxh		Pachitea Quechua;Panao Huánuco Quechua;Panao Quechua;Panao runacuna;Quechua de Pachitea;Runa shimi
qxl		Kichwa;Runa Shimibi;Runa shimi;Salasaca Highland Quichua;Salasaca Quichua;Salasaca Shimibi;Salasaka;Salasaka Kichwa;Salasaka Quichua;Salasaka shimibi;Salasakamunda Kichwa;Tungurahua Highland Quichua;Tungurahua Quichua
qxn		Conchucos Quechua;Norte Conchucos Quechua;Northern Conchucos Ancash Quechua;Quechua;Quechua de Ancash;Quechua de Pomabamba (Ancash);Quechua del Norte del Callejon de Conchucos;Runa Simi
qxo		Conchucos Quechua;Quechua;Quechua de Conchucos;Quechua del Callejón de Huaylas;Quechua del sur de Conchucos;Quechwa;South Conchucos Quechua;Southern Conchucos Ancash Quechua
qxp		Colla Quechua;Puno Quechua;Qhichwa simi;Qhishwa simi;Quechua Qollaw;Quechua of Collao
qxq		Kashkai;Qashqa'i;Qashqay;Qashqa’i;Qašqāʾī;Turki
qxr		Cañar Highland Quichua;Cañar Quichua;Kichwa;Kichwa Shimi;Quichua de la provincia de Cañar
qxs		Ch’iang;Rrmea;Southern Qiang
qxt		Santa Ana de Tusi Pasco Quechua
qxu		Arequipa Quechua;Arequipa-La Unión Quechua;Cotahuasi Quechua;Qhichwa;Quechua de Arequipa;Quechua de La Unión;Runasimi
qxw		Huanca Jauja Quechua;Jauja Wanca Quechua;Quechua shausha huanca;Shausha Wanka Quechua
qya		
qya		
qya		
qya		
qyp		Mattabesic;Quiripi-Naugatuck;Quiripi-Unquachog;Wampano
raa		Arthare;Arthare-Khesang;Dungmali Puk;Dungmali Pûk;Dungmali-Bantawa;Khesange
rab		Camling;Chamlinge Rai;Rodong
rac		
rad		De;E-De;Edeh;Raday;Rde;Rhade;klei Êđê;Ê Dê
raf		Mewahang;Newahang;Newahang Jimi;Newang;Newange Rai;Western Meohang
rag		Llogole;Llugule;Logooli;Lugooli;Luragoli;Maragoli;Maragooli;Ragoli;Uluragooli
rah		Rava;Rába Katha
rah		Rava;Rába Katha
rai		Duke of York;Ramuaina
raj	mup	Malavi;Mallow;Malvi;Malwada;Malwi
raj		
rak		Bohuai;Bohuai-Tulu;Bowai;Pahavai;Pelipowai;Pohuai
ral		
ram		Kanela
ran		Kimaam
rao		Annaberg;Rao Breri
rap		Easter Island;Pascuense;Rapanui;Vānaŋa Rapa Nui
raq	lii	Lingkhim;Saam Rai;Saama Kha;Sam;Samakha
rar		Cook Island;Kuki Airani;Maori;Māori Kūki ’Āirani;Rarotongan;Te Reo Maori
ras	tie	Orig;Tagale;Tegele;Tekele;Togole;Turjok
rat		
rau		Boto boli;Khamchi;Raji;Rajwar;Rautya;Rautye;Ra’te
rav		Sampang Gun;Sampang Gung;Sampang Kha;Sampange Rai;Sangpang;Sangpang Gun;Sangpang Gîn;Sangpang Kha
raw		Chiutse;Ch’opa;Ganung-Rawang;Kiutze;Krangku;Nung;Nung Rawang;Qiuze;Rvwang;Rvwangka;Taron
raw		Chiutse;Ch’opa;Ganung-Rawang;Kiutze;Krangku;Nung;Nung Rawang;Qiuze;Rawang, Daru-Zerwang;Rvwang;Rvwangka;Taron
raw		Chiutse;Ch’opa;Ganung-Rawang;Kiutze;Krangku;Nung;Nung Rawang;Qiuze;Rawang, Longmi North Mashang Dangraq;Rvwang;Rvwangka;Taron
raw		Chiutse;Ch’opa;Ganung-Rawang;Kiutze;Krangku;Nung;Nung Rawang;Qiuze;Rawang, Longmi South;Rvwang;Rvwangka;Taron
raw		Chiutse;Ch’opa;Ganung-Rawang;Kiutze;Krangku;Nung;Nung Rawang;Qiuze;Rawang, Tangsarr East - Marangdong, Jigong;Rvwang;Rvwangka;Taron
raw		Chiutse;Ch’opa;Ganung-Rawang;Kiutze;Krangku;Nung;Nung Rawang;Qiuze;Rawang, Tangsarr West Dakhum;Rvwang;Rvwangka;Taron
rax		
ray		Rapan;Reo Rapa
raz		Lellewao;Lellewau;Noihe;Wiaoe;Wiau
rbb		Black De’ang;Humai;Ngwe Palaung;Ru-Mai Palaung;Rumai;Rumai Humai;Rumai Palaung;Shan Rumai;Silver Palaung;Tai Rumai;Ta’ang;Ta’ang Rumai
rbk		Bontoc;Central Bontoc;Northern Bontoc;Northern Bontok
rbl		Bikol;Daraga;Miraya;Miraya Bikol
rbp		Baraba Baraba;Baraba-Baraba;Baraparapa;Barappur;Bareber Bareber;Barraba-Barraba;Barrababarraba;Beraba-Beraba;Birraba-Birraba;Boora-Boora;Boorabirraba;Booraboora;Boort;Burabura;Burappa;Burapper;Bureba;Burrabura-ba;Burraburburaba;Burrappa;Burrapper;Burreba-Burreba;Karraba;Perapa-Perapa
rcf		Créole réunionnais;Kréol rénioné;Réunion Creole French
rdb		
rea		
reb		
ree		Rejang Kajan;Rejang Kayan
reg		Kara (Tanzania);Kikara;Kilegi;Kiregi;Regi
rei		Relli
rei		Relli
rej		Djang;Jang;Redjang
rej		Djang;Jang;Redjang
rel		Afi Renꞌdille;Randile;Rendile
rem		Môa Remo;Nucuini;Rheno
ren		Ro-Ngao;Rơngao
rer		
res		Bareshe;Gunga;Gunganchi;Gunganci;Gungawa;Tsureja;Tsureshe;Yaurawa
ret		Retta
rey		Maropa;San Borjano
rga		Roria
rge		Hellenoromani;Romika
rgk		Canpa;Chyanam;Johari;Kyonam;Saukas;Saukiya Khun;Shaukas
rgn		Emiliano-Romagnolo;Rumagnol
rgr		Resígero
rgs		Rai;Southern Roglai
rgu		Eastern Rote;Ringgou;Rote;Rote Timur;Roti;Rotinese
rhg		Rohinga;Rohinja;Ruwainggya
rhg		Rohinga;Rohinja;Ruwainggya
rhg		Rohinga;Rohinja;Ruwainggya
rhg		Rohinga;Rohinja;Ruwainggya
rhp		Ruruhip;Ruruhi’ip;Ya’unk
ria		Bru;Kau Bru;Reang;Riang (India);Tipra
rib		
rie		
rif		Amazige;Arrif;Fifia;Northern Shilha;Rif;Rif Berber;Rifain;Rifeño;Riff;Rifi;Rifia;Rifiya;Ruafa;Shilha;Tamazight;Tamazight n Arrif;Tarifiyt;Tarifyt Berber;Tirifie;Tmazight;Tmaziɣt
rif		Amazige;Arrif;Fifia;Northern Shilha;Rif;Rif Berber;Rifain;Rifeño;Riff;Rifi;Rifia;Rifiya;Ruafa;Shilha;Tamazight;Tamazight n Arrif;Tarifiyt;Tarifyt Berber;Tirifie;Tmazight;Tmaziɣt
rif		Amazige;Arrif;Fifia;Northern Shilha;Rif;Rif Berber;Rifain;Rifeño;Riff;Rifi;Rifia;Rifiya;Ruafa;Shilha;Tamazight;Tamazight n Arrif;Tarifiyt;Tarifyt Berber;Tirifie;Tmazight;Tmaziɣt
ril		Black Karen;Black Riang;Black Yang;Drum;Reu Yaang;Riang;Riang (Myanmar);Yang;Yang Lang;Yang Wan Kun;Yanglam;Yin;Yin Net;Yinnet
rim		Keremi;Kilimi;Kinyaturu;Kiremi;Kirimi;Limi;Remi;Rimi;Turu
rin		Lindiri;Rendre;Rindiri;Rindre;Wamba
rir		
rit		Ridarngo;Ridarngu;Ridharrngu;Ritarnugu;Ritarungo;Ritharngu;Wagelak;Wawilag;Yakuy
riu		Far Eastern Manggarai
rjg		Razong
rji		Ban Raji;Janggali;Phaan Bhaasaa;Phaan Boli;Rajibar;Rawati;Rjya
rjs		Deshi Bhasa;Gangai;Koch;Koche;Rajbangsi;Rajbansi;Tajpuria
rka		Kroul
rkb		Aripaktsá;Canoeiro;Erigbaagtsá;Erigpactsá;Erigpaktsá;Erikbaktsá;Erikbatsá;Erikpatsá;Orelhas de Pau;Rikpakcá;Rikpaktsá
rkh		Manihiki-Rakahanga
rki	ccq;ybd	Arakanese;Rakhain;Rakhaing;Rakkhaine
rki		Arakanese;Rakhain;Rakhaing;Rakkhaine
rkm		Dafing;Marka Dafing;Marka-Dafin;Meka
rkt		Anchalit Bangla;Bahe;Bahe Bangla;Deshi Bhasa;Dhekia;Dhekri;Goalparia;Kamata;Kamta;Kamtapuri;Koch Rajbanshi;Polia;Rajbangsi;Rajbanshi;Rajbansi;Rajbongshi
rkw		Coo-al;Gundurimba;Jawhumjeri;Kawhul;Kogung;Naiang;Njung;Nyung;Tugurimba;Yawkum-yere
roh		Rhaeto-Romance;Rheto-Romance;Romanche;Romansch;Rumantsch
rma		
rmb		Kaltuy;Rainbargo;Rembarnga;Rembarranga;Rembarrunga;Rembarunga
rmc		Bashaldo;Carpathian Romani;Central Romani;Hungarian-Slovak Romani;Karpacki Roma;Romanes;Romani;Romani cib;Romaňi Čhib Slovensko;Romungro;Servika Roma;Slovak Roma;South Polish Romani;Sárvika Romá;Ungrike Romá
rmc		Bashaldo;Carpathian Romani;Central Romani;Hungarian-Slovak Romani;Karpacki Roma;Romanes;Romani;Romani cib;Romaňi Čhib Slovensko;Romungro;Servika Roma;Slovak Roma;South Polish Romani;Sárvika Romá;Ungrike Romá
rmd		Rodi;Rotwelsch
rme		Anglo-Romani;English Romani;Gypsy Jib;Para-Romani;Pogadi Chib;Posh ‘N’ Posh;Romanes;Romani;Romani English;Romani Mixed Dialect;Romanichal;Romanis;Romano Lavo;Romany;Rummaness
rmf		Fíntika Rómma;Kaalengo tšibbaha;Kaalo;Kalo Finnish Romani;Kalé;Roma
rmg		Norwegian Traveller;Rodi;Scandoromani;Traveller Norwegian
rmh		
rmi		Armenian Bosa;Armenian Bosha;Bohçaci;Bosha;Boša;Elekçi;Lom;Lomca;Posha;Çingan;Çingene
rmk		Iski;Olvɨeŋgɨ In’ambreŋgɨ;Romaken;Romkuin
rml		Balt Romani;Balt Slavic Romani;Baltic Romani;Baltic Slavic Romani;Roma;Romani
rml		Balt Romani;Balt Slavic Romani;Baltic Romani;Baltic Slavic Romani;Roma;Romani
rmm		Romang
rmn		Balkan Romani;Balkaniko Romanes;Gypsy;Roma;Romani;Romani ćhib
rmn		Balkan Romani;Balkaniko Romanes;Gypsy;Roma;Romani;Romani ćhib
rmn		Balkan Romani;Balkaniko Romanes;Gypsy;Roma;Romani;Romani ćhib
rmo		Manouche;Manuche;Manuš;Romanes;Romani;Sasítka Romá;Sinte;Sinte Romani;Sinti;Sintitikes;Sinto-Manush;Tsigane;Zigeuner
rmp		Aic;Ai’;A’e;Erempi;Rempin
rmq		Calão;Caló Romani;Chibi;Gitano;Hispanoromani;Iberian Romani;Roma;Romanó;calé
rms		LMGR;LSR;Limba semnelor române;Limbajul mimico-gestual romanesc;Limbajul semenelor romanesc
rmt		Barake;Dom;Gypsy;Kurbat;Middle Eastern Romani;Mıtrıp;Nawar;Nawari;Near-Eastern Gypsy;Qurbāti;Tsigene
rmu		Resande Romani;Roma;Romani;Rommani;Scandoromani;Svensk Rommani;Tavringer Romani;Traveller Swedish
rmv		
rmw		Kååle;Roma;Romani;Romnimus;Voshanange Kalá;Walsenenge Kale;Welsh Romani
rmx	lmm	Ro Mam
rmz		Arkanese-Marma;Mraima
rmz		Arkanese-Marma;Mraima
run		Hima;Ikirundi;Kirundi;Urundi
run		Hima;Ikirundi;Kirundi;Urundi
rnb		
rnd		Chilu Wunda;Chiluwunda;Kilunda;Kiluunda;Lunda Kambove;Lunda-Kamboro;Luunda;Luwunda;Muatiamvua;Northern Lunda;Ru-unda;Ruwund;Uruund
rng		GiRonga;Gironga;Rhonga;ShiRonga;Shironga;XiRonga;Xirhonga;Xironga
rnl		Langlo;Langlong;Langlu;Langrong;Lengreng;Riam chong;Ronglong
rnn		Ron
rnp		Rang Po Bhasa;Rangkas;Rangpa
rnr		Nari-Nari;Narinari;Narri-Narri
rnw		Ichirungwa;Icilungwa;Kirungwa;Lungwa;Nyalungwa;Runga
ron		Daco-Romanian;Daco-Rumanian;Limba română;Moldavian;Moldovan;Româneşte;Română;Roumanian;Rumanian
ron		Daco-Rumanian;Limba română;Moldavian;Moldovan;Română;Roumanian;Rumanian
ron		Daco-Romanian;Daco-Rumanian;Moldavian;Moldovan;Română;Roumanian;Rumanian
ron		Daco-Romanian;Daco-Rumanian;Limba română;Moldavian;Moldovan;Româneşte;Română;Roumanian;Rumanian
ron		Daco-Rumanian;Limba română;Moldavian;Moldovan;Roumanian;Rumanian
rob		East Toraja;Luwu-Rongkong;Luwu’;Rongkong;Rongkong-Luwu;Tae';Taeq;Tae’ Tae’;Toala’;Toraja;Toraja Timur;Toware
roc		Cacgia Roglai;Ra-Glai;Roglai
rod		Burogo;Shiyabe;Toshiyabe;TɔRɔgɔ;Ucanja Kamuku;Urogo
roe		Gali;Roinji;Ronji
rof		Kirombo
rog		Adlai;La-Oang;Noang;Northern Roglai;Ra-Glai;Radlai;Rang Glai;Rayglay
rol		Basi;Ini;Niromblon;Rombloanon;Romblon;Rumblumãnun;Tiyad Ini
rom	rmy	Beás;Cigány;Danubian;Gitano;Gurbéti;Gypsy;Rom;Roma;Romanes;Romanese;Romani;Romani cib;Romani shib;Romani, Vlax;Romanés;Tsigene;Tsingani;Vlax;Vlax Romany
rom		
rmy		Beás;Cigány;Danubian;Gitano;Gurbéti;Gypsy;Rom;Roma;Romanes;Romanese;Romani;Romani cib;Romani shib;Romany;Romanés;Tsigene;Tsingani;Vlax;Vlax Romany
roo		Asiagao reo;Rotokas reo
rop		Roper-Bamyili Creole
ror		
rou		Aiki;Ayki;Aykindang;Rounga;Roungo;Runga de Ndele
row		Dela;Delha;Oe Nale;Rote;Rote Barat;Rote Dela;Roti;Rotinese;Western Rote
rpn		
rpt		
rri		
rrm		
rro		Roro
rrt		Arangit;Arariniti;Aratingiti;Aratiniti;Aretinngit;Aridingidigh;Aridinngidhigh;Aritingiti;Aritinngayth;Aritinngithig;Aritinŋayt;Aritinŋit̯iγ;Arraythinngith;Arreythinwum;Arrithinngayth
rsb		Tent Gypsy
rsi		
rsk		Pannonian Rusyn;Rusnak;Rusnatski
rsl		AzSL;Azerbaijan Sign Language;Azerbaijani Sign Language;Azeri Sign Language;Azərbaycan işarət dili;Belarusian Sign Language;GeSL;Georgian Sign Language;Kazakh Sign Language;Kazakhstan Sign Language;Kyrgyz Sign Language;Kyrgyzstan Sign Language;RSL;TSL;Tajik Sign Language;Tajikistan Sign Language;Turkmen Sign Language;Turkmenistan Sign Language;Uzbek Sign Language;Uzbekistan Sign Language
rsm		Fingertalk;MwSL
rsn		Amarenga yo mu Rwanda;Amarenga y’Ikinyarwanda;RSL;Rwanda Sign Language
rsw		Ashiwa;Kishiwa;Rishua;Rishuwa
rtc		Rungtu;Rungtu Chin;Taungtha
rth		Bentenan;Pasan;Toratan;Toratán
rtm		Rotuna;Rutuman
rts		Yurak
rtw		Bal-La;Kohelia;Rathwi
rus		Eluosi;Krievu;Okhu-in;Olossu;Rosiysʹkyy;Rossiya;Rosyjski;Rusija;Rusijos;Russ;Russit
rus		Eluosi;Krievu;Okhu-in;Olossu;Rosiysʹkyy;Rossiya;Rosyjski;Rusija;Rusijos;Russ;Russit
rub		Lugungu;Rugungu
ruc		Baruli;Luduuli;Ruli;Ruluuli;Ruluuli-Runyala;Rurulim;Ruuli;Ruuli-Nyala
rue		Carpathian;Carpatho-Rusyn;Lemko;Rusinskiy yazyk;Ruthenian
rue		Carpathian;Carpatho-Rusyn;Lemko;Rusinskiy yazyk;Ruthenian
ruf		Cilugulu;Guru;Ikiruguru;Kiluguru;Kiruguru;Lughuru;Lugulu;Ruguru
rug		Robiana;Rubiana;Ruviana
ruh		
rui		
ruk		Bace;Bache;Ce;Che;Inchazi;Kuche;Rukuba;Sale
ruo		Istrio-Romanian;Istro Romanian;Istro-Romanian;Roma;Romani;Rumârește;Rumêri-kuvinta;Vlășește
rup		Armani;Armina;Armini;Aromunian;Arumanian;Arumanisht;Arumenian;Arumun;Macedo;Macedo Romania;Macedo Romanian;Macedo-Romanian;Macedo-Rumanian;Romanian;Vlach;Vlav
rup		Armani;Armina;Armini;Aromunian;Arumanian;Arumanisht;Arumenian;Arumun;Macedo;Macedo Romania;Macedo Romanian;Macedo-Romanian;Macedo-Rumanian;Romanian;Vlach;Vlav
ruq		Meglenite;Meglenitic;Megleno Romanian
rut		Knovtsy;Mukhad;Myhadbyr;Myhynnynydy-ch’al;Myxʼabišdy čʼel;Rutal;Rutultsy;Rutuly
rut		Knovtsy;Mukhad;Myhadbyr;Myhynnynydy-ch’al;Myxʼabišdy čʼel;Rutal;Rutultsy;Rutuly
ruu		Keningau Lobu;Lanas Lobu;Lobu
ruy		Amala;Mala;Mala (Nigeria);Rumaiya;Rumaya;Tumala
ruz		Arumaruma;Bagwama;Rurama;Ruruma;Turama;Turuma
kin		Bafumbira;Banyarwanda;Fumbira;Hima;Ikinyarwanda;Orunyarwanda;Ruanda;Rufumbira;Runyarwanda;Rwanda;Rwandan;Urunyaruanda
kin		Bafumbira;Banyarwanda;Fumbira;Hima;Ikinyarwanda;Orunyarwanda;Ruanda;Rufumbira;Runyarwanda;Rwanda;Rwandan;Urunyaruanda
rwa		Poko;Poko-Rawo
rwk		Kimeru;Kirwa;Kirwo;Mero;Meru;Rwo
rwl		Kiruwila;Luwila;Luwira;Lwila;Lwira;Rwila;Waruwila
rwm		Amba (Uganda);Baamba;Bulebule;Hamba;Hambo;Humu;KiHumu;Kihumu;Ku-Amba;Kuamba;Kwamba;Lubulebule;Lwamba;Ruwenzori Kibira;Rwamba
rwo		Erawa;Erewa;Raua;Rawa mande
rwo		Erawa;Erewa;Raua;Rawa mande
rwr		Marrubhasha;Marvadi;Marvari;Marwadi;Marwari (India);Rajasthani;Rajsthani
rwr		Marrubhasha;Marvadi;Marvari;Marwadi;Marwari (India);Rajasthani;Rajsthani
rxd		Boonara;Bunara;Buruwatung;Kolo;Kukuruba;Manggai;Munga;Ngadi;Ngardily;Ngari;Ngarti;Ngartily;Nyardi;Panara;Puruwantung;Waiangadi;Waiangara;Waiangari;Wain-gara;Walmala;Wanayaga;Warangari;Waringari;Wommana;Woneiga
rxw		Gara-wali;Garuwali;Goore;Karawalla;Karorinje;Kuriwalu;Kurrawulla;Midhaga;Mithaka
ryn		Northern Amami-Oshima;Northern Amami-Osima;Oosima;Oshima;Osima
rys		Yayeyama
ryu		Central Okinawan;Luchu;Okinawan;Uchinaguchi
rzh		Jabal Razih;Rāziḥīt;S-samrit;Samrah Rāziḥīt;Samrit Rāziḥ
san	cls;vsn	Deva Bhasha;Deva vani;Sanskrit bhasha
san		Deva Bhasha;Deva vani;Sanskrit bhasha
san		Deva Bhasha;Deva vani;Sanskrit bhasha
san		Deva Bhasha;Deva vani;Sanskrit bhasha
san		Deva Bhasha;Deva vani;Sanskrit bhasha
san		Deva Bhasha;Deva vani;Sanskrit bhasha
san		Deva Bhasha;Deva vani;Sanskrit bhasha
san		Deva Bhasha;Deva vani;Sanskrit bhasha
san		Deva Bhasha;Deva vani;Sanskrit bhasha
san		Deva Bhasha;Deva vani;Sanskrit bhasha
san		Deva Bhasha;Deva vani;Sanskrit bhasha
san		Deva Bhasha;Deva vani;Sanskrit bhasha
san		Deva Bhasha;Deva vani;Sanskrit bhasha
san		Deva Bhasha;Deva vani;Sanskrit bhasha
san		Deva Bhasha;Deva vani;Sanskrit bhasha
san		Deva Bhasha;Deva vani;Sanskrit bhasha
saa		Jelkung;Saba Sorki;Saɓɓoŋ
sab		Bobota;Bofota;Bugle;Muoy;Murire;Nortenyo
sac		Meshkwahkihaki;Mesquakie;Sac and Fox;Sauk-Fox
sad		Kisandawe;Kissandaui;Sandaui;Sandaweeki;Sandawegki;Sandawi;Sandawso;Sandwe
sae		Sabanês;Sabones;Sowainte
saf		Safalaba;Safalba;Safale̱ba;Safali
sah		Sakha;Yakut-Sakha
sah		Sakha;Yakut-Sakha
sah		Sakha;Yakut-Sakha
saj		Sahu’u;Sau;Sa’u
sak		Asake;Shake
sam		Shamerim
sam		Shamerim
sam		Shamerim
sao		Seuce
saq		Burkeneji;E Lokop;Lokop;Nkutuk;Sambur;Sampur
sar		
sas		Lombok
sas		Lombok
sas		Lombok
sat		Har;Har Rar;Hor;Sainti;Samtali;Sandal;Sangtal;Santal;Santali;Santhal;Santhiali;Satar;Sentali;Sonthal
sat		Har;Har Rar;Hor;Sainti;Samtali;Sandal;Sangtal;Santal;Santali;Santhal;Santhiali;Satar;Sentali;Sonthal
sat		Har;Har Rar;Hor;Sainti;Samtali;Sandal;Sangtal;Santal;Santali;Santhal;Santhiali;Satar;Sentali;Sonthal
sat		Har;Har Rar;Hor;Sainti;Samtali;Sandal;Sangtal;Santal;Santali;Santhal;Santhiali;Satar;Sentali;Sonthal
sat		Har;Har Rar;Hor;Sainti;Samtali;Sandal;Sangtal;Santal;Santali;Santhal;Santhiali;Satar;Sentali;Sonthal
sau		Hatue;Sawai;Seleman;Wahai
sav		Saafen;Saafi;Safen;Safi;Safi-Safi;Sereer Saafen;Serer-Safen;Serere-Saafen
sav		Saafen;Saafi;Safen;Safi;Safi-Safi;Sereer Saafen;Serer-Safen;Serere-Saafen
saw		Aejauroh;Sawuy
sax		Dlo Kêt;Ponorwol;Saa;South Pentecost Language
say		Sayanci;Sayara;Sayawa;Seiyara;Seya;Seyawa;Vigzar;Vìk Zaar;Zaar;Zar;Za’r
saz		Palkar;Patnuli;Saurashtra;Saurashtri;Sowrashtra
saz		Palkar;Patnuli;Saurashtra;Saurashtri;Sowrashtra
saz		Palkar;Patnuli;Saurashtra;Saurashtri;Sowrashtra
saz		Palkar;Patnuli;Saurashtra;Saurashtri;Sowrashtra
sba		Gamb-Lai;Gamba;Gambai;Gambaye;Gamblai;Ngambai;Sara;Sara Ngambai;Sara-Ngambay
sbb		Madeggusu;Mandeghughusu;Sibo
sbc		Gele’;Kele (Papua New Guinea)
sbd		Sa;Samo;San;San Maka;Sane;Southern Samo
sbe		Saliba-Logea;Sariba
sbf		
sbg		Moi;Seget
sbh		
sbi		
sbj		Sourbakhal
sbk		Cisafwa;Ishisafwa;Kisafwa;Shisafwa
sbl		Aeta Negrito;Aeta Sambal;Botolan;Botolan Sambal;Botolan Zambal;Sambal Botolan
sbm		Kisagala;Kisagara;Sagalla;Sagara;Saghala;Southern Kisagala
sbn		Meghwar Bhil
sbo		
sbp		Ishisango;Ishisangu;Kisangu;Lori;Rori;Sangi;Sango;Sangu (Tanzania);Shisango;Shisangu
sbq		Sileibi
sbr		Sembakoeng;Sembakong;Sembakung Murut;Simbakong;Tenggalan;Tidoeng;Tidong;Tidung;Tingalan;Tingalun;Tinggalan;Tinggalum
sbs		Chikuahane;Chikuhane;Chikwahane;Ciikuhane;Echisubia;Ikuhane;Kuahane;Kwahane;Mbalangwe;Sesubea;Sesubiya;Subia;Subiya;Supia
sbt		Aipki;Kimgi;Sukubatom;Sukubatong
sbu		Lahul Bhoti;Stod;Stod-Kad;Tod;Tod-Kad
sbu		Lahul Bhoti;Stod;Stod-Kad;Tod;Tod-Kad
sbv		
sbw		Gehimba;Ghehimba;Ghehimbaka;Himba;Himbaka;Nsindak
sbx		
sby		Chisoli;Cisoli
sbz		Ta Sara
srd	src	Central Sardinian;Logudorese;Sard;Sardarese;Sardinian, Logudorese
scb		May;Ruc;Sach;Salang
sce		Santa;Tung;Tunghsiang
sce		Santa;Tung;Tunghsiang
scf		San Miguel Creole French
scg		
sch		Khelma;Sakechep
sci		Java Jati;Melayu Bahasa;Sri Lankan Creole Malay;Sri Lankan Malay
sck		Chota Nagpuri;Dikku Kaji;Ganwari;Gauuari;Gawari;Goari;Jharkhandhi;Kisan;Nagpuri;Nagpuria;Sadan;Sadana;Sadani;Sadati;Sadhan;Sadhani;Sadhari;Sadna;Sadrias Khatoya;Sadrik;Santri;Siddri;Sradri
sck		Chota Nagpuri;Dikku Kaji;Ganwari;Gauuari;Gawari;Goari;Jharkhandhi;Kisan;Nagpuri;Nagpuria;Sadan;Sadana;Sadani;Sadati;Sadhan;Sadhani;Sadhari;Sadna;Sadrias Khatoya;Sadrik;Santri;Siddri;Sradri
scl		Brokpa;Shinaki;Sina
scl		Shinaki;Sina
scn		Calabro-Sicilian;Sicilianu;Siculu
sco		Braid Scots;Lallans;Scotch;Ullans;Ulster-Scotch;Ulster-Scots
sco		
scp		Helambu Sherpa;Hyolmo Tam;Yholmo;Yohlmo;Yolmo
scq		Chorng;Chu’ung;Khamen Padong;Padong Khmer;Sa'och;Ut
scs		Dene;Dene Ke’de’;Esclave du Nord;Mackenzian;North Slavey;Sahtúot’ı̨nę Yatı̨́;Satúotine Yatí
scs		Dene;Dene Ke’de’;Esclave du Nord;Mackenzian;North Slavey;Sahtúot’ı̨nę Yatı̨́;Satúotine Yatí
sct	kgd	Kataang Rueal;Katang;Katang Rueal;Southern Katang
scu		Central Kinnauri;Shumcu;Sumcho;Sumchu;Sumtsu;Thebarskad;Thebor;Thebör Skadd
scv	zir	Seni;Shaini;Shani;Shenanci;Shenne;anaSeni;tiSeni
scw		Sha
scx		
snd		
snd		
snd		
snd		
snd		
snd		
sda		Basa Toraya;Basa Tora’a;Sada;Sadan;Sadang;Sa’dan;Sa’dansche;South Toraja;Taeq;Tae’;Toradja;Toraja;Toraja-Sa'dan
sdb		Macho
sdc		Northwestern Sardinian;Sassarese;Sassarese Sardinian
sde		Fiti;Skrubu;Srubu;Surubu;Tivori;Zurubu
sdf		Sarli;Sarliya
sdg		Sau;Sauji;Sawi
sdh		Feyli;Khanaqini;Kurdî Xwarîn;Pehlewaní;Southern Kurdish
sdj		Kissoundi;Kisundi;Kisuundi;Soundi;Suundi de Kifouma;Suundi de Kimongo
sdk		Agbane;Agbanekundi;Akbana;Gaikundi;Soskundi
sdl		
sdm		
sdn		Gallurese;Gallurese Sardinian;Northeastern Sardinian
sdo		Bidayuh, Bukar-Sadong;Bidayŭh Bukar-Sadung;Buka;Bukar;Bukar Sadong;Bukar Sadung Bidayah;Bukar-Sadong Bidayuh;Bukar-Sadung Bidayuh;Sabutan;Sadong;Serian;Tebakang
sdp		Mey;Ngnok;Shertukpen
sdq		Semanang;Semandang-Kualan;Simpang
sdr		Oraon Sadri;Pahan
sdr		Oraon Sadri;Pahan
sdr		Oraon Sadri;Pahan
sds		
sdt		Judeo-Comtadine;Judeo-Provençal;Shuadi
sdu		Doda’
sdx		Seduan-Banyok;Sibu;Sibu Melanau;Siduan;Siduani
sdz		Sallan;Salland
sme		Davvin;Davvisámegiella;North Sámi;Northern Lapp;Northern Saami;Northern Sami;Norwegian Saami;Saame;Saami;Same;Samic;Sámegiella
sme		Davvin;Davvisámegiella;North Sámi;Northern Lapp;Northern Saami;Northern Sami;Norwegian Saami;Saame;Saami;Same;Samic;Sámegiella
sme		Davvin;Davvisámegiella;North Sámi;Northern Lapp;Northern Saami;Northern Sami;Norwegian Saami;Saame;Saami;Same;Samic;Sámegiella
sea		Semay;Sengoi;Seng’oi;Senoi
seb		Gbajere;Shempire Senoufo;Shenpire;Syempire
sec		She Shashishalhem;She shashishalhem
sed		Cadong;Dadang;Dang;Hadang;Hdang;Hotea;Hoteang;Kmrang;Rotea;Roteang;Tang;Xa;Xodang;rơtéang
see		Onödowá’ga:
sef		Cebaara Senoufo;Senadi;Senari;Senã́rì;Syenere;Sénoufo-Sénanri;Tiebaara;Tyebala
seg		Kisegeju;Sageju;Sengeju
seh		Chisena;Cisena
seh		Chisena;Cisena
sei		Cmiique Iitom;Comcaac;Comcáac;Comcáackg;Concaac;Concáac;Congcaac;Cuncaac;Komkak;Konkaak;Kunkaahac;Kunkaak;Könkáak
sej		
sek		Tsek’ehne;Tsek’ene;Tsek’hene;Tse’khene
sek		Tsek’ehne;Tsek’ene;Tsek’hene;Tse’khene
sel		Central Selkups;Chumyl’ Khumyt;Northern Selkups;Ostyak Samoyed;Shöl Khumyt;Shösh Gulla;Syusugulla
sen		Naani;Nandereke;Nandergé;Nanergué;Nanergé;Nanerige;Nanerigé Sénoufo
seo		Akiapmin;Asabano;Duranmin;Suarmin;Sugamin
sep		Sucite;Sìcijuungé;Sìcìré;Sìcìté;Sìcìté Sénoufo;Sìpììté;Sǝ̀cǝ̀té;Tagba
seq		Niangolo;Senara Sénoufo;Sénoufo
ser		
ses		East Songhay;Gao Songhay;Koyra Senni;Koyra Senni Songhay;Koyraboro Senni Songhai;Songai;Songay Senni;Songhai;Songhay;Songoi;Songoy;Sonrai;Sonrhai
set		Buyaka
seu		Arui
sev		Niafolo;Niarafolo;Nyarafolo Senoufo;Nyaʔafolido
sew		Duau Pwata
sey		Aido Pãi;Encabellao;Pai Coca;Pai Koka;Paikoka;Pãi kokua;Secoya;Siona-Secoya
sez		Hsemtang;Sentang;Senthang Chin
sfb		LSBF;LSFB;Langue des signes belge francophone;Langue des signes de Belgique Francophone
sfe		Eastern Subanen;Guinselugnen;Salugnen
sfm		Atse;Gha-Mu;Ghab-Mvb Ghab-Svd;Ghuab-Hmongb Ghuab-Soud;Hsiao Hwa Miao;Small Flowery Miao;Xiao Hua Miao
sfs		SASL
sfw		Asahyue;Sefwi;Sehwi
sag		Sangho;Sängö
sga		
sga		
sgb		Anchi;Antsi;Ayta Mag-Antsi;Ayta Mag-anchi;Mag-Anchi Ayta;Mag-Anchi Sambal;Mag-antsi Ayta
sgc		Kalenjin;Kipsiikis;Kipsikiis;Kipsikis
sgd	sul	Cantilangnon;Jaon-Jaon;Jaun-Jaun;Sinurigao;Waya-Waya
sge		Ga’ay;Menggae;Segayi
sgg		DSGS;Deutschschweizer Gebärdensprache;Deutschschweizerische Gebärdensprache;Natürliche Gebärde
sgh		Khughnani;Khughni;Khughnoni;Khugnone;Pomiray;Shighnani;Shighni;Shughnani;Shughnoni;Shugnan-Rushan;Shugni;Xuǧnůn ziv
sgh		Khughnani;Khughni;Khughnoni;Khugnone;Pomiray;Shighnani;Shighni;Shughnani;Shughnoni;Shugnan-Rushan;Shugni;Xuǧnůn ziv
sgh		Khughnani;Khughni;Khughnoni;Khugnone;Pomiray;Shighnani;Shighni;Shughnani;Shughnoni;Shugnan-Rushan;Shugni;Xuǧnůn ziv
sgi		Baghap;Galim;Ssuga;Suga
sgj		Suraji;Surguja;Surgujia-Chhattisgarhi;Surjugia
sgk		Buxia
sgm		Cula;Logang;Lusinga
sgn		
sgp		Jingphaw;Kachin;Sing-Fo
sgr		Mahdi Shahri;Mehdishahri;Sangesari;Sangsari;Sengiseri;Sengsari;Sängesäri;Sängsari;Sängsäri
sgs		Lowland Lithuanian;Zhemaitish;Žemaitis;Žemaitiu;Žemaitiškai;Žemaičiai;Žemaičių
sgt		Brokpa;Dakpa;Damilo;Dap;Drokpakay;Jobikha;Mera Sagtengpa;Meragsagstengkha;Mira Sagtengpa;Sagtengpa
sgu		Lenkaitahe;Liambata;Salas Gunung
sgw		
sgx		
sgy	sgl	Dargi
sgz		
hbs		
sha		
shb		Crichana;Jawaperi;Jawari;Kasrapai;Shiriana;Shiriana Casapare;Xirianá;Xirixana;Yanam;Yanam–Ninam;Yanomami Ninam
shc		Kilua;Kiluwa;Kisonde;Kisondi;Kisoonde;Soonde
shd		Apeen Bol
she		
shg		Mashuakwe;Sesarwa;Shua-Khwe;Shuakhwena;Tshumakwe
shh		Neme ta̲i̲kwappe;Shoshone;Sosoni’ ta̲i̲kwappe
shi		Chleuh;Shilha;Soussiya;Southern Shilha;Susiya;Tachelheit;Tachilhit;Tashelhait;Tashelhayt;Tashelheit;Tashelheyt;Tashelhit;Tashilheet;Tashlhiyt;Tasoussit;Tašlḥiyt
shi		Chleuh;Shilha;Soussiya;Southern Shilha;Susiya;Tachelheit;Tachilhit;Tashelhait;Tashelhayt;Tashelheit;Tashelheyt;Tashelhit;Tashilheet;Tashlhiyt;Tasoussit;Tašlḥiyt
shi		Chleuh;Shilha;Soussiya;Southern Shilha;Susiya;Tachelheit;Tachilhit;Tashelhait;Tashelhayt;Tashelheit;Tashelheyt;Tashelhit;Tashilheet;Tashlhiyt;Tasoussit;Tašlḥiyt
shj		Caning;Ikä Caning
shk		Chulla;Colo;Cøllø;Dhocolo;Dhog Collo;Dhøg Cøllø;Shulla
shk		Chulla;Colo;Cøllø;Dhocolo;Dhog Collo;Dhøg Cøllø;Shulla
shl		Khieng;Khyen;Sandu;Shandu
shm		Koluri
shn		Burmese Shan;Dehong;Dehong Dai;Great Thai;Sam;Sha;Shan Bama;Shan Gyi;Tai;Tai Long;Tai Luang;Tai Shan;Tai Yai;Tai Yay;Tai-Lon;Thai Yai;Thai Yay
shn		Burmese Shan;Dehong;Dehong Dai;Great Thai;Sam;Sha;Shan Bama;Shan Gyi;Tai;Tai Long;Tai Luang;Tai Mau;Tai Shan;Tai Yai;Tai Yay;Tai-Lon;Thai Yai;Thai Yay
shn		Burmese Shan;Dehong;Dehong Dai;Great Thai;Sam;Sha;Shan Bama;Shan Gyi;Tai;Tai Long;Tai Luang;Tai Shan;Tai Yai;Tai Yay;Tai-Lon;Thai Yai;Thai Yay
shn		Burmese Shan;Dehong;Dehong Dai;Great Thai;Sam;Sha;Shan Bama;Shan Gyi;Tai;Tai Long;Tai Luang;Tai Shan;Tai Yai;Tai Yay;Tai-Lon;Thai Yai;Thai Yay
sho		Shangawa;Shonga;Shongawa
shp		Caliseca;Chama;Manamabobo;Manava;Shipibo-Konibo;Sinabo;Xipibo
shq		
shr		Kishi;Mashi;Nyabungu
shs		Secwepemc;Secwepemctsín
sht		Sastean;Shastan
shu		Al-arabi al-Tachaadi;Arabe Choa;Arabic, Shuwa;Arabic, Western Sudanic;Baggara Arabic;Chad Arabic;Chadian Arabic;Chadian Spoken Arabic;Chadic Arabic;Choa;Chowa;L’arabe du Tchad;Shoa;Shoa Arabic;Shua;Shua Arabic;Shuwa;Shuwa Arabic;Suwa;West Sudanic Arabic;Western Sudanic Arabic
shu		Al-arabi al-Tachaadi;Arabe Choa;Arabic, Shuwa;Arabic, Western Sudanic;Baggara Arabic;Chad Arabic;Chadian Arabic;Chadian Spoken Arabic;Chadic Arabic;Choa;Chowa;L’arabe du Tchad;Shoa;Shoa Arabic;Shua;Shua Arabic;Shuwa;Shuwa Arabic;Suwa;West Sudanic Arabic;Western Sudanic Arabic
shv		Ehkili;Geblet;Jibali;Jibbali;Qarawi;Sehri;Shahari;Sheret;South Arabian
shw		Cwaya;Ludumor;Shirumba;Shuway
shx		Ho Nte;Huo Nte
shy		Aurès;Awras;Chaoui;Chaouia;Chawi;Shawia;Shawiya;Tacawit
shy		Aurès;Awras;Chaoui;Chaouia;Chawi;Shawia;Shawiya;Tacawit
shy		Aurès;Awras;Chaoui;Chaouia;Chawi;Shawia;Shawiya;Tacawit
shz		Sanar;Senar;Senare;Senari;Shenar;Shenara;Shennara;Syenara;Syenara Senoufo
sin		Chingalese;Cingalese;Singhala;Singhalese;Sinhalese
sin		Chingalese;Cingalese;Singhala;Singhalese;Sinhalese
sia		Ahkkil;Ah’kel’ kill;Akg’-jav’r kill;Akkala Sami;Babino;Babinsk;Äh’k’el’ k’ell;Äh’k’el’säm’ k’ell;Äh’k’el’säm’la
sib		Cebop;Sabup;Sebob;Sibop
sid		
sid		
sie		Makoma
sif		Seme;Siemu;Siémou;Syémou;Sému;Sɛmɛ
sig		Funsile;Paasaal Sisaala;Pasaal;Pasaale;Pasaale Sisaala;Sisaala-Pasaale;Southern Sisaala
sih		Nere;Siche;Sirhe;Yirhe;Yirhee;Ziche;Zira;Zire
sii		Shobang;Shom Pen;Shompen;Shompeng
sij		Siboma;Sipoma
sik		Chikena;Chiquena;Chiquiana;Shikiana;Sikiuyana;Sikiyana;Sikiâna;Sikïiyana;Tshikiana;Xikiyana;Xikujana
sil		Eastern Sisaala;Hissala;Isaalang;Isaalung;Isaalɩŋ;Issala;Sisaala Tumulung;Sisaaliŋ Tumuluŋ;Sisai;Sisala Tumu;Tumulung Sisaala
sim		Mende (Papua New Guinea);Seim
sip		Bhutia;Dandzongka;Danjongka;Danyouka;Denjong;Denjong-skad;Denjongke;Denjongkha;Denjongkä;Denjongpa;Denjonka;Denjonke;Denzong Ke;Denzongke;Denzongpe Ke;Denzongpeke;Dranjoke;Dranjongke;Drendzongké;Lachengpa;Lachungpa;Lhoke;Sikami;Sikkim Bhotia;Sikkim Bhutia;Sikkimese Bhutia
siq		
sir		Siranci;Sirawa;Siryanci
sis		Lower Umpqua;Siuslawan
siu		Galu;Metru
siv		Latoma;Smajof;Sogoba;Sohoba;Togoba
siw		Siuai;Siuwai;Siwai
six		Garia;Kari;Sumau-Garia
siy		
siz		Jlan n Isiwan;Oasis Berber;Sioua;Siwa;Zenati;ijlaan n siwaan
siz		Jlan n Isiwan;Oasis Berber;Sioua;Siwa;Zenati;ijlaan n siwaan
siz		Jlan n Isiwan;Oasis Berber;Sioua;Siwa;Zenati;ijlaan n siwaan
sja		Cholo;Embena;Embera;Emberá;Emberá Chami;Emberá del Sur;Emberá-Saija;Epena Pedee Saija;Epena Saija;Epená Saija;Epera Pedede;Eperara;Eperã pedee;Epéna Pedée;Saija;Siapedie;Southern Embera;Southern Empera;Southern Epena;Êpera
sjb		Sajau;Sujau
sjc		Shao-Jiang Min;Shaojiang Chinese
sjc		Shao-Jiang Min;Shaojiang Chinese
sjc		Shao-Jiang Min;Shaojiang Chinese
sjd		Eastern Sámi;Kildin Sami;Kildin Sámi;Kola Sámi;Saam;Saami
sje		Arjeplog Saami;Bidumsáme;Bidumsámegiella;Pite;Pite Sami;Saami
sjg		Asong;Assoungor;Asungore;Azanguri;Bognak-Asungorung;Goran;Madungore;Soungor;Sungor
sjg		Asong;Assoungor;Asungore;Azanguri;Bognak-Asungorung;Goran;Madungore;Soungor;Sungor
sjk		Kemi Sami;Kemi Sámi
sjl		Sajalong
sjm		Bajau Kagayan;Cagayan;Cagayan de Sulu;Cagayanen;Cagayano;Cagayanon;Jama Mapun;Kagayan;Orang;Orang Cagayan;Pallun Mapun;Pellun Mapun;Pullun Mapun;Sama Mapun
sjn		
sjn		
sjo		Sibe;Sibin;Sibo;Xibo
sjo		Sibe;Sibin;Sibo;Xibo
sjo		Sibe;Sibin;Sibo;Xibo
sjo		Sibe;Sibin;Sibo;Xibo
sjp		Deshi Bhasa;Sura;Surajpuri
sjp		Deshi Bhasa;Sura;Surajpuri
sjr		Lak;Lamassa;Lambom;Siar;ep warwar anun dat
sjs		Senhaja De Srair;Senhaja de Srair;Senhaja de Srayer Berber;Senhajiya;Shelha;Shelha n Jbala;Shilha;Shilha Barbarya;Shilha n Jbala;Tajeblit;Tamazight;Tamazight n Jbala;Tasenhajit;Ššelḥa
sjt		Saam;Saami;Ter Sami
sju		Saami;Ubmejensámien giella;Ume;Ume Sami;Umesamisk;Umesamiska;Uumajansaame
sjw		Saawanwaatoweewe;Savannah;Sewanee;Shawano
slk		Slovakian;Slovenský Jazyk;Slovenčina
slk		Slovakian;Slovenský Jazyk;Slovenčina
ska		Swinomish;Tulalip
skb		Seak;Sek;Set;Tai Sek;Xaek;Xec;Xek
skc		Sauk
skd		Me-Wuk;Meewoc;Mewoc;Miwoc;Miwokan;Mokélumne;Moquelumnan;San Raphael;Southern Sierra Miwok;Talatui;Talutui;Yosemite
ske		Baravet;Bwaravet;Dol;Seke;Seke (Vanuatu)
skf		Mekens;Mekém;Sakirabiák;Sakirabiáp;Sakirabiát;Sakirap;Sakiriabar;Sakurabiat
skg		Sakalava Malagasy
skh		Salang;Sichule;Sigulai;Sikhule;Simeulue Barat;Wali Banuah
ski		Krowe;Maumere;Sara Sikka;Sikka;Sikkanese
skj		Seke (Nepal)
skm		Dinangat;Kutong gin;Sakam
skn		Calibugan;Kalibugan;Kolibugan;Kolibugan Subanon
sko		Pewanean;Pewaneang;Pohoneang;Seko
skp		Sekepan
skq		Silanke;Silinkere
skr		Belochki;Multani;Mutani;Seraiki;Siraiki
skr		Belochki;Multani;Mutani;Seraiki;Siraiki
skr		Belochki;Multani;Mutani;Seraiki;Siraiki
skr		Belochki;Multani;Mutani;Seraiki;Siraiki
skr		Belochki;Multani;Mutani;Seraiki;Siraiki
sks		Banar;Maya;Pila;Saki;Suaro;Turutap;Yakiba
skt		Kisakata;Lesa;Saka
sku		Hog Harbour;Klep;Sakao;Sakau;Santo
skv		Sekol;Sekou;Sko;Skouw;Skow;Sukou;Te Mawo;Tumawo
skw		Skepi Creole Dutch
skx		Seko;Wono;sua: tu Padang
sky		Sikayana
skz		Seka
slv		Slovenian;Slovenski jezik;Slovenščina
slv		Slovenian;Slovenski jezik;Slovenščina
slv		Slovenian;Slovenski jezik;Slovenščina
slc		Sáliva
sld		Isala;Northern Sisaala;Sisaali;Sɩsaala;Sɩ́ssalɩ́
sle		Kadu Sholigar;Sholanayika;Sholiga;Sholigar;Sikiligar;Solaga;Solagaru mattu;Solanayakkans;Solega;Soliga;Soligar
sle		Kadu Sholigar;Sholanayika;Sholiga;Sholigar;Sikiligar;Solaga;Solagaru mattu;Solanayakkans;Solega;Soliga;Soligar
slf		LIS;LIS-SI;Lingua dei Segni Italiana;Lingua dei segni della Svizzera italiana
slg		Murut;Selungai Murut
slh		Southern Puget Sound Salish;Twulshootseed;Whulshootseed;xʷəlšuʔcid
sli		Lower Silesian;Schlesisch;Schlesische Sprache;Schläsche Sproache;Silesian German;Upper Schlesisch
slj		
sll		Iui;Salt;Salt-Iui;Salt-Yui
slm		Pangutaran;Pangutaran Sama;Sama Pangutaran;Siyama;Siyama Pangutaran
sln		
slp		Solor;Solorese
slq		
slr		Sala
sls		SGSL;SgSL
slt		Asong;Sida
slu		Salaru;Tel Maslyarkwe
slw		
slx		Chisalampasu
sly		Salajar;Salayar;Salayer;Saleier;Siladja;Silajara
slz		Ma'ya;Sailolof;Salawati;Samate
smo		Gagana Samoa
smo		Gagana Samoa
sma		Saami;Saemien gïele;Same;Samic;Southern Lapp;Southern Sami;Åarjelsaemien gïele
smb		Chimbari
smc		Dinanget;Som;Somm
smf		Simog
smg		Asimbali
smh		Sani
smj		Julevusámegiella;Lule;Lule Sami;Saame;Saami
smk		Bino-Bolinao;Binobolinao;Binubolinao;Binubulinao;Boliano;Bolinao Sambal;Bolinao Zambal;Bulinaw;Sambal Bolinao
sml		Badjaw;Bajau Pela’u;Central Sama;Central Sinama;Orang Laut;Sama;Sama Dilaut;Sama Kabinga’an;Sama Mandelaut;Sama Pala’u;Sama Siasi;Sama Sitangkai;Sama Ubian;Samal;Sinama
smm		Musahar;Rishaidep
smn		Aanaar Saami;Anar;Anarâškielâ;Inari Sami;Saam;Saame;Samic;Sámi
smp		Samaritan Hebrew;Shamerim
smp		Samaritan;Shamerim
smp		Samaritan;Shamerim
smq		Daba;Nomad;Samon;Supei
smr		Defayan;Long Bano;Simalur;Simeuloë;Simulul
sms		Kolta;Koltta;Nuõrttsääʹmǩiõll;Saam;Saame;Saami;Same;Skolt;Skolt Sami;Sääʹmǩiõll
sms		Kolta;Koltta;Nuõrttsääʹmǩiõll;Saam;Saame;Saami;Same;Skolt;Skolt Sami;Sääʹmǩiõll
smt		
smu		Pohr;Porr;Samrai;Samray;Somrai;Somree
smv		Kadodi
smw		Semawa;Sumbawarese
smw		Semawa;Sumbawarese
smx		Kitsamba;Ntsambaan;Saamba;Sambaan;Shankadi;Tsaam;Tsamba;Usamba
smy		Simnani
smz		
sna		Chishona;Zezuru;chiShona
sna		Chishona;Zezuru;chiShona
snc		Sinagoro
sne		Bau Bidayuh;Bau-Jagoi;Jaggoi;Jagoi;Sarawak Dayak
snf		Kinoon;Non;None;Serer;Serer-Noon
sng		Garengaze;Kiluba;Kisanga;Luba-Garenganze;Luba-Sanga;Sanga (Democratic Republic of Congo);Southern Luba
sng		Garengaze;Kiluba;Kisanga;Luba-Garenganze;Luba-Sanga;Sanga (Democratic Republic of Congo);Southern Luba
snh		
sni		Mananahua;Senti;Tenti
snj		Riverain Sango
snk		Aswanek;Aswanik;Azer;Ceddo;Cheddo;Gangara;Genger;Kwara;Maraka;Marka;Markaajo;Markakan;Sarahulanxanne;Sarakole;Sarakolle;Sarakolé;Sarakule;Sarakulle;Sarangkole;Sarangkolle;Saraxuli;Sebbe;Serahule;Serecole;Soninkanxanne;Sooninkanxanne;Sooninke;Wakkore;Wankara
snk		Aswanek;Aswanik;Azer;Ceddo;Cheddo;Gangara;Genger;Kwara;Maraka;Marka;Markaajo;Markakan;Sarahulanxanne;Sarakole;Sarakolle;Sarakule;Sarakulle;Sarangkole;Sarangkolle;Saraxuli;Sebbe;Serahule;Serecole;Soninkanxanne;Sooninkanxanne;Sooninke;Wakkore;Wankara
snk		Aswanek;Aswanik;Azer;Ceddo;Cheddo;Gangara;Genger;Kwara;Maraka;Marka;Markaajo;Markakan;Sarahulanxanne;Sarakole;Sarakolle;Sarakule;Sarakulle;Sarangkole;Sarangkolle;Saraxuli;Sebbe;Serahule;Serecole;Soninkanxanne;Sooninkanxanne;Sooninke;Wakkore;Wankara
snl		Sanggil;Sangihé;Sangirese;Sangiré
snm		Ma’di Urule;Maꞌdi Urúléti;Southern Ma'di
snn		Baicoca;Ceona;Ecuadorian Siona;Ganteya;Ganteya bain;Gantëya coca;Kanú;Koka;Kokakañú;Pai Coca;Pioche-Sioni;Piohé;Pioje;Pioje-Sioni;Siona-Secoya;Sioni;Zeona
sno		
snp		Siani;Siyane
snp		Siani;Siyane
snp		Siani;Siyane
snp		Siani;Siyane
snp		Siani;Siyane
snp		Siani;Siyane
snp		Siani;Siyane
snq		Chango;Isangu;Sangu (Gabon);Shango;Yisangou;Yisangu
snr		
sns		Labo;Lamangkau;Nahapa;Na’ahai;Seniang;Siesip;Sinesip;South West Bay;South-West Bay
snu		Senggi
snv		Berau;Braow;Sa'ban
snw		Bale;Santrokofi;Sele;Sentrokofi
snx		Songum;Songumsam
sny		Sanio-Hiowe
snz	asd	Asas;Kow;Sensauru;Sinsauru
som		Af-Maxaad Tiri;Af-Soomaali;Afka Soomaaliga;Common Somali;Soomaaliga;Standard Somali
som		Af-Maxaad Tiri;Af-Soomaali;Afka Soomaaliga;Common Somali;Soomaaliga;Standard Somali
som		Af-Maxaad Tiri;Af-Soomaali;Afka Soomaaliga;Common Somali;Soomaaliga;Standard Somali
soa		Chao Song;Lao Song;Lao Song Dam;Song;Tai Song Dam;Thai Soang
soa		Chao Song;Lao Song;Lao Song Dam;Song;Tai Song Dam;Thai Soang
sob		Biga;Imasi;Liki
soc		Eso;Gesogo;Heso;So (Democratic Republic of Congo);Soa;Soko
sod		Binja;Kesongola;Songola
soe		Hendo;Lohendo;Songomeno
sog		
sog		
sog		
sog		
soh		Fa-c-aka;Jebel Silak;Jebel Sillok;Sillok
soi		Sonaha;Sonahaa;Sunah;Sunha
soj		
sok		Soŋoroŋ
sol		Sumoun;Toros
soo		Itsong;Kisongo;Nsong;Ntsong;Ntsuo;Tsong
sop		Kalebwe;Kisonge;Kisongi;Kisongye;Luba-Songi;Lusonge;Northeast Luba;Songye;Yembe
soq		Sona
sor		Chibne;Chibné;Shibne;Sibine;Somrai;Somray;Somre;Somrei;Soumrai;Soumray;Sounrai;Sumrai
sos		Sambla;Samogho;Seeku;Sembla;Southern Samo
sou		Dambro;Pak Tai;Pak Thai;Paktay;Southern Thai
sov		Ramari Dongosaro;Sonsorol;Sonsorol-Tobi
sow		Waina;Waina-Sowanda;Wanja;Wanya;Wina
sox		Fo;Shwo;Sso;Suo;Sùə̀;Sô
soy		Bijobe;Biyobe;Kayobe;Kuyobe;Kyobe;Meyobe;Mɛyɔ́bɛ;Mɛyɔ́pɛ;Piyɔ́bɛ;Sola;Solamba;Solla;Sorouba;Soruba;Uyobe
soz		Batem;GiTemi;Kisonjo;Kitemi;Sonjo;Sonyo;Wasonjo;Watemi
spb		Sepa (Indonesia);Tamilouw
spc		Caliana;Chirichano;Kaliána;Kariana
spd		
spe		Sepa (Papua New Guinea)
spg		Sian
spi		
spk		
spl		Selepe
spm		Akɨghɨm;Sepen
spn	sap	Kasnapan;Kelya’mok;Nenlhet;Saapa’ang;Sa’apan
spo		Npoqínišcn;Spokan;Spokane Salishan
spp		Suppire;Supyire;Supyire Senoufo;Sup’ide
spq		Amazonic Spanish;Castellano Sharapa;Jungle Spanish;Loreto-Ucayali Spanish
spr		
sps		Faa Saposa
spt		Nyam;Piti Bhoti
spu		Sapouan
spv		Dom;Kosali;Koshal;Koshali;Kosli;Oriya;Western Oriya
spx		
sqi	als	Albanian, Tosk;Arnaut;Arvanitika;Camerija;Shkip;Shqip;Skchip;Tosk;Zhgabe
sqi		
sqi	als	Albanian, Tosk;Arnaut;Arvanitika;Camerija;Shkip;Shqip;Skchip;Tosk;Zhgabe
sqi	als	Albanian, Tosk;Arnaut;Arvanitika;Camerija;Shkip;Shqip;Skchip;Tosk;Zhgabe
sqi	als	Albanian, Tosk;Arnaut;Arvanitika;Camerija;Shkip;Shqip;Skchip;Tosk;Zhgabe
sqi	als	Albanian, Tosk;Arnaut;Arvanitika;Camerija;Shkip;Shqip;Skchip;Tosk;Zhgabe
sqa		Tushama;Ushama
sqh		Lìsháù;Sho
sqk		AlbSL;Gjuha Shenjave e Shqip;Gjuha Shqiq e Shenjave;Gjuha e Shenjave Shqipe
sqm		Dek;Souma
dek		
sqn		Conestoga
sqo		
sqq		Sawk;Souk;Su;Suq;Su’
sqr		
sqs		
sqt		Saqatri;Socotri;Sokotri;South Arabian;Suqutri;méthel d-saqátri
sqt		Saqatri;Socotri;Sokotri;South Arabian;Suqutri;méthel d-saqátri
squ		Skwxwu’mesh snichim;Sḵwx̱wú7mesh sníchim
sqx		KQSL;Kafr Qassem Sign Language;Kafr Qassim Sign Language;Kfar Qassem Sign Language;Kfar Qassim Sign Language;Kufr Qassem Sign Language (KQSL)
srp		Montenegrin;Serbo-Croatian
srp		Montenegrin;Serbo-Croatian
srp		Serbo-Croatian
srp		Montenegrin;Serbo-Croatian
srp		Serbo-Croatian
srp		Serbo-Croatian
srp		
srp		Serbo-Croatian
sra		
srb		Sabar;Sabara;Saonras;Saora;Saura;Savara;Sawaria;Shabari;Soura;Swara
srb		Sabar;Sabara;Saonras;Saora;Saura;Savara;Sawaria;Shabari;Soura;Swara
srb		Sabar;Sabara;Saonras;Saora;Saura;Savara;Sawaria;Shabari;Soura;Swara
srb		Sabar;Sabara;Saonras;Saora;Saura;Savara;Sawaria;Shabari;Soura;Swara
sre		Riok;Sara
srf		Sirak
srg		Bukidnon;Mondo
srh		Salikur;Saliku’er;Sarikuli;Sariqul;Sariquli;Sarykoly;Tadzik;Tajik;Tajiki
sri		Chiranga;Cirnga;Desana-Siriana;Sarirá;Si-Ra;Siria-Masã;Siriana;Siriane;Sura Masa;Surianá;Surirá;Suryana;Sʉraya
srk		Serudong;Serudung Murut;Suudung;Tawau Murut;Tawou Murut
srl		Isirawa rarara;Okwasar;Saberi;Saweri
srm		Saamáka;Saramaccaans;Sa’amaka
srn		Sranan;Surinaams;Suriname Creole English;Surinamese
sro		Campidanese;Campidanese Sardinian;Campidese;Sardu;South Sardinian
srq		Mbia Chee;Mbya
srr		Seereer;Seex;Sereer;Serer;Serer-Sin;Serrer;Sine-Saloum;Sine-Sine;Sérère-Sine
srr		Seereer;Seex;Sereer;Serer;Serer-Sin;Serrer;Sine-Saloum;Sine-Sine;Sérère-Sine
srs		Sarcee;Sarsi;Tsuu T’ina;Tsuut'ina;Tsuut’ina;Tsúùtínà
srt		
sru		Paiter;Suruí de Rondônia;Suruí do Jiparaná;Suruí-Paiter
srv		Bikol Sorsogon;Gubat;Southern Sorsoganon;Southern Sorsogon;Waray Sorsogon
srw		
srx		Himachali;Pahari;Sirmouri;Sirmuri
srx		Himachali;Pahari;Sirmouri;Sirmuri
sry		Ser;Serra;Ssia
srz		
ssw		Isiswazi;Ngwane;Phuthi;Sephuthi;Siswati;Siswazi;Swazi;Síphùthì;Tekela;Tekeza;Thithiza;Yeyeza;siSwati
ssw		Isiswazi;Ngwane;Phuthi;Sephuthi;Siswati;Siswazi;Swazi;Síphùthì;Tekela;Tekeza;Thithiza;Yeyeza;siSwati
ssb		Sama;Sama Tawi-Tawi;Sinama;Sinama Tawi-Tawi;Southern Bajau;Southern Sama;Southern Sinama;Tawi-Tawi Sinama
ssc		Ikisimbëtë;Kisimbiti;Kisuba;Simbiti
ssd		Suroi
sse		Baangingi’;Balagnini;Balangingi;Balangingi Bajau;Balanguingui;Balanian;Balanini;Balignini;Bangingi;Bangingih;Bangingih Sama;Northern Sama;Northern Sinama;Sama;Sama Baangingi;Sama Bangingih;Samal;Sinama Baangingi
sse		Baangingi’;Balagnini;Balangingi;Balangingi Bajau;Balanguingui;Balanian;Balanini;Balignini;Bangingi;Bangingih;Bangingih Sama;Northern Sama;Northern Sinama;Sama;Sama Baangingi;Sama Bangingih;Samal;Sinama Baangingi
ssf		Caw a lalawa;Chui-Huan;Chuihwan;Sao;Sau;Shao;Suihwan;Thaw a lalawa;Vulung
ssg		Kakai Seimat;Ninigo
ssh		Al-Shihuh;Musandam Arabic;Ru’us al-Jibal Arabic;Shihhi;Shihhi Arabic;Shihhi Spoken Arabic;Shihu;Shihuh
ssi		Bhilki;Sansiboli
ssi		Bhilki
ssj		Sausi;Uya;Witi;Wiya
ssk		Central Kinnauri;Sangnaur;Sungam;Sungnam;Sunnam;Thebarshad;Thebor;Thebör Skadd
ssl		Busillu Sisala;Hissala;Isaalo;Issala;Lambishi Sisaala;Sisaala Western;Sisai;Western Sisaala
ssm		
ssn		Ariangulu;Langulo;Sanya;Sanye;Waat;Waatah;Wasanye
sso		Sinama;Sinano;Sisano;Sissano
ssp		LSE;Lengua de Señas Española;Lengua de Signos Española;Mímica
ssq		So'a;Soa
ssr		LSF;LSF-SR;Langage Gestuelle;Langue des signes française;Langue des signes suisse romande
sss		Bru;Makong;Mang Cong;Mang-Koong;Mangkong;Mankoong;So Makon;Sô;Thro
sss		Bru;Makong;Mang Cong;Mang-Koong;Mangkong;Mankoong;So Makon;Sô;Thro
sst		Chimbu
ssu		
ssv		Shark Bay
ssx		Sambeleke;Sanaberigi;Sau
ssy		Saaho;Sao;Shaho;Shiho;Shoho
ssy		Saaho
ssz		Asengseng
sot		Sesotho;Sisutho;Southern Sotho;Souto;Suthu;Suto
sot		Sesotho;Sisutho;Southern Sotho;Souto;Suthu;Suto
sta		Kisetla;Kisettla
stb		Northern Subaanen;Northern Subanen;Tuboy Subanon
std		Sentinelese
ste		Liambata-Kobi;Liana;Lianan;Teula;Uhei Kachlakan;Uhei Kaclakin;Uhei Kahlakim
stf		
stg		Dgiéh;Giang Ray;Gie-Trieng;Pin;Strieng;Ta-Rieng;Talieng;Tareh;Treng
sth		Bog Latin;Cant;De Gammon;Gammon;Irish Traveler Cant;Sheldru;Shelter;Shelterorch;Tarri;The Cant;Tinker’s Cant;the Ould Thing
sti		Budíp;Bulo Stieng;Kajiang;Northern Stieng;Rangah;Stieng;Troong Sdiêng;Upper Stieng;Xa-Dieng;Xtieng
sti		Bulo Stieng;Kajiang;Stieng;Troong Sdiêng
stj		Matya Samo;Northern San Macaa;Northwestern Samo;Samogho;San;San Ma Caa;San Macaa;San Matya;Sane;Sànán;Sã;Tougan;West Central Goe
stk		Arammba;Serki;Serkisetavi;Upper Morehead
stl		Stellingwarfs;Stellingwerf
stm		
stn		Anganiwai;Anganiwei;Narihua;Santa Anna;Tamasinga iamami;Wanoni
sto		Dakota;Nakoda;Stony;Ĩyãħé Nakoda
stp		Oꞌdam;Southeastern Tepehuan;Tepehuano;Tepehuán del Sureste
stq		Friesen;Saterfriesen;Saterfriesiesch;Saterlandic;Saterlandic Frisian;Saterländisch;Seeltersk
str		North Straits Salish;SENĆOŦEN;Straits;Straits Salish
str		Lekwungen;North Straits Salish;SENĆOŦEN;Straits;Straits Salish
sts		Shumasht
stt		Budeh Stieng;Lower Stieng;Southern Stieng
stu		Samtau;Samtuan
stu		Samtau;Samtuan
stu		Samtau;Samtuan
stu		Samtau;Samtuan
stv		Silt'e
stv		Silt'e
stw		Satawal
sty		Eastern Tatar;Seber;Sebertatar;Siberian Turkish;Sybyr
sun		Basa Gumung;Basa Sunda;Priangan;Sundanese
sun		Basa Gumung;Basa Sunda;Priangan;Sundanese
sun		Basa Gumung;Basa Sunda;Priangan;Sundanese
sun		Basa Gumung;Basa Sunda;Priangan;Sundanese
sua		Moglon
sub		Kisuku;Musuku
suc		Sinubanon;Siocon Subanon;Subanon;Western Subanon
sue		Yarawe;Yarawi;Yema
sug		North Mianmin;Wagarabai
sui		Abane gi;Nausaku;Suki gi;Sukiderete gi;Wiram
suj		Kishubi;Shuwi;Sinja;Sinya;Urushubi
suk		Kesukuma;Kisukuma
suo		Bouni-Bobe;Sumo
suq		Tirmaga-Chai Suri
suq		Tirmaga-Chai Suri
sur		Maghavul;Mwahavul;Sura;pòo Mwaghavul
sus		Sose;Soso;Sosoxui;Sosso;Soussou;Susoo;Sussu
sus		Sose;Soso;Sosoxui;Sosso;Soussou;Susoo;Sussu
sut		Subtiava
suv		
suv		
suv		
suw		Kisumbwa;Shisumbwa;Shumbwa
sux		
suy		Kisêdjê;Mẽkisêdjê;Suiá
suz		Bhujuwar;Kiranti-Kõits;Kiranti-Kõits Lo;Kirati-Koits;Koic;Kõits Lo;Mukhiya;Pirthwar;Sunuwar;Sunwari
suz		Bhujuwar;Kiranti-Kõits;Kiranti-Kõits Lo;Kirati-Koits;Koic;Kõits Lo;Mukhiya;Pirthwar;Sunuwar;Sunwari
swe		Ruotsi;Svenska;Sverige
swe		Ruotsi;Svenska
swe		
sva		Svanuri;Šwan-är
sva		Lushnu;Svanuri;Šwan-är
sva		Svanuri;Šwan-är
svb		Ainiayn;Suain
svc		Vincentian Creole English;Vincy Twang
sve		
svk		Slovak Republic Sign Language;Slovak Sign Language;Slovnik Posunkovej Reci;Slovník Posunkovej Reči
svm		Croato molisano;Molise Croatian;Molise Slavic;Na-našu;Naš jezik;Slavic of Molise
svs		Savo;Savo Island
svx		
swa	swh	Arab-Swahili;Kisuaheli;Kisuahili;Kiswaheli;Kiswahili;Suahili;Swahili
swa		
swa		
swb		Comores Swahili;Comorian;Comoro;Komoro;Maore;Maore Comorian;Shimaore
swb		Comores Swahili;Comorian;Comoro;Komoro;Maore;Maore Comorian;Shimaore
swc		Congo Swahili;Kiswahili;Zaïre Swahili
swc		Congo Swahili;Kiswahili;Zaïre Swahili
swf		Basili;Basiri;Chere;Serre;Shaire;Shere;Sheri;Sili;Siri
swg		Schwaebisch;Schwäbisch;Suabian
swh		Arab-Swahili;Kisuaheli;Kisuahili;Kiswaheli;Kiswahili;Suahili;Swahili (individual language)
swh		Arab-Swahili;Kisuaheli;Kisuahili;Kiswaheli;Kiswahili;Suahili;Swahili (individual language)
swi		Ai Sui;Shui;Sui Li;Suipo;Thuy
swj		Eshira;Gisir;Gisira;Ichira;Ishira;Isira;Shira;Shire;Yichira
swk		Chisena;Cisena;Malawi Sena
swl		SSL;STS;Svenskt Teckenspråk;SwedSL
swm		
swn		Sokna;Sokni;Sukna;Tasuknit
swo		Katukina Shanenawá
swp		Iou;Suwau
swq		Sarwaye;Sherwin;Tchevi
swr		Sarwar Use
sws		Selvasa;Selwasa
swt		Manata;Sawali;Tanglapui;Tanlapui;Wullili
swu		Bonda;Bone;Bunda;Bune;Suvava;Toewawa;Tuwawa
swv		Shekhawati-Marwari
sww		Dolod
swx		Indios do Coxodoá;Sorowaha;Suruwahá;Zuruahã
swy		Saroua;Sarwa
sxb		Luo AbaSuba;Olusuba
sxc		
sxe		Lesighu;Lisighu;Lisigu;Mississiou;Sigu
sxg		Shixing;Xumi
sxk		Yoncalla;Yonkalla
sxl		
sxm		Khmer Boran;Samreh;Samré;Somre
sxn		Sangi;Sangih;Sangihé;Sangihẹ̆;Sangirese
sxo		
sxr		Hla’alua;La Aluwa;La’alua;La’arua;Lha’alua;Pachien;Paichien;Rarua;Saarua;Saroa;Shishaban;Sisyaban
sxs		
sxu		Meissenish;Meißnisch;Obersächsisch;Sächsisch;Upper Saxon
sxu		Meissenish;Meißnisch;Obersächsisch;Sächsisch;Upper Saxon
sxw		Sahoe;Sahoue;Sahouè;Sahouègbe;Sahoué;Sahwe;Saxwe;Saxwe Gbe;Saxwe-Gbe;Saxwegbe;Saxwɛ;Saxwɛgbe;Sáhwè;Tsaphe;Tsaphe -Gbe;Tsáphɛ
sya		Ot Siang
syb		Central Subanen;Sindangan Subanun;Sinubaanen;Subaanen;Subanen
syc		Ancient Syriac;Classical Syriac;Lishana Atiga;Suryaya;Suryoyo;Syriac Aramaic;Syrian Aramaic;Syro-Aramaic
syi		Bulu;Seke;Sekiana;Sekiani;Sekiyani;Sekyani;Seseki;Sheke;Shekiyana
syk		Adikummu Sukur;Gemasakun;Sakun;Sugur
syl		Bengali of Cachar;Sileti;Siloti;Srihattia;Sylheti Bangla;Sylheti Bengali;Sylhetti;Sylhetti Bangla;Syloti;Syloty
syl		Bengali of Cachar;Sileti;Siloti;Srihattia;Sylheti Bangla;Sylheti Bengali;Sylhetti;Sylhetti Bangla;Syloti;Syloty
syl		Bengali of Cachar;Sileti;Siloti;Srihattia;Sylheti Bangla;Sylheti Bengali;Sylhetti;Sylhetti Bangla;Syloti;Syloty
sym		Leburu;Maya Samo;Northeastern Samo;Northern San Mayaa;Sa;San;San Maya;San Mayaa
syn		Christian Neo-Aramaic;Lshan Sray;Senaaya;Shan Gyanan;Shan Sray;Soray;Sray
syo		
syr	cld	Chaldean;Chaldean Neo-Aramaic;Fallani;Fellihi;Kaldaya;Kildani;Lishana Kaldaya;Modern Chaldean;Neo-Chaldean;Soorath;Soorith;Suras;Sureth
cld		Chaldean;Fallani;Fellihi;Kaldaya;Kildani;Lishana Kaldaya;Modern Chaldean;Neo-Chaldean;Soorath;Soorith;Suras;Sureth;Syriac
sys		Shamya;Shamyan;Shemya;Sinya;Symiarta;Taar Shamyan;Zimirra
syw		Kagate;Shuba;Shuuba;Shuva;Shuwa;Shyuuba;Syuba Tam;Syuuba;Yholmo;Yholmoli;Yholmu
syx		Osamayi;Sama;Samaye;Shamay;Shamayi
syy		ABSL;Bedouin Sign Language
sza		
szb		Sibil
szc		Semaq Bri;Semoq Beri
sze		
szg		Kesengele;Kisengele;Sengere
szl		Slonska Godka;Szlonzokian;ślōnskŏ gŏdka;ślůnsko godka
szn		Sanana
szp		Iagu;Inanwatan;Mirabo;Suabau
szs		SISL
szv		Bimbia;Isu;Isu (Fako Division);Isuwu;Su;Subu
szw		Weda;Weda-Sawai;Were
szy		Kizaya;Qilai;Sakezhaye;Sakidaya;Sakiray;Sakiraya;Sukizaya
tam		Damulian;Tamal;Tamalsan;Tambul;Tamili
tam		Damulian;Tamal;Tamalsan;Tambul;Tamili
tam		Damulian;Tamal;Tamalsan;Tambul;Tamili
tam		Damulian;Tamal;Tamalsan;Tambul;Tamili
taa		Benhti Kokhwt’ana Kenaga’;Lower Tanana;Menhti Kenaga;Minto;Tanana;Tanana Athabaskan
tab		Ghumghum;Tabasarantsky;Tabassaran
tac		Baja Tarahumara;Lowland Tarahumara;Ralámuli de la Baja Tarahumara;Rarámuri;Rarómari raicha;Rocoroibo;Tarahumara del Oeste;Tarahumara del Poniente
tad		Darha;Doa
tae		Taliáseri;Tariano;Tariána;Tariáno;Tarîna
taf		Apyãwa;Tapi’irape
tag		Tagoy
taj	tsf	Eastern Tamang;Ishang;Murmi;Sei;Tamang
taj		Eastern Tamang;Ishang;Murmi;Sei;Tamang
taj		Ishang;Murmi;Sei;Tamang
tak		Nungu;Tada;Talawa
tal		Amtul;Hampul;Kwabzak;Tal mwa
tan		Tangle;Táŋlɛ
tao		Botel Tabago;Botel Tobago;Ciriciring no tao;Dawu;Lanyu;Pongso no Tao;Tao;Tawu
tap		Ichitaabwa;Kitabwa;Lungu;Rungu;Taabua;Tabwa;Zabwa
taq		Tamachen;Tamashek;Tamashekin;Tamasheq, Kidal;Timbuktu;Tomacheck;Təmajəq;tamachèque;tamasagt
taq		Tamachen;Tamashek;Tamashekin;Tamasheq, Kidal;Timbuktu;Tomacheck;Təmajəq;tamachèque;tamasagt
tar		Alta Tarahumara;Central Tarahumara;Choguita Rarámuri;Ralámuli de la Tarahumara Alta;Ralámuli raicha;Ralámuli raꞌíchala;Rarámuri ra’ícha;Samachique Tarahumara;Tarahumara de Cumbres;Tarahumara del Centro
tas		Annamite French;Tay Boy;Vietnamese Pidgin French
tau		Nabesna;Neek’eh;Nee’aaneegn’;Tabesna;Upper Tanana
tav		Juna;Oa;Pamoa;Sina;Sura;Tatutapuyo;Tatuyo ye;Wa’ikhana;jʉna ye
taw		Tai;Tai mnm;Tay mnm;Ti
tax		Temki
tay		Ataiyal;Attayal;Bonotsek;Shabogala;Taijyal;Taiyal;Takonan;Tangao;Tayal;Tyal;Yukan
tay		Ataiyal;Attayal;Bonotsek;Shabogala;Taijyal;Taiyal;Takonan;Tangao;Tayal;Tyal;Yukan
tay		Ataiyal;Attayal;Bonotsek;Shabogala;Taijyal;Taiyal;Takonan;Tangao;Tayal;Tyal;Yukan
taz		Tacho;Toicho
tba		Aikaná;Corumbiara;Huari;Kasupá;Kolumbiara;Mondé;Tubarão;Uari;Wari
tbb		
tbc		
tbd		Lorabada;Lou;Raepa Tati;Tate;Tati
tbe		Nyisunggu;Tanimbili
tbf		Madara;Tabar
tbg		Mopara;North Tairora;Tairora
tbh		Dharawaal;Thurawal;Turrubul
tbi		Gaahmg;Gəəməndən;Ingassana;Ingessana;Kamanidi;Kor é Gəəmg;Mamedja;Mamidza;Metabi;Muntabi;Tabi
tbj		Djaul;Tiaang
tbk		Calamian Tagbanwa;Kalamian Tagbanwa;Kalamianon;Tinagbanwa
tbk		Calamian Tagbanwa;Kalamian Tagbanwa;Kalamianon;Tinagbanwa
tbk		Calamian Tagbanwa;Kalamian Tagbanwa;Kalamianon;Tinagbanwa
tbl		Tiboli;T’boli
tbm		Tagba;Tagbo
tbn		Barro Negro Tunebo;Eastern Tunebo
tbo		Tavara;Tawara
tbp		Bok;Dabra;Diebroud;Taria;Taworta;Taworta-Aero
tbr		
tbs		
tbt		ChiTembo;Chitembo;Kitembo;Tembo (Kitembo)
tbu		Tubare
tbv		
tbw		Aborlan Tagbanwa;Apurawnon;Tagbanua
tbw		Aborlan Tagbanwa;Apurawnon;Tagbanua
tbw		Aborlan Tagbanwa;Apurawnon;Tagbanua
tbx		Katumene;Nambei nyon;Sambio;Taiak;Tayek
tby		Tobaru
tbz		Bataba;Batammarab;Ditamari;Soma;Some;Tamari;Tamberma
tca		Du-ûgü;Duuxugu;Duüxügu;Magüa;Magütá;Ticunaga;Tikuna;Tucuna;Tukuna;Tukúna
tcb		Dihthaad Xt’een Iin Aanděeg’;Nee’anděg’
tcc		Datog;Datoga;Tatog;Tatoga;Taturu
tcd		Tegbo;Tɛgbɔ
tce		Dän Kʼe;Southern Tutchone;Tutchone du Sud
tcf		Malinaltepec Me'phaa;Malinaltepec Tlapanec;Me’phaa;Mè’phàà Mañuwìín;Tlapaneco;Tlapaneco Central Bajo;Tlapaneco de Malinaltepec;Tlapaneko
tcg		Buru;Tamaraw;Wagow;Wiyagar
tch		Turks And Caicos Creole English
tci		Ara;Kamindjo;Rouku;Tjokwai;Tokwasa;Upper Morehead;Vara;Wärä;Yumbar
tck		Latsitsege;Lintsitsege
tcl		Taman (Myanmar)
tcm		Sumeri;Sumerine
tcn		Ticherong;Tichhurong Poike
tcn		Ticherong;Tichhurong Poike
tco		Taru;Taung Yoe;Taung-yo;Toru;Twing Reu;Twinreu
tcp		Tawr;Tawr Chin;Thawr;Thor;Thor Chin;Torr
tcq		Kai;Taori-Kaiy;Taori-Kei;Todi
tcs		Ailan Tok;Ap-Ne-Ap;Big Thap;Blaik;Blaiman;Broken;Cape York Creole;Creole;Pizin;Tores Streit Yumplatok;Torres Strait Broken;Torres Strait Pidgin English;West Torres;Yumplatok
tct		Rao;Rau;T'en;Then;Yang Hwang;Yanghuang
tcu		Balleza;Chinatú;Highland Tarahumara;Rarámari raicha;Southeastern Tarahumara;Tarahumara de Chinatú;Tarahumara del Sur;Tarahumara del Sureste;Uruachi
tcw		Tachaqawaxti;Tachiwiin;Tecpatlán Totonac;Totonaca;Totonaco Central del Norte;Tutunakuj
tcx		Todi;Tuda
tcy		Tal;Tallu;Thalu;Thulu;Tilu;Tullu;Tuluva Bhasa
tcy		Tal;Tallu;Thalu;Thulu;Tilu;Tullu;Tuluva Bhasa
tcz		Kuki;Kuki-Thado;Thaadou;Thaadou Kuki;Thaadow;Thado;Thado Chin;Thado-Pao;Thado-Ubiphei;Thadou;Thadou Kuki;Thadou pao;Thadow
tda		Igalan
tda		Igalan
tda		Igalan
tdb		Bedia;Bediya;Chik Baraik;Chik Barik;Pan;Pan Sawasi;Tair;Tamara;Tamaria;Tanti;Temoral;Tumariya
tdb		Bedia;Bediya;Chik Baraik;Chik Barik;Pan;Pan Sawasi;Tair;Tamara;Tamaria;Tanti;Temoral;Tumariya
tdb		Bedia;Bediya;Chik Baraik;Chik Barik;Pan;Pan Sawasi;Tair;Tamara;Tamaria;Tanti;Temoral;Tumariya
tdc		Cholo;Embena;Embera;Embera Pedea Tadó;Emberá-Tadó;Epena;Katío;Tadó;Êpêra;Ẽpẽra Pedea
tdd		Chinese Shan;Chinese Tai;Dai Kong;Dai Na;Dai Nuea;Daide;Dehong Dai;Shan;Tai Dehong;Tai Kong;Tai Le;Tai Mao;Tai Neua;Tai Nue;Tai Nü;Tai nö;Tai taü;Tai-Kong;Tai-Le;Yunannese Shan;Yunnan Shant’ou
tdd		Chinese Shan;Chinese Tai;Dai Kong;Dai Na;Dai Nuea;Daide;Dehong Dai;Shan;Tai Dehong;Tai Kong;Tai Le;Tai Mao;Tai Neua;Tai Nue;Tai Nü;Tai nö;Tai taü;Tai-Kong;Tai-Le;Yunannese Shan;Yunnan Shant’ou
tde		Duleri;Duleri Dom;Tiranige Diga Dogon
tdf	kgc	Caliang;Calieng;Kaseng;Kasseng;Khon Dak Chueng;Koseng;Kraseng;Taliang;Tariang;Tarieng;Triang;Trieng
tdg	tmk	Murmi;Sain;Tamang Gyot;Tamang Tam;Western Tamang
tdg		Murmi;Sain;Tamang Gyot;Tamang Tam;Western Tamang
tdh		Tholong Lo;Thulu Luwa;Thululoa;Thulung Jemu;Thulung La;Thulunge Rai;Toaku Lwa
tdi		
tdj		Adjio;Kasimbar;Tadjio;Ta’adjio
tdk		Marom;Tambas;Tambes;Tembis
tdl		Dishili;Naas-Dishili;Sur;Suru;Tapshin;Tapshinawa
tdm		Aroaqui;Charuma;Saloema;Saluma;Taruamá
tdn		Tolou;Tolour;Tondanou;Toulour;Toundano
tdo		Tema;Temme
tdq		Hoai Petel
tdr		Didra;Didrah;Kodra;Modra;Podra;Todrá
tds		Taori;Taori-So;Tolitai
tdt		Dili Tetum;Lia-Tetun;Tetum;Tetum Dili;Tetum Prasa;Tetum Praça;Tetun;Tetun Prasa
tdv		Toro;Turkpa;Turkpan;Turkwan
tdx		Antandroy;Mahafaly;Ntandroy;Tandroy;Tandroy-Mahafaly Malagasy
tdy		Balaban;Pamalaban;Pula;Tadianan
tel		Andhra;Tailangi;Telangire;Telegu;Telgi;Telinga;Teloogoo;Telungu;Tengu;Tenungu;Terangi;Tolangan;Trilinga
tel		Andhra;Tailangi;Telangire;Telegu;Telgi;Telinga;Teloogoo;Telungu;Tengu;Tenungu;Terangi;Tolangan;Trilinga
tea		Northern Sakai;Nèhtuh Temèèr;Pie;Seroq;Temer
teb		
tec		Nyang’ori
ted		-Tepowin;Krou tepo;Kroumen;Kroumen tépo;Kru;Kru tepo;Krumen;Krumen tepo;Southern Krumen;Southwestern Kroumen;Tepo;Tepo Krou;Tepo Krumen;Tépo;‑Tepowin
tee		Huehuetla Tepehua;Lhiimaqalhqama’;Lhimakalhkama’;Lhima’alh’ama’;Lhīmakꞌalhkāmaꞌ;Tepehua de Hidalgo;Tepehua de Huehuetla
tef		Taih-Long
teg		Iteghe;Katege;Keteghe;Ketego;Latege;Northern Teke;Tege-Kali;Teghe;Teke;Teke Alima;Teke Kali
teh		Aonek’enk;Aoniken;Gunua-Kena;Gununa-Kena;Inaquen;Patagón;Tewelche
tei		Anamagi;Lou;Torricelli
tek		Bali;Eastern Teke;Ibali;Ibali Teke;Kiteke;Teke-Ibali
tem		Temen;Temne;Timene;Timmannee;Timne
ten		Dujos;Jabaal;Tama (Colombia)
teo		Atεsᴐ;Bakedi;Bakidi;Elgumi;Etossio;Ikumama;Iteso;Teso;Wamia
tep		
teq		Rone;Ronge;Temainian
ter		Emo’u xâne;Etelena;Tereno
tes		Tenggerese
tet		Belo;Belu;Fehan;Teto;Tettum;Tetu;Tetum;Tetun Belu;Tetun Terik;Tetung
teu		Kadama;So;Toongi
tev		Rumena;Tio’or
tew		Tano;Tewa (USA)
tew		Tano;Tewa - Santa Clara
tew		Tano;Tewa - San Juan
tex		Tenet;Tennette;Te̱nne̱tte̱
tey		Kuntulishi;Thulishi;Tulesh
tez		Chinsart;Tin Sert
tez		Chinsart;Tin Sert
tfi		Toffin;Tofi;Tofin;Tofin Gbe;Tofingbe;Tɔfin;Tɔfingbe
tfn		Dena’ina;Kinayskiy
tfo		Demba
tfr		Naso;Naso-Teribe;Nortenyo;Quequexque;Terraba;Tiribi;Tirribi
tft		
tgk		Tadjik;Tadzhik;Tajiki;Tajiki Persian
tgk		Tadjik;Tadzhik;Tajiki;Tajiki Persian
tgk		Tadjik;Tadzhik;Tajiki;Tajiki Persian
tgk		Tadjik;Tadzhik;Tajiki;Tajiki Persian
tgk		Tadjik;Tadzhik;Tajiki;Tajiki Persian
tga		Kisagala;Kisagalla;Sagala;Saghala;Teri;kiSaghala
tgb		Momogun;Tabilong;Tebilung;Tobilang
tgc		Omo
tgd		Ciwogai;Sago;Tsaganci;Tsagu
tge		Eastern Gorkha Tamang
tgf		Chali;Chalipkha;Tshali;Tshalingpa
tgh		Tobagonian Creole English;Tobagonian Dialect
tgi		Nagarege;Nagarige;Naghareghe;Piva
tgj		Nil;Tagen
tgn		Naturalis;Tagon-on;Tinandag
tgo		Sud-Est;Tagula;Vanatinai;Vanga
tgp		Leon Tatagoa;Leon Tatangoa;Mara Tatagoa;Movono;Santo;South Santo
tgq		
tgr		Tariang
tgs		Gaua;Gog;North-East Gaua;Tarasag
tgt		Central Tagbanwa;Tagbanwa
tgt		Central Tagbanwa;Tagbanwa
tgt		Central Tagbanwa;Tagbanwa
tgu		Tanggu-Nai;Tanggum;Tangu
tgv		Carapató;Carapoto;Dzboku’a;Dzubukuá;Karapató;Shocó;Tingui;Tingui Botó;Xocó
tgw		Tagbana;Tagouna;Tagwana;Tagwana Senoufo
tgx		Dene K’e
tgy		Togoy
tgz		Da:galag;Dagalang;Tagalag;Takalak;Targa-lag;Tarkalag
tha		Bangkok Thai;Central Thai;Siamese;Standard Thai;Thai Klang;Thaiklang
tha		Bangkok Thai;Central Thai;Siamese;Standard Thai;Thai Klang;Thaiklang
thd		Behran;Gugudayor;Kuktayor;Kukudayore;Kuuk Thaayoore;Kuuk Thaayorre;Taior;Thaayore;Thaayorre;Thayore;Thayorre
the		Chhetriya Tharu;Chitawan Tharu;Chitoniya Tharu;Chitwan Tharu;Chitwania Tharu;Madhya Chhetriya Tharu;Madhya Ksetriya Tharu;Tharu, Chitwania
thf		Dolakha;Thami;Thangmi Kham;Thangmi Wakhe;Thani
thh		Arisiachi Tarahumara;Northern Tarahumara;Tarahumara del Norte
thi		
thk		Atharaka;Kîîtharaka;Saraka;Sharoka;Tharaka
thl		Chaudary;Chaudhari;Chaudhuri;Dang;Dangaha;Dangali;Dangauli;Dangaura Tharu;Dangora;Dangura;Tharu
thm		Bru;Kha Tong Luang;Phon Soung;Phonsung;So;So Thavung;Sotawueng;Thavung
thn		Moopan;Thacchanadens;Thachanad Muppans
thp		Nklapmx;Nle’kepmxcín;Ntlakapamux;Ntlakapmuk;Nłeʔkepmxcín;Thompson River Salish;Thompson Salish
thp		Nklapmx;Nle’kepmxcín;Ntlakapamux;Ntlakapmuk;Nłeʔkepmxcín;Thompson River Salish;Thompson Salish
thq		Kochila Tharu;Madhya-Purbiya Tharu;Saptari;Tharu, Kochila
thr		Rana Thakur;Rana Tharu;Tharu;Tharuwa
ths		Barhagaule;Panchgaunle;Tapaang;Thaksya
tht		Nahanni;Tāltān;Tāłtān
thu		Dhe Thuri;Jo Thuri;Shatt;Wada Thuri
thv		Tahaggart Tamahaq;Tamachek;Tamachek’;Tamahaq;Tamashekin;Tamasheq;Tomachek;Touareg;Tourage;Toureg;Tuareg
thv		Tahaggart Tamahaq;Tamachek;Tamachek’;Tamahaq;Tamashekin;Tamasheq;Tomachek;Touareg;Tourage;Toureg;Tuareg
thv		Tahaggart Tamahaq;Tamachek;Tamachek’;Tamahaq;Tamashekin;Tamasheq;Tomachek;Touareg;Tourage;Toureg;Tuareg
thy		Joole Manga;Kapawa
thz		Amazigh;Tamachek;Tamajeq;Tayart Tamajeq;Tomacheck;Touareg;Tuareg
thz		Amazigh;Tamachek;Tamajeq;Tayart Tamajeq;Tomacheck;Touareg;Tuareg
thz		Amazigh;Tamachek;Tamajeq;Tayart Tamajeq;Tomacheck;Touareg;Tuareg
tir		Eritrean;Habashi
tir		Eritrean;Habashi
tir		Eritrean;Habashi;Tigrinya
tia		Tidikelt Tamazight
tic		Lithiro;Littiro;Thiro;Tiro;Zittiro
tif		Tifalmin
tig		Beni Amer;Eritrean;Tigre;Tigre Xasa
tig		Beni Amer;Eritrean;Tigre;Tigre Xasa
tig		Beni Amer;Eritrean;Tigre;Tigre Xasa
tih		Temogun;Timigan;Timigun;Timogon;Timogun;Timugon;Timugon Murut;Tumugun
tii		Kitiene;Kitiini;Tende
tij		Tiling;Tilling;Tilung Blama
tik		Tikali;Tikar-East;Tikari;Tingkala;lɛ̀ʼ Tikarì
til		
tim		
tin		Idarab mitstsi;Tindal;Tindin
tio		Teapu;Tiop
tip		
tiq		Cɛfɔ;Kiefo;Tyefo;Tyeforo;ʔe cɛ̀fɔ fɛ́
tis		Masadiit;Masadiit Itneg
tit		Tiniguas
tiu		Addasen;Addasen Tinguian;Addassen;Itneg Adasen
tiv		Tivi
tiw		
tix		Southern Tiwa;Tigua;Tiwa
tiy		Tirurai;Tiruray
tiz		
tja		Tajuason;Tajuoso;Tajuosohn
tjg		Tunjung Dayak
tji		Northern Tujia;Tuchia;Tudja;pi tsi kha
tjj		Djungunjdji;Yangathimri
tjl		Red Tai;Shan Bamar;Shan Kalee;Shan Ni;Tai Laeng;Tai Lai;Tai Lang;Tai Nai;Tai Naing
tjm		
tjn		
tjo		Temacine Tamazight;Touggourt;Tougourt;Tugurt
tjp		Tjupan
tjs		Mong Tsi;Southern Tujia;Tuchia
tju		Chooraroo;Choororoo;Churoro;Djuroro;Djurruru;Djururo;Dyururu;Jurruru;Jururu;Thuraru;Tjororo;Tjuroro;Tjururo;Tjururu
tjw		Chaa wuurong;Chaap Wuurong;Chaap-Warrong;Chaapwurra;Chaapwurru;Chaapwuurong;Chap wurong;Chap wurrung;Chap-wurong;Djab Wurrung;Djab wurung;Djabwuru;Djabwurung;Dyabwurung;Dyapwurong;Jab Wurrong;Jab wurrung;Kolor;Kolorer;Kooloor;Pirtkopannoot;Punoinjon;Purteetchally;Tchapwurong;Thapwurong;Tjap;Tjap-wurong;Tjapwuron;Tjapwurong;Tjapwurun;Tjapwurung;Tjapwuurong;Tyapawurru;Tyapwurru;Tyapwuru
tuk		Torkomani;Trukhmen;Trukhmeny;Turkman;Turkmani;Turkmanian;Turkmencha;Turkmeni;Turkmenian;Turkmenler;Turkomans;Turkpen;Türkmen dili;Türkmençe
tuk		Torkomani;Trukhmen;Trukhmeny;Turkman;Turkmani;Turkmanian;Turkmencha;Turkmeni;Turkmenian;Turkmenler;Turkomans;Turkpen;Türkmen dili;Türkmençe
tuk		Torkomani;Trukhmen;Trukhmeny;Turkman;Turkmani;Turkmanian;Turkmencha;Turkmeni;Turkmenian;Turkmenler;Turkomans;Turkpen;Türkmen dili;Türkmençe
tuk		Torkomani;Trukhmen;Trukhmeny;Turkman;Turkmani;Turkmanian;Turkmencha;Turkmeni;Turkmenian;Turkmenler;Turkomans;Turkpen;Türkmen dili;Türkmençe
tka		
tkb		Bhoksha;Bhuksa;Bukas;Buksari;Buxa
tkd		Tocod;Tocodede;Tokodede;Tokodé;Tukude
tke		Etakwane;Thakwani;eTakwani
tkf		Tekumanfed;Tukumaféd
tkg		Antaisaka;Antesaka;Atesaka;Tesaka Malagasy
tkl		Tokelau
tkm		Taakelmàʔn
tkn		
tkp		Fakatikopia
tkq		Tai;Tee
tkr		Caxur;C’aiχna miz;Sakhur;Saxur dili;Tsakhna Miz;Tsakhury;Tsaxur;Ts‘əxna miz;Ts’axna Miz;Ts’axna miz;Ts’axurskii yazyk;Yedna Miz;Yikbi;Yiksum;Yiqny Miz;Yiqsum;Yıqbışda miz;cʼäxna miz
tkr		Caxur;C’aiχna miz;Sakhur;Saxur dili;Tsakhna Miz;Tsakhury;Tsaxur;Ts‘əxna miz;Ts’axna Miz;Ts’axna miz;Ts’axurskii yazyk;Yedna Miz;Yikbi;Yiksum;Yiqny Miz;Yiqsum;Yıqbışda miz;cʼäxna miz
tks		Southern Tati;Takistani;Tati
tkt		Kathariya;Kathoriya Tharu;Khatima Tharu;Tharu
tku		Totonaca;Totonaco;Totonaco del río Necaxa;Totonaco xalac Patla;Upper Necaxa Totonac
tkv		Pano
tkw		Buma;Puma
tkx		
tkz		Langya;Quang Tin Katu
tgl		Wikang Tagalog
tgl		Wikang Tagalog
tgl		Wikang Tagalog
tgl		Wikang Tagalog
tgl		Wikang Tagalog
tla		Southwestern Tepehuan;Tepehuán del Suroeste
tlb		
tlc		Laakanaachiwíin;Misantla Totonac;Yecuatla Totonac
tld		Talaur;Talaut;Talodda
tlf		Kibluno;Teleefool;Telefolmin;Telefomin
tlg		Tefanma;Tofamna
tlh		tlhIngan Hol
tlh		tlhIngan Hol
tli		Inland Tlingit;Kolosch;Kolosh;Lingít;Thlinget;Tlinkit;Łingít
tli		Inland Tlingit;Kolosch;Kolosh;Lingít;Thlinget;Tlinkit;Łingít
tlj		Bwisi;Bwissi;Kitalinga;Lubwisi;Lubwissi;Mawissi;Olubwisi;Talinga;Talinge
tlk		Taaloki;Talloki;Taluki
tll		Kikitatela;Kitetela;Otetela;Sungu;Ɔtɛtɛla
tlm		Big Bay;Marina;Tolomako-Jereviu
tln		Talondo Kondo;Talondo'
tlo		Ajomang;Gajomang;Jomang
tlp		Filomena Mata-Coahuitlán Totonac;Liisantutumínku;Santo Domingo Totonac;Totonaco Central Alto;Totonaco central del norte;Totonaco de Filomena Mata-Coahuitlán;Tutunáku
tlq		Aw-aak;Bulang-Su;Doi;Khabe;Kon Doi;Kon Loi;Lao Doi;Loi;Mong Lue;Monglwe;Tai Doi;Tai-Loi;Tailoi;Wakut
tlr		Talisi;Tolo
tls		
tlt		Silen;Taluti;Tehoru;Teluti;Tihoru;Wolu
tlu		Northeast Ambon;Sou Amana Teru
tlv		Taliabo
tlx		Levei-Drehet;Levei-Ndrehet
tly		Talesh;Taleshi;Talish;Talishi;Talyshi;Tolish;Tolışə zıvon
tly		Talesh;Taleshi;Talish;Talishi;Talyshi;Tolish;Tolışə zıvon
tly		Talesh;Taleshi;Talish;Talishi;Talyshi;Tolish;Tolışə zıvon
tma		Miisiirii;Tama (Chad);Tamok;Tamongobo;Tamot
tmb		Katbol;Navava;Taremp;Tembimbe-Katbol;Tisvel;Vava
tmc		Bə̀g ɗə təmàgə́ə̀n;Dije;Sara Toumak;Toumak;Tumac;Tumag;Tummok
tmd		Harway;Taman;Waibuk;Wiyau;Wiyaw;Wovan
tme		Taramembé;Teremembé
tmf		Cabanatit;Enenlhet;Enenxet;Machicui;Quilyilhrayrom;Toba of Paraguay;Toba-Enenlhet
tmg		Portugis;Ternatenyo
tmh	ttq	Amazigh;Azbinawa;Bugaje;Buzu;Tahoua;Tahoua Tamajeq;Tajag;Tamachek;Tamajaq;Tamajaq, Tawallammat;Tamajeq;Tamashekin;Tamasheq;Tewellemet;Tomacheck;Touareg;Tourage;Tuareg;Təmajəq
tmh	ttq	Amazigh;Azbinawa;Bugaje;Buzu;Tahoua;Tahoua Tamajeq;Tajag;Tamachek;Tamajaq;Tamajaq, Tawallammat;Tamajeq;Tamashekin;Tamasheq;Tewellemet;Tomacheck;Touareg;Tourage;Tuareg;Təmajəq
tmh	ttq	Amazigh;Azbinawa;Bugaje;Buzu;Tahoua;Tahoua Tamajeq;Tajag;Tamachek;Tamajaq;Tamajaq, Tawallammat;Tamajeq;Tamashekin;Tamasheq;Tewellemet;Tomacheck;Touareg;Tourage;Tuareg;Təmajəq
tmi		Leotatuva;Tutuba
tmj		Karfasia;Samarkena;Tamaja;Tamaya
tml		Asmat Darat;Kau Adakam;Tamnim;Tamnim Citak
tmm		Tai Man Thanh;Thanh;Táy Thanh
tmn		Dayak Taman;Taman (Indonesia);Taman Dayak
tmo		
tmq		
tmr		Babylonian Talmudic Aramaic;Jewish Babylonian Aramaic (ca. 200-1200 CE)
tmr		Babylonian Talmudic Aramaic;Jewish Babylonian Aramaic (ca. 200-1200 CE)
tms		Domurik;Lomorik;Lomuriki;Tamanik;Yibwa
tmt		Goa;Merioa;Tasmate;’Oa
tmu		Iaw;Urundi;Ururi;Yau;Yav ba
tmv		Litembo;Motembo;Tembo (Motembo)
tmw		Benua;Niap
tmy		
tmz		Tamanaco;Tamañkú
tsn		Bechuana;Beetjuans;Chuana;Chwana;Coana;Cuana;Sechuana;Secoana;Secwana;Tshwana;Tsiwaha;Tswana
tsn		Bechuana;Beetjuans;Chuana;Chwana;Coana;Cuana;Sechuana;Secoana;Secwana;Tshwana;Tsiwaha;Tswana
tna		Eshama;Takana;Tupamasa
tnb		Aguas Blancas;U’wa;Western Tunebo
tnc		Letuama;Letuhama;Ohañara;Opaina;Retuama;Retuarã;Tanimboka;Tanimuca-Retuarã;Uairã;Ufaina;Wejeñememaja;Wejeñememaja oka
tnd		Angosturas Tunebo;Uw Cuwa
tng		Gabri;Gabri-Nord;Gabri-North;Northern Gabri
tnh		Banara;Miani South;Tani;Wagimuda
tni		
tnk		Nafe;Ncfe;Neninafe;Nxnincfe;Nəfe;Nɨfe;Nɨninɨfe;South Tanna;Southeast Tanna
tnl		Lenakel;Nakaraan taha Lenakel;Nakharan taha Lénakel;Netfar;Netuvar;Netwaar;Netwar;Nɨtuar;Tanna;West Tanna
tnm		Jakari;Tabi;Tanah Merah;Tanahmerah;Tepera
tnn		Naka;North Tanna;Not Tana;Nən-naka;Nɨnakə
tno		Toromona
tnp		Napuanmen;Narak;Whitsands
tnq		Taino
tnr		Bande;Basari du Bandemba;Bedik;Budik;Manik;Münik;Onik;Tandanke;Tenda;Tendanke
tns		Tench
tnt		Pakewa;Tompakewa;Tountemboan
tnu		Tai Kang;Tay Chieng;Tay Khang
tnv		Tanchangya;Tonchonga
tnv		Tanchangya;Tonchonga
tnw		Tombatu;Toundanow
tnx		Tetau;Tetawo
tny		Kitongwe;Sitōngwe
tnz		Maniq;Mos;Mos Tean-ean;Tean-ean;Ten'edn;Ten’en;Tonga;Tonga-Mos
ton		Faka Tonga;Tonga;Tonga (Tonga Islands)
tob		Chaco Sur;Emok-Lik;Namqom;Qom;Qom l’aqtac;Qom-Lik;Qoml’ek;Takshika;Toba Qom;Toba Sur
toc		Coyutla Totonac;Totonaco;Totonaco Central del Sur;Totonaco de Coyutla;Tutunakú
tod		Toa;Toale;Toali;Tooma
tof		Gizra;Toga
tog		Chitonga;Kitonga;Siska;Sisya;Tonga (Nyasa);Western Nyasa
toh		Bitonga;Gitonga;Guitonga;Inhambane;Shengwe;Tonga-Inhambane;guiTonga
toi		Batonga;Chitonga;Plateau Tonga;Tonga (Zambia);Zambezi;iciTonga
toi		Batonga;Chitonga;Plateau Tonga;Tonga (Zambia);Zambezi;iciTonga
toj		Chañabal;Comiteco;Tojol-ab’al
tok		
tol		Smith River
tom		Minahasa;Minhasa;Tombalu;Tombula;Tombulu’;Toumbulu
too		Apapantilla Totonac;Northern Totonac;Tachihuin;Tachiwiin;Totonaca;Totonaco;Totonaco Central del Norte;Totonaco de Villa Juárez;Totonaco del Norte;Totonako;Xicotepec De Juárez Totonac;Xicotepec Totonac
top		Lichiwin Tutunaku;Lowland Totonaca;Papantla Totonac;Totonaco;Totonaco de Papantla;Totonaco de la Costa;Tutunakú
toq		Akara;Kare;Kumi;Taposa;Topotha;ŋatoposa
tor		Togbo-Vara Banda
tos		Highland Totonac;Sierra Totonac;Totonaco;Totonaco Central Alto;Totonaco Central del Sur;Totonaco de la Sierra;Tutunakú
tou		Cuoi;Cuoi Cham;Ho Muong Meridional;Keo
tov		Upper Taromi
tow		Hemish;Jemez Towa;Towa
tox		Hatohobei;Ramari Hatohobei;Tobi
toy		
toz		
tpa		
tpc		Azoyú Me'phaa;Azoyú Tlapanec;Me’phaa;Mè’phàà;Mè’pháà Tsìndíì;Tlapaneco de Azoyú;Tlapaneco del Sur
tpe		Hill Tippera;Tipperah;Tippurah;Tipra;Tipura;Triperah;Tripura
tpe		Hill Tippera;Tipperah;Tippurah;Tipra;Tipura;Triperah;Tripura
tpf		Sufrai;Tarfia
tpg		Kola;Lamtoka;Lantoka;Tanglapui
tpi		Melanesian English;Neomelanesian;New Guinea Pidgin English;Pidgin;Pisin
tpi		Melanesian English;Neomelanesian;New Guinea Pidgin English;Pidgin;Pisin
tpj		Guaraní Ñandeva;Guasurango;Guasurangue;Nandeva;Tapiete;Tapieté;Tirumbae;Yanaigua;Ñanagua
tpk		Margaya;Tupinaki;Tupinikim;Tupiniquim;Tupiniquin;Tupiniquín
tpl		Me’phaa;Me’phaa de Tlacoapa;Meꞌpa̱a̱ Wíꞌi̱i̱n;Mi’phaa;Tlacoapa Me'phaa;Tlacoapa Tlapanec;Tlapaneco;Tlapaneco de Tlacoapa;Tlapaneco del Centro
tpm		Tampele;Tamplima;Tampole;Tampolem;Tampolense;Tamprusi
tpn		Abáñeenga;Brasílico;Classical Tupí;Língua Brasílica;Old Tupí;Tupi Antigo;Tupí;Ñeendyba
tpw		
tpo	thc	Hàng Tong;Tai Hang Tong;Tai Paw;Thai Muong;Tày Muòng
tpp		Lhichiwin;North Tepehua;Pisaflores Tepehua
tpq		Nesang;Nyam-Kad;Nyam-kat;Nyamkad;Tukpa
tpr		
tpt		Lhiimaasipijni;Lhimasipijni;Liimaasipijni;Tlachichilco Tepehua;West Tepehua
tpu		Campuon;Proon;Proons;Tamphuan;Tampuen;Tampuon;Tompuonn;Tumpuon
tpv		Northern Carolinian;Talaabog;Talaabwogh
tpx		Acatepec Me'phaa;Acatepec Tlapanec;Me’pa;Me’pa Wí’ìn;Me’phaa;Me’pàà Wí’ììn;Meꞌpa̱a̱ Wíꞌi̱i̱n;Tlapaneco de Acatepec;Tlapaneco del Suroeste;Western Tlapanec
tpy		
tpz		Timputs;Vasui;Vasuii;Wasoi
tqb		Tenetehara;Timbé;Turiwara
tql		Teqel
tqm		
tqn		Celilo;Columbia River Sahaptin;Umatilla-Tenino;Warm Springs
tqo		East Elema;Motumotu
tqp		Tomoive;Tomoyp;Tumie;Tumuip
tqq		Af-Tunni
tqr		
tqt		Kintachiuinkan;Ozumatlán Totonac;Totonaco Norte de Huauchinango;Totonaco de Ozomatlán;Western Totonac;Xinolatépetl Totonac;Xinulajgsípij Totonaco
tqu		Baniata;Banyata;Lokuru;Mbaniata
tqw		
tur		Anatolian;Istanbul Turkish;Osmanli;Turki;Turkmen;Turkoman;Türkisch;Türkçe
tur		Anatolian;Istanbul Turkish;Osmanli;Turki;Turkmen;Turkoman;Türkisch;Türkçe
tur		Anatolian;Istanbul Turkish;Osmanli;Turki;Turkmen;Turkoman;Türkisch;Türkçe
tur		Osmanli;Turki;Türkçe
tur		Anatolian;Istanbul Turkish;Osmanli;Turki;Turkmen;Turkoman;Türkisch;Türkçe
tra		
trb		Terepu;Turubu;Turupu
trc		Copala Trique;Copala Triqui;Copala-Trique;Trike;Trique;Triqui Bajo;Triqui de San Juan Copala;Xnaꞌánj nu̱ꞌ
trd		
tre		East Tarangan;East Trangan;Tarangan Timur
trf		Trinidadian Creole English
trg		Galihalu;Iranian Azerbaijan Jewish Neo-Aramaic;Lakhlokhi;Lakhlókh;Lishanid Nash Didán;Lishanán;Lishán Didán
trh		
tri		Tarona;Tarëno;Tarëno ijomi;Tiriyó;Tirió;Yawi
trj		Torom;Torum
trl		Scottish Cant;Scottish Traveller Cant
trm		Katar Gambir;Trigami
trn		Mojeño;Mojeño Trinitario;Mojo;Mojos;Moxeño;Moxo;Moxos
tro		Tarao;Tarao Naga;Taraotrong;Tarau
trp		Debbarma;Hill Tippera;Kakbarak;Kohkborohk;Kokbarak;Kokborok;Tipura;Tripura;Tripuri;Usipi Mrung
trp		Debbarma;Hill Tippera;Kakbarak;Kohkborohk;Kokbarak;Kokborok;Tipura;Tripura;Tripuri;Usipi Mrung
trq		San Martín Itunyoso Trique;San Martín Itunyoso Triqui;Triqui Alto;Triqui de San Martín Itunyoso;snáhánj nìh
trr		Pinche;Pinchi
trs		Chicahuaxtla Trique;Chicahuaxtla Triqui;Nânj Nï̀nꞌïn;Trike;Trique;Triqui Alto;Triqui de San Andrés Chicahuaxtla
trt		Tarunggare;Turunggare
tru		Surayt;Suryoyo;Syryoyo;Süryani;Turani;Western Neo-Syriac;Ṭūr ‘Abdinian Aramaic
tru		Surayt;Suryoyo;Syryoyo;Süryani;Turani;Western Neo-Syriac;Ṭūr ‘Abdinian Aramaic
trv		Bu-Hwan;Che-Hwan;Daiya-Ataiyal;Hogo;Iboho;Saediq;Sazek;Sedek;Sedeq;Sediakk;Sedik;Seedakka;Seedek;Seedeq;Seedik;Seediq;Sejiq;Shedekka;Taroko;Taruku;Toda;Toroko
trw		Kohistani;Torwalak;Torwalik;Turvali
trx		Tringgus-Sembaan Bidayuh;Tringus
try		Tai Turung;Tailung;Tairong
trz		Tora;Toraz;Torerizes;Toré;Tura;Turá
tso		Changana;Gwamba;Shangaan;Shangana;Shangani;Shitsonga;Thonga;Tonga;Vatsonga;Xichangana;Xitsonga
tso		Changana;Gwamba;Shangaan;Shangana;Shangani;Shitsonga;Thonga;Tonga;Vatsonga;Xichangana;Xitsonga
tsa		Batsangui;Icaangi;Icaangui;Itsaangi;Itsangi;Itsengi;Tcengui;Tchangui;Tsangi;Tsengi
tsb		
tsc		Kitshwa;Sheetshwa;Shitshwa;Tshwa;Xitshwa;Xitswa
tsd		Laconian;Tsakonia;Tsakonika
tse		
tsg		Bahasa Sūg;Joloano;Joloano Sulu;Jolohano;Moro;Moro Joloano;Pamung Sug;Sinug;Sinug Tausug;Sinūg;Sooloo;Sug;Sulu;Suluk;Taosug;Tausog;Taw Sug
tsg		Bahasa Sūg;Joloano;Joloano Sulu;Jolohano;Moro;Moro Joloano;Pamung Sug;Sinug;Sinug Tausug;Sinūg;Sooloo;Sug;Sulu;Suluk;Taosug;Tausog;Taw Sug
tsh		Motsuvan;Tchede;Telaki;Teleki;Terki;Tsuvan
tsi		Chimmezyan;Maritime Tsimshianic;Sm’algyax;Tsimpshean;Tsimshean;Zimshian
tsj		Canglo Monba;Cangluo Menba;Cangluo Monba;Central Monpa;Dirang;Memba;Menba;Monba;Monpa;Motuo;Motuo Menba;Sangla;Sarchapkkha;Shachobiikha;Shachopkha;Sharchagpakha;Sharchhokpa;Sharchhop;Sharchokpa-lo;Sharchopkha;Tsangla;Tsangla Monba;Tsanglo;Tschanglo;Tshalingpa
tsk		Tsuku;Tzuku
tsl		Lao;Ts'ün-Lao
tsm		TID;Türk İşaret Dili;TİD
tsp		Northern Toussian;Tusia;Tusian;Tusya;Tusyang
tsq		MSTSL;Modern Standard Thai Sign Language;TSL;ThSL
tsr		Tasiriki
tss		Taiwan Shouyu;Taiwan Ziran Shouyu
tst		Songway Kiini;TSK
tsu		Cou;Namakaban;Niitaka;Tibola;Tibolah;Tibolak;Tibolal;Tso;Tsoo;Tsu-U;Tsu-Wo;Tsuou;Tzo
tsv		Getsogo;Ghetsogo;Mitsogo
tsw		Ashingini;Cishingini;Kambari;Kamberchi;Kamberri;Salka
tsx		Mubami Ta;Ta
tsy		
tsz		Eastern Lake Purepecha;Phorhépecha;Porhé;Purépecha de la Zona Lacustre;P’orhe;P’orhepecha;P’orhépecha;P’urhe;P’urhepecha;P’urhépecha
tat		Tartar;Tata’er
tat		Tartar
tat		Tartar;Tata’er
tta		Saponi;Tutelo-Saponi
ttb		Gãã;Tiba;Tәbaya
ttc		Ba’aj;B’a’aj;K’onti’l;Maya-Tekiteko;Qyool;Teco;Tectitec;Tectiteco;Tectitán Mam;Tectitán Mame;Tujqyol
ttd		Goilala;Tauata
tte		Tubetube
ttf		Bonek;Otomb;Ponek;Tuo-tang tuotomb;Tuotom;Tuotomp
ttg		Tutung
tth		Kantua;Katang;T-Oy;Ta Hoi;Ta-Oi;Ta-Oy;Ta-oiq;Tau Oi;Ta’oiq;Toi-Oi;Tà-Oi;Upper Ta'oih
tti		Enggros;Humboldt Jotafa;Jayapura;Jotafa;Tobwadic;Yautefa;Yotafa
ttj		Orutoro;Rutooro;Rutoro;Toro
ttk		
ttl		Echitotela
ttm		Northern Tutchone;Selkirk;Tutchone du Nord
ttn		Towe
tto		Lower Ta'oih;Tong
ttp		Baria;Belala;Mbelala
ttr		
tts		Esarn;Isaan;Issan;Northeastern Thai;Thai Isaan
ttt		Muslim Tat;Mussulman Tati;Musulman Tats;Tati
ttt		Muslim Tat;Mussulman Tati
ttt		Muslim Tat;Mussulman Tati;Musulman Tats;Tati
ttu		Rorovana;Torauai
ttv		Manus;Moanus;M’bunai;Tito
ttw		Tutoh Kenya;Tutoh Kenyah
tty		Aikwakai;Araikurioko;Ati;Sikari;Tori;Tori Aikwakai
ttz		Tsumba;Tsumge;Tsumke
tua		Imandi;Mandi
tub		Pahkaanil;Pahka’anil;Pakaanil;Pakanapul
tuc		Saveeng;Sisi;Tuam;Tuam-Mutu;Tuom
tuc		Mutu - Saveeng-Oov;Saveeng;Sisi;Tuam;Tuam-Mutu;Tuom
tuc		Mutu - Saveeng-Tuam;Saveeng;Sisi;Tuam;Tuam-Mutu;Tuom
tud		Payacú;Rodela;Todela;Tusha;Tushá
tue		Borá-Tuyuka;Docapúaraye;Dochkafuara;Doka-Poara;Dokapuara;Doxká-Poárá;Tejuca;Tuiuca;Tuyuka;Utapinõmakãphõná
tuf		Central Tunebo;Cobaría Tunebo;Lache;Tunebo;Uw Cuwa;Uwa-Tunebo;U’wa
tug		Tounia;Tun;Tunya
tuh		Taulil
tui		Dema;Honya;Mata;Ndoore;Ndore;Tongoyna;Toubouri;Toupouri;Tpuri;Tuburi;Wina;jäāk Tpür;jäāk Tüpür;jäāk Tüpürï
tuj		O Totobeloho;Tobelo Boeng;Togutil
tul		KiTule;Kotule;Kutule;Kɪtʊlɛ;Ture;Yi Kɪtʊlɛ;yii Ki̱tule
tum		Chitumbuka;Citumbuka;Tamboka;Tambuka;Tew;Timbuka;Tombucas;Tumboka
tun		Luhchi Yoroni;Tonica;Yuron
tuo		Betaya;Betoya;Betoye;Dachsea;Dahseyé;Dasea;Dasea ye;Daxsea;Takuna;Tukana;Tukano;Tukána;Ye’pãmasa
tuq		Tebou;Tebu;Teda;Teda-Daza;Tibbu;Toda;Todaga;Todga;Toubou;Tubu;Tuda;Tudaga
tus		Ska:rù:rę’;Skarohreh
tuu		Lower Rogue River
tuv		Buma;Bume;Ng’aturkana;Turkwana
tux		Tuchinaua;Tushinawa;Tutxinawa;Tuxinaua;Tuxinawa
tuy		Tukēn
tuz		Curama;Cuurammã;Cuuramã;Tchourama;Tourka;Turuka;Tyurama
tva		Tavola;Tavula;Vagua
tvd	kxe	Abadi;Avadi;Evadi;Ibeto;Kamberi;TsuVaɗi;Tsuvaɗi;Vadi
tve		Bahasa Teon;Te'un;Teun
tvi		Tulanci;Tulawa;Tule
tvk		Southeast Ambrym;Vatlongos
tvl		Ellice;Ellicean;Te ’gana Tūvalu;Tuvalu
tvm		Masbuar-Tela;Tela’a
tvn		Dawai;Dawe;Dawei;Tavoya;Tawe-Tavoy
tvo		
tvs		Dabida;Kitaveta;Kitubeta;Kitubheta;Tubeta
tvt		Totcha;Tutsa;Tutsa Naga
tvu	baz	Banen;Banend;Nen;Penin;Penyin
tvw		Baria;Tawaelia;Tawailia;Tawelia;Topobaria
tvx		Taivuan;Tevorang;Tevorangh
tvy		Bidau Creole Portuguese;Portuguese Timor;Português de Bidau;Timor Creole Portuguese;Timor Pidgin;Timor pidgin
twa		Skokomish;Ti’tuwaduqut’sid;Tuwa’duqx
twb		Batangan Taubuid;Fanawbuid;Kanlurang bahagi Tawbuid;Occidental Tawbuid;Taubuid;Western Taubuid;Western Tawbuid
twc		
twd		Twente
twe		Tewa;Tewa (Indonesia)
twf		Northern Tiwa;Tigua;Tiwa
twg		
twh		Bai Dai;Tai Blanc;Tai Jinping;Tai Kao;Tai Khao;Tai Lai;Thái Tráng;Táy Khao;Tãy Ðón;White Tai
twh		Bai Dai;Tai Blanc;Tai Jinping;Tai Kao;Tai Khao;Tai Lai;Thái Tráng;Táy Khao;Tãy Ðón;White Tai
twl		Tauara;Tavara;Tawala
twm		Brahmi;Buruomiba;Cona Monba;Cuona Menba;Cuona Monpa;Dakpa;Dwags;Menba;Menpa;Moinba;Momba;Mompa;Monba;Monba, Cuona;Monkit;Monpa;Northern Monpa;Pramipa;Takpa;Tawan Monba;Tawang Monpa
twm	tkk	Brahmi;Buruomiba;Cona Monba;Cuona Menba;Cuona Monpa;Dakpa;Dwags;Menba;Menpa;Moinba;Momba;Mompa;Monba;Monba, Cuona;Monkit;Monpa;Northern Monpa;Pramipa;Takpa;Tawan Monba;Tawang Monpa
twm		Brahmi;Buruomiba;Cona Monba;Cuona Menba;Cuona Monpa;Dakpa;Dwags;Menba;Menpa;Moinba;Momba;Mompa;Monba;Monba, Cuona;Monkit;Monpa;Northern Monpa;Pramipa;Takpa;Tawan Monba;Tawang Monpa
twn		Cambap
two		Setswapong
twp		Ede;Londru
twq		Ingalkoyyu’;Ingelshi;Tassawaq
twr		Southwestern Tarahumara;Tarahumara del Suroeste;Tubare
twt		Turiguara;Turiuara;Turiwara
twu		Central Rote;Pa’da;Rote;Rote Tengah;Roti;Rotinese
tww		
twx		Chitewe;Chiute;Ciute;Teve;Utee;Vateve;Wateve
twy		Tabojan;Tabojan Tongka;Taboyan;Tabuyan;Tawoyan Dayak;Tewoyan
txa		Lobu;Paitan;Sungai;Sungei;Tambanua;Tambanuo;Tambanuva;Tambanwas;Tambenua;Tambunwas;Tangar nu Tombonuo;Tembenua;Tombonuva;Tombonuwo;Tumbunwha;Tunbumohas
txb		
txb		
txc		Jits’aawit;Wetalh;Wetaŀ
txe		Gage;Tolitoli;Tontoli;Totolri
txg		
txh		
txi		Chicao;Tonore;Tunuli;Txicão;Txikân;Txikão
txj		Old Kanembu
txm		Mouton;Moutong;Tiadje;Tialo
txn		Rau Jarjar;Tarangan Barat;West Tarangan;West Trangan
txo		
txo		
txo		
txq		Rote;Rote Barat;Roti;Rotinese;Thie;Ti;Western Rote
txr		
txs		Tonsea’
txt		Asmat Darat;Cicak;Kau Adagum;Kau Atakum;Kaunak;Tjitak;Tjitjak
txu		Cayapo;Kokraimoro;Mebêngokrê;Mẽbêngôkre kabẽn;Put Karot
txx		Dusun Tatana;Gia Tatana;Kadazan Tatana;Tatanaq;Tatana’
txy		Anatanosy;Tanosy Malagasy;Tanôsy
tah		Reo Tahiti
tya		Foʔu;Foʔu Po;Inafosa
tye		Canga;Cenka;Changa;Kenga;Kyangawa;Kyanggana;Kyangganya;Kyenga;Kã;Tienga;Tyanga;Tyenga
tyh		Haat;Hat;O Du;O'du;Oedou;Ơ Đu;’Iduh
tyi		Getsaayi;Tsaayi;Tsaya;Tsaye;Tsayi;West Teke
tyj	tmp	Jò;Tai Do;Tai Maen;Tai Men;Tai Mene;Tai Muong;Tai Mène;Tay Quy Chau;Tay Yo;Tay-Jo;Thai Muong;Thái Do;Tày Dọ’
tyj		Jò;Tai Do;Tai Maen;Tai Men;Tai Mene;Tai Muong;Tai Mène;Tay Quy Chau;Tay Yo;Tay-Jo;Thai Muong;Thái Do;Tày Dọ’
tyl		
tyn		Komboy
typ		Awu Laya;Awu-Alaya;Coo-coo-warra;Gugu Dhayban;Gugu Thaypan;Koko Laia;Kokowara;Kuku-Thaypan;Laya;Wu-Laya
tyr		Daeng;Deng;Laeng;Leng;Lèng;Red Tai;Red Thai;Tai Deng;Tai Laeng;Tai Leng;Tai Rouge;Tay Deng;Tay Leng;Thai Dang;Thai Do;Thái Đỏ;Đanh
tys		Tai Sa Pa
tyt		White Tay
tyt		White Tay
tyu		Cua;Tyhua;Tyua
tyv		Diba;Kizhi;Kök Mungak;Soyod;Soyon;Soyot;Tannu-Tuva;Tofa;Tokha;Tuba;Tuva;Tuva-Uriankhai;Tuvia;Tuvin;Tuvinian;Tuwa;Tuwa-Uriankhai;Tyvan;Uriankhai;Uriankhai-Monchak;Uryankhai;Uryankhai-Monchak
tyx		Etyee;Etyeghe;Kwe;Tee;Teke du sud-ouest;Tyee;West Teke;Ɛtyɛɛ
tyy		Ayaa;Boi;Boyawa;Kaye;Tiya;Ya
tyz		Ngan;Phen;Tai Tho;Thu Lao;T’o
tza		LAT;Lugha ya Alama ya Tanzania
tzh		Bats’il k’op;Batz’il K’op;Cancuc;Chanal;Highland Tzeltal;Oxchuc Tzeltal;Tenango;Tenejapa;Tenejapa Tzeltal;Tseltal
tzh		Bats’il k’op;Batz’il K’op;Cancuc;Chanal;Highland Tzeltal;Oxchuc Tzeltal;Tenango;Tenejapa;Tenejapa Tzeltal;Tseltal
tzh		Bats’il k’op;Batz’il K’op;Cancuc;Chanal;Highland Tzeltal;Oxchuc Tzeltal;Tenango;Tenejapa;Tenejapa Tzeltal;Tseltal
tzh		Bats’il k’op;Batz’il K’op;Cancuc;Chanal;Highland Tzeltal;Oxchuc Tzeltal;Tenango;Tenejapa;Tenejapa Tzeltal;Tseltal
tzh		Bats’il k’op;Batz’il K’op;Cancuc;Chanal;Highland Tzeltal;Oxchuc Tzeltal;Tenango;Tenejapa;Tenejapa Tzeltal;Tseltal
tzh		Bats’il k’op;Batz’il K’op;Cancuc;Chanal;Highland Tzeltal;Oxchuc Tzeltal;Tenango;Tenejapa;Tenejapa Tzeltal;Tseltal
tzh		Bats’il k’op;Batz’il K’op;Cancuc;Chanal;Highland Tzeltal;Oxchuc Tzeltal;Tenango;Tenejapa;Tenejapa Tzeltal;Tseltal
tzj		Eastern Tzutujil;Santiago Atitlán Tzutujil;Tz'utujil;Tzutuhil;Tzutujil;Tzutujil Oriental
tzj		Eastern Tzutujil;Santiago Atitlán Tzutujil;Tz'utujil - Western;Tzutuhil;Tzutujil;Tzutujil Oriental
tzl		
tzm		Central Atlas Tamazight;Central Shilha;Middle Atlas Berber;Moroccan Amazigh;Shilha;Tachelhit;Tamazight;Tmazight;Tmaziɣt
tzm		Central Atlas Tamazight;Central Shilha;Middle Atlas Berber;Moroccan Amazigh;Shilha;Tachelhit;Tamazight;Tmazight;Tmaziɣt
tzm		Central Atlas Tamazight;Central Shilha;Middle Atlas Berber;Moroccan Amazigh;Shilha;Tachelhit;Tamazight;Tmazight;Tmaziɣt
tzn		Mahuan;Tutunohan
tzo		Bats’i c’op;Bats’i k’op;Tsotsil
tzo		Bats’i c’op;Bats’i k’op;Tsotsil
tzo		Bats’i c’op;Bats’i k’op;Tsotsil
tzo		Bats’i c’op;Bats’i k’op;Tsotsil;Tzotzil - Huixtan
tzo		Bats’i c’op;Bats’i k’op;Tsotsil;Tzotzil - San Andres
tzo		Bats’i c’op;Bats’i k’op;Tsotsil
tzo		Bats’i c’op;Bats’i k’op;Tsotsil;Tzotzil - Zinacantan
tzx		Ambonwari;Tabriak
uam		Aticum;Atikum;Huamuê;Wamoé
uan		Guan;Tai Guan;Tai Khouan;Tai Kouane;Tai Kuan;Tai Kwan
uar		Kerema;Tairuma’a;Uaripi
uba		Ùbâŋ
ubi		Oubi;Ubu
ubl		Bikol Buhi;Bikol-Boînën;Boie’nen;Boînan;Boînën;Buhi;Buhi'non Bikol;Buhi-non;Buhi’non
ubr		Kubiri;Ubiri
ubu		Gawigl;Gawil;Hagen;Imbo-Ungu;Kakoli;Kaugel;Kauil;Ubu Ugu;Umbongu
ubu		Gawigl;Gawil;Hagen;Imbo-Ungu;Kakoli;Kaugel;Kauil;Ubu Ugu;Umbongu
ubu		Gawigl;Gawil;Hagen;Imbo-Ungu;Kakoli;Kaugel;Kauil;Ubu Ugu;Umbongu
ubu		Gawigl;Gawil;Hagen;Imbo-Ungu;Kakoli;Kaugel;Kauil;Ubu Ugu;Umbongu
uby		Oubykh;Pekhi;Ubyx
uby		Oubykh;Pekhi;Ubyx
uda		
ude		Kiakala;Tazy;Ude;Udege;Udegei;Udegej;Udeghe;Udehe;Udekhe;Udige;Udighe
udg		Mudugar
udi		Udi muz;Udin;Udin muz;Uti
udi		Udi muz;Udin;Udin muz;Uti
udi		Udi muz;Udin;Udin muz;Uti
udj		Udjir
udl		Ma Wuzlam;Mizlime;Ouldeme;Udlam;Uldeme;Uzam;Uzlam
udm		Votiak;Votyak
udm		Votiak;Votyak
udu		Cai;Kamus;Kebeirka;Korara;Kumus;Kwanim Pa;Othan;Tam;Twampa
ues		
ufi		
uig		Novouygur;Uighor;Uighuir;Uighur;Uiguir;Uigur;Uyghuri;Uygur;Weiwu’er;Wiga;Wighor
uig		Novouygur;Uighor;Uighuir;Uighur;Uiguir;Uigur;Uyghuri;Uygur;Weiwu’er;Wiga;Wighor
uig		Novouygur;Uighor;Uighuir;Uighur;Uiguir;Uigur;Uyghuri;Uygur;Weiwu’er;Wiga;Wighor
uig		Uighuir;Uighur;Uiguir;Uigur;Uygur
uga		
ugb		Kugu-Ugbanh
uge		Ugele
ugh		Arbuk;Kubachi-Ashty;Kubachin;Kubachinskiy;Kubachintsy;Kubaci;Ughbug;Zirexgeran
ugn		Lugha ya Alama ya Uganda;Olulimi Iwobubonelo e Uganda;UGANDA SIGN;USL;UgSL
ugo		Gong;Lawa;Ugawng
ugy		LSU;Lengua de Señas Uruguaya
uha		Isua
uhn		Amung;Amung Kal;Amungme;Amuy;Enggipiloe;Hamung;Oehoendoeni;Uhunduni
uis		
uiv		Asumbo;Ndir;Uive;Yiive;Yive
uji		Jijili;Koro;Tanjijili;Ujijili
ukr		Ucrainean;Ukraiński;Ukrán
ukr		Ucrainean;Ukraiński;Ukrán
ukr		Ucrainean;Ukraiński;Ukrán
uka		
ukg		
ukh		Benkonjo;Ukwedjo
uki		Kanda;Kandh;Khond;Khondi;Khondo;Kodu;Kodulu;Kui (India);Kuinga;Kutia;Kuy
ukk		Doi;Muak;Muak Saak;duai: muak see aak;muak see aak
ukl		USL;Ukrayinska Mova Zhestiv;Ukrayinska Zhestova Mova
ukp		Ukpe;Ukpe-Bayobiri
ukq		
uks		Ka’apor Sign Language;LSK;LSKB;Lingua de sinais ka’apor;Lingua dos Sinais Kaapor Brasileira;Língua de Sinais Kaapor Brasileira;Urubú-Kaapor Sign Language
uku		Ekpenmen;Ekpenmi;Epinmi;Ukpe
ukv		Kukuu
ukw		
uky		Koko Yak;Kuku Yak;Kuuk Yak
ula		Afungwa;Ayungo;Chi-Fungwa;Cifungwa;Tufungwa;Ula;Ura;Yungo
ulb		Olukumi;Olukwumi;Ulukwumi;Unukwumi
ulc		Hoche;Hol-Chih;Olch;Olcha;Olchis;Ulcha;Ulchi;Ulych;Ul’cha
ule		Lule-Tonocoté;Tonocoté
ulf		Afra
uli		Ulithi;Yulidiy
ulk		East Torres;Mer;Meriam;Meryam Mir;Mir;Miriam;Miriam-Mir
ull		Katan;Kattalan;Kochuvelan;Ulladan
ulm		Awo-Sumakuyu;Botteng-Tappalang;Kado;Oeloemanda;Paʔnnei;Tubbi;Ulumanda';Ulumandak;Ulunda
uln		Rabaul Creole German
ulu		Oma Longh;Uma' Lung
ulw		Sumu;Ulúa;Woolwa
uly		Bili;Bulawa;Bələ;Bɨlɨ;Ɓuli
uma		Columbia River Sahaptin;Ichishkíin
umb		Kimbari;Mbali;Mbari;Mbundu;Mbundu Benguella;M’bundo;Nano;Olumbali;Ovimbundu;South Mbundu;Umbundo
umc		
umd		Baka;Banjigam;Barungguan;Barunguan;Ganganda;Jintjingga;Koko Ompindamo;Kuuku-Umpinthamu;Njindingga;Umbuigamu;Umpinthamu;Umpithamu;Uuku Umpithamu;Yintjingga;’Uuk-Umpithamu
umg		Baka;Banjigam;Barungguan;Barunguan;Ganganda;Jintjingga;Kuuku-yani;Moroba-Lama;Morrabalama;Morrobolam;Njindingga;Umbuygamu;Umbuykamu;Umpuykumu;Yintjingga
umi	szd	Bhuket
umm		Umon
umn		Lasam;Macham Naga;Makyam;Makyan Naga;Pongnyun
umo		Barbados;Omotina;Umutina
ump		Umbila
umr		Mbakarla
ums		Ndaoe;Ndau
una		North Watut;Onank;Unangg;Unank;Watut
und		
une		Ileme;Ineme;Uleme
ung		Ngarinjin;Ungarinjin;Ungarinyin
uni		Ramo;Uni Ramo
unk		Eneuene-Mare;Salumã
unm		Delaware;Lenape;Lenni-Lenape
unn		Cunni;Ganai;Gooni;Gunna;Gunnai;Kanai;Kunnai
unr		Colh;Horo;Kolh;Mandari;Mondari;Mudiyari;Munari;Munda;Muṇḍari;Satar
unr		Colh;Horo;Kolh;Mandari;Mondari;Mudiyari;Munari;Munda;Muṇḍari;Satar
unr		Colh;Horo;Kolh;Mandari;Mondari;Mudiyari;Munari;Munda;Muṇḍari;Satar
unr		Colh;Horo;Kolh;Mandari;Mondari;Mudiyari;Munari;Munda;Muṇḍari;Satar
unr		Colh;Horo;Kolh;Mandari;Mondari;Munari;Muṇḍari
unr		Colh;Horo;Kolh;Mandari;Mondari;Mudiyari;Munari;Munda;Muṇḍari;Satar
unu		Unoba’i
unx		Heriki;Killi;hoɽo jagar;muɳɖa jagar
unx		Heriki;Killi;hoɽo jagar;muɳɖa jagar
unx		Heriki;Killi;hoɽo jagar;muɳɖa jagar
unz		Banava;Banawa;Unde Kaili
uon		Kulun
upi		
upv		Northeast Malakula;Tirax
upv		Northeast Malakula;Tirax
upv		Northeast Malakula;Tirax
upv		Northeast Malakula;Tirax
upv		Northeast Malakula;Tirax
urd		Bihari;Islami;Modern Standard Urdu;Undri;Urudu
urd		Bihari;Islami;Modern Standard Urdu;Undri;Urudu
urd		Islami;Undri;Urudu
urd		Islami;Modern Standard Urdu;Undri;Urudu
urd		Modern Standard Urdu
ura		Cimarrón;Itucale;Itucali;Itukale;Kacha Edze;Kacha Ere;Oroarina;Oruarinya;Shimacu;Simacu
urb		Caapor;Kaaporté;Ka’apor;Urubú-Kaapor;awa je’ẽha
urc		Giimbiyu;Uningangk;Urningangga;Urningangk;Wuningak
ure		Iru-Itu;Morato;Muratu;Uchumataqu
urf		Otati
urg		Kopuka;Origanau;Urigina;Uriginau;Wakoro
urh		Biotu
uri		Kurom;Kwrom;Tayon;Wan
urk		Chaw Talay;Lawoi;Lawta;Lumoh Lawoi’;Olang Lawta;Orak Lawoi’;Urak Lawoi'
url		Oorazhi;Uraly;Urli
urm		Urabmin;Urap
urn		Faur;Tubiruasa
uro		Auramot;Ura (Papua New Guinea);Uramet;Uramit;Uramot;Uramät
urp		
urr		Divers Bay;Lehalurup
urt		
uru		Itanga;Ramarama;Ramarama-Urumí;Urumí
urv		
urw		Kari;Sop;Usino
urx		Ulimo;Yaugiba
ury		Oria;Uria;Warpok;Warpu
urz		Eru-Eu-Wau-Wau;Jupaú;Kagwahiva;Kawahíb;Uru-Eu-Uau-Uau;Uruewawau
usa		Usurufa;Uturupa;Uturábáímmá
ush		Ushuji
usi		Kaobrung;Kau Brung;Unshoi;Unsuiy;Ushoi;Usui
usi		Kaobrung;Kau Brung;Unshoi;Unsuiy;Ushoi;Usui
usk		Isangele;Usakade;Usakedet
usp		Uspanteco
uss		Western Duka;Western Dukawa;es-Saare;sSaare;əs-Saare
usu		Usu
uta		Itank;Otang;Otanga;Otank;Utanga;Utange;Utank
ute		Colorado River Numic;Southern Paiute;Ute-Chemehuevi
uth	dud	Eastern Duka;Eastern Dukawa;Ethun;Hun-ne;Hune;et-Hun;it-Hun;tHun;u̱t-Hun;ət-Hun
utp		Aba;Amba (Solomon Islands);Nembao;Utupua
utr		Eturo;Turumawa;Utur
utu		
uum		
uum		
uur		Ura (Vanuatu)
uuu		Awa;Awa Blang;A’erwa;Puman;P’uman;Wa;Wu;Wu Blang
uve		Faga Uvea;Faga-Uvea;Iaian;Ouvean;West Uvean
uvh		Erap;Uri Vehees;Urii
uvl		Lohote;Uvol
uwa		Gugu-Uwanh;Kugu-Uwanh
uya		Basanga;Doko-Uyanga;Dosanga;Iko;Uyanga
uzb	uzn	Ouzbek;O’zbek;Usbaki;Usbeki;Uzbek, Northern;oʻzbek;oʻzbek tili;oʻzbekcha;Özbek
uzb	uzn	Ouzbek;O’zbek;Usbaki;Usbeki;Uzbek, Northern;oʻzbek;oʻzbek tili;oʻzbekcha;Özbek
uzb	uzn	Ouzbek;O’zbek;Usbaki;Usbeki;Uzbek, Northern;oʻzbek;oʻzbek tili;oʻzbekcha;Özbek
uzb		
uzb	uzn	Ouzbek;O’zbek;Usbaki;Usbeki;Uzbek, Northern;oʻzbek;oʻzbek tili;oʻzbekcha;Özbek
uzb	uzn	Ouzbek;O’zbek;Usbaki;Usbeki;Uzbek, Northern;oʻzbek;oʻzbek tili;oʻzbekcha;Özbek
uzs		O’zbek;Southern Uzbek;Usbeki;Uzbak;Uzbeki
vaa		Guvvalollu;Haki Piki;Hakkipikkaru;Karikkorava;Kuruvikkaran;Marattiyan;Narakureavar;Narikkorava;Narikoravar;Rattiyan;Shikarijanam;Vaghri;Vaghriwala;Vagri;Wagri Vel;Wogri Boli
vae		
vaf		
vag		Konosarola;Paxala;Vagala
vah		Berar Marathi;Berari;Dhanagari;Kumbhari;Madhya Pradesh Marathi
vai		Gallinas;Gallines;Vei;Vy
vai		Gallinas;Gallines;Vei;Vy
vaj	gfx;mwj;oun	!Ku;!Kung;!O!kung;!O!ung;!Xun;!’O!Xun;!’O-!Khung;Maligo;Northwestern !Xun;Northwestern ǃKung;Sekela;Sekele;Vasekela Bushman;Vasekele
val		Buasi;Vehees
vam		Duso;Manimo;Vanimo;Wanimo
van		Koroko;Koruon;Valman
vao		
vap		Bhaipei;Vaipei;Veiphei;Zome;Zomi
var		Guarijío;Huarijio;Maculái;Macurawe;Macurái;Makurawe;Varihío;Varijío;Varohio;Vorijío;Warihó;Warijio
vas		Adiwasi Bhil;Bhilori;Keski Bhil;Padwi Bhilori;Vasava;Vasava Bhil;Vasave
vas		Adiwasi Bhil;Bhilori;Keski Bhil;Padwi Bhilori;Vasava;Vasava Bhil;Vasave
vau		Bambutuku;Bvanuma;Livanuma;Lɨvanʉma;Nyali-Tchabi;South Nyali
vav		Warli
vav		Warli
vay		Bayu;Hayu;Vayu;Wayo
vbb		Southeast Babar
vbk		Bontoc;Southwestern Bontok
ven		Cevenda;Chivenda;Luvenda;Luvenḓa;Tshivenḓa
ven		Cevenda;Chivenda;Luvenda;Luvenḓa;Tshivenḓa
vec		Chipileño;Talian;Taliano;Venet;Veneto;Veneto braziłian;Veneto chipileño;Veneto cipilen;Vêneto Brasileiro
ved		Beda;Bedda;Vaedda;Veda;Vedda;Veddha;Weda;Weddo
vel		Veluwe
vem		
veo		
vep		Vepsian;Vepsish;Vepsä;Vepsän keli;Vepsän kelʹ
ver		Kobo;Mom Jango;Vere;Were
vgr		Bavri;Salavta;Vaghri Koli
vgt		VGT;Vlaamse Gebarentaal
vie		Annamese;Ching;Gin;Jing;Kinh;Tiếng Việt;Viet;Yuenan-yu
vie		Annamese;Ching;Gin;Jing;Kinh;Tiếng Việt;Viet;Yuenan-yu
vie		Annamese;Ching;Gin;Jing;Kinh;Tiếng Việt;Viet;Yuenan-yu
vie		Annamese;Ching;Gin;Jing;Kinh;Tiếng Việt;Viet
vie		Annamese;Ching;Gin;Jing;Kinh;Tiếng Việt;Viet
vie		Annamese;Ching;Gin;Jing;Kinh;Tiếng Việt;Viet
vie		Annamese;Ching;Gin;Jing;Kinh;Tiếng Việt;Viet
vie		Annamese;Ching;Gin;Jing;Kinh;Tiếng Việt;Viet
vie		Annamese;Ching;Gin;Jing;Kinh;Tiếng Việt;Viet
vie		Annamese;Ching;Gin;Jing;Kinh;Tiếng Việt;Viet
vie		Annamese;Ching;Gin;Jing;Kinh;Tiếng Việt;Viet
vie		Annamese;Ching;Gin;Jing;Kinh;Tiếng Việt;Viet
vic		Netherlands Antilles Creole English;Virgin Islands Creole English
vid		Chividunda;Kividunda;Ndunda
vif		Bavili;Civili;Fiot;Fiote;Tshivili;Tsivili
vig		Viemon;Viemɔ̃;Vievɔ;Vige;Vigué;Vigye
vil		
vin		
vis		Malankudi;Malarkuti
vit		Vötö
viv		Bona Iduna;Bonada;Vivigana;Vivigani
vjk		Brajjika;Brijjika;Vaishali ki boli;Vajjika;Vrijjika;Western Maithili
vka		Gariera;Kariara;Kariera;Kariyara;Karriara
vkj		
vkk		Bintuhan;Ka’ur;Mulak
vkl		Kalisusu;Kolensusu;Kolinsusu
vkm		Ezeshio;Kamakán
vkn	vki	Ija Koro;Koro Afiki;Koro Ija
vko		Kondea;Kondeha
vkp		Creole Portuguese;Korlai Creole Portuguese;Kristi;No Ling;Nou Ling;Nɔ Ling
vkp		Creole Portuguese;Korlai Creole Portuguese;Kristi;No Ling;Nou Ling;Nɔ Ling
vkt		Kutai;Tenggarong;Tenggarong Kutai Malay
vku		Gurama;Karama;Korama;Kurama
vkz		Koro Ganagana;Zuba Koro
vlp		Valpay;Valpei;Valpei-Hukua
vls		Flamand;Frans Vlaams;Vlaams;Vlaemsch;Vlamingen;West Vlaams;West-Vlams;West-Vloams;Western Flemish;Westvlams;flamand occidental
vma		Mardadhunira;Mardudhunira;Martuthunira
vmb		Balbarum;Barbarem;Barbarum;Booburam;Mbabaram;Mbara;Mogmnanarim;Oombarrmbarum;Umbarbarem;Woombarbarram;Wumbabaram
vmc		Central Juxtlahuaca Mixtec;Juxtlahuaca Mixtec;Mixteco de Juxtlahuaca;Mixteco del Oeste Alto;Tu’un davi
vmd		Mudu Koraga;Muudu
vme		East Marsela;East Masela
vmf		Mainfränkisch;Ostfränkisch;Upper Franconian
vmg		Lungalunga;Minigir;Minigiri;Tavue;Vinitiri Lungalungá;Vinitiri Tuna
vmh		
vmi		Bagu
vmj		Ixtayutla Mixtec;Mixteco de Ixtayutla;Mixteco de Santiago Ixtayutla;Northeastern Jamiltepec Mixtec;Santiago Ixtayutla;Tu’un savi;Tuꞌun indyu
vmk		Chirima;Echirima;Emakhua Eshirima;Emakhua Exirima;Emakhuwa Echirima;Eshirima;Makhuwa-Exirima;Makhuwa-Niassa;Makhuwa-Xirima;Shirima;West Makua;Xirima
vml		Maldjana;Maljanna;Malkana
vmm		Jnu’u lavi;Mitlatongo Mixtec;Mixteco de Mitlatongo;Tu’un lavi
vmp		En naxijen;Mazateco de San Miguel Soyaltepec;Mazateco de Temascal;Mazateco del Noreste;Soyaltepec Mazatec
vmq		Mixteco de San Bartolo Soyaltepec;Mixteco del Noreste Bajo;San Bartolo Soyaltepec;Soyaltepec Mixtec;Tu’un savi
vmr		Emarendje;Marendje
vms		Maksela;Opselan
vmu		Binjara;Kokomoloroij;Kokomoloroitji;Kookanoona;Molloroidyi;Mooloroiji;Mularitchee;Mullridgey;Muluridji;Mulurutji;Waluridji
vmv		Chico;Chico Maidu;Valley Maidu
vmw		Central Makhuwa;Emakhuwa;Emakhuwa-Makhuwana;Emakua;Macua;Makhuwa-Makhuwana;Makhuwwa of Nampula;Makoane;Makua;Maquoua
vmw		Central Makhuwa;Emakhuwa;Emakhuwa-Makhuwana;Emakua;Macua;Makhuwa-Makhuwana;Makhuwwa of Nampula;Makoane;Makua;Maquoua
vmx		Mixteco de San Juan Tamazola;Tamazola Mixtec;Tnu’un davi
vmy		Ayautla Mazatec;Enre naxinanda nguifi;Mazateco del Sureste
vmz		Ienra naxinandana nnandia;Mazateco de Mazatlán Villa de Flores;Mazateco del Suroeste;Mazatlán Mazatec;ꞌíénná
vnk		Alavana;Alavano;Lavana;Vanikolo;Vanikoro;Vano
vnm		Banggor;Hevernevei;Lambumbu;Nabusian teget;Nefe’ei;Neve'ei;Telag;Vinmavis
vnp		Vunapu
vol		
vor		Bena;Buna;Ebina;Ebәna;Woro;Yungur
vot		Maatšeeli;Vad́d́a tšeeli;Vodian;Vote;Votian;Votic;Votish
vot		Maatšeeli;Vad́d́a tšeeli;Vodian;Vote;Votian;Votic;Votish
vra		Vatrata;Vera'a;Vetrat
vro		Seto;Setu;South Estonian;Voro;Voru;Võro kiil;Võro-Seto;Võru
vrs		Varese
vrt		Banan Bay;Burmbar;Vartavo
vsi		
vsl		LSV;Lengua de señas venezolana;Lengua de señas venezolanas;Lenguaje de senas venezolano
vsv		LSCV;LSPV;LSV;Lengua de Signos Valenciana;Llengua de Signes Valenciana;Llengua de Signes en la Comunitat Valenciana;Llengua de signes del País Valencià;Llengua de signes valenciana
vto		Takar
vum		Givoungou;Givungu;Vungu;Yivoumbou
vun		Kivunjo;Kivunjo-Chaga;Kiwunjo;Wunjo
vut		Baboute;Babute;Bamboute;Boute;Bubure;Bule;Bute;Buti;Foute;Fute;Luvure;Mbute;Mbutere;Mfuti;Nbule;Pute;Voute;Voutere;Vutere;Wetere;Woute;Wute;nyindi vɨtèé;’Abotee;’Abwetee
vwa		Ava;Awa (China);Awa Wa;Va
vwa		Ava;Awa (China);Awa Wa;Va
wln		Wallon;Walon
waa		Ichishkíin;Northeast Sahaptin
wab		Som;Wab
wac		Columbia Chinook;Upper Chinook;Wasco;Wishram
wad		Wandamen;Wandamen-Windesi;Wondama
wae		Walscher
waf		Aconan
wag		Wa'ema;Waema;Waiema
wah		Esiriun;Kasiui;Kasui;Kesui;Matabello;Snabi Watubela;Wesi
wai		
waj		Vuafaaqaa
wal		
wal		
wam		Massachusett;Massachusetts;Natick;Wôpanâak
wan		Nwa
wao		
wap		Aruma;Uapixana;Vapidiana;Wapichan paradan;Wapichana;Wapisana;Wapishana;Wapishiana;Wapishshiana;Wapisiana;Wapitxana;Wapixana;Wapixiana;Wapixiána;Wapixána
waq		Wagaman;Wageman;Wagoman;Wakiman;Wogeman
war		Binisaya;Lineyte-Samarnon;Samaran;Samarenyo;Samareño;Waray;Waray (Philippines);Winaray
war		Binisaya;Lineyte-Samarnon;Samaran;Samarenyo;Samareño;Waray;Waray (Philippines);Winaray
was		Washoe;wá:šiw ʔítlu
wat		Kaokao;Wataluma
wau		Aura;Uará;Uaura;Waujá;Waurá-Meinaku
wav		
waw	xkh	Katuena;Ouayeone;Parukota;Tunayana-Waiwai;UaiUai;Uaieue;Uaiuai;Wai Wai
wax		Watam
way		Alukuyana;Aparaí;Ayana;Guayana;Oayana;Oiana;Oyana;Roucouyenne;Uaiana;Upurui;Waiana;Wajana;Wayâna
waz		Wampul
wba		Guarao;Guarau;Guarauno;Warau;Warrau
wbb		Berbai;Nusari;Woriasi
wbe		Wari;Waritai;Weretai
wbf		Ouala;Ouara;Samoe;Samue;Samwé;Sàmá;Sàmóe
wbh		Ichiwanda;Iciwanda;Kiwanda;Vanda;Wandia
wbi		Bavwanji;Kivwanji;Kiwanji;Kɨvwanji;Wanji
wbj		Alaagwa’isa;Alagwaisa;Alagwase;Alawa;Asi;Chasi;Hhagiree;Kialagwa;Kichase;Uassi;Waasi;Wasi
wbk		Kalasha ala;Suki;Wai;Wai-Ala;Waigala;Waigalii;Waigeli;Zhonjigali
wbl		Guhjali;Khik;Khikwar;Tadzik;Tajik;Tajiki;Vakhan;Vakhani;Wakhani;Wakhigi;Xhikwor;X̌ik zik;X̌ikwor
wbl		Guhjali;Khik;Khikwar;Tadzik;Tajik;Tajiki;Vakhan;Vakhani;Wakhani;Wakhigi;Xhikwor;X̌ik zik;X̌ikwor
wbl		Guhjali;Khik;Khikwar;Tadzik;Tajik;Tajiki;Vakhan;Vakhani;Wakhani;Wakhigi;Xhikwor;X̌ik zik;X̌ikwor
wbm		Ban;Kawa;K’awa;La;Meung Hom;Pan;Peung Sux;Pinyin;Pun;Va;Vax;Vhax;Vo;Wa;Wa Pwi;Wakut
wbp		Albura;Alpira;Alpiri;Elpira;Ilpara;Ilpira;Ilpirra;Nambuda;Ngalia;Ngaliya;Ngallia;Ngardilpa;Njambalatji;Ulperra;Waibry;Wailbri;Walbiri;Walbrai;Walbri;Waljbiri;Waljpiri;Walmala;Walmama;Walmanba;Walpari;Walpiri;Wanaeka;Wanajaga;Wanajaka;Wanajeka;Waneiga;Waringari;Wolperi;Wolpirra
wbq		Od;Orh;Vadari;Vadda Beldar;Werders;Wodde
wbq		Od;Orh;Vadari;Vadda Beldar;Werders;Wodde
wbr		Bhili;Bhilodi;Mina Bhil;Vagadi;Vagari;Vagdi;Vaged;Vageri;Vagi;Wagadi;Wagari;Waghari;Wagholi;Wagri
wbs		Kolkata Sign Language;W.B. Sign Language;WBSL
wbt		Nanidjara;Nyaani;Wanman
wbv		Wadjari;Wadjeri;Watjari;Watjarri
wbw		Wo’oi
wca		Central Waica;Parahuri;Surara;Waicá;Waiká;Xurima;Yanoam;Yanoama;Yanomam;Yanomama;Yanomamé;Yanomamï;Yanomamõ
wci		Ouatchi;Wachi;Waci;Waci Gbe;Waci-Gbe;Watyi;Watyu
wdd		Bawandji;Liwanzi;Wanzi
wdg		Wadaginamb
wdj		Bachamal;Batjamalh;Patjtjamalh;Wadiginy;Wadyiginy;Wagaydy;Wogaity
wdk		Wadigali
wdt		Huron;Huron-Wendat
wdu		Maudalgo;Wadja;Wadjainggo;Wadjingu;Waindjago;Wainggo;Wainjago;Wainjigo
wdy		Inningai;Kariimari;Kun-Gait;KunGait;Wadjabangai;Wadjabangay
wea		Wewau
wec		Gere;Guéré;Neyo;Wèè
wed		Pona Wedau;Wamira;Wedaun;Wedawan
wed		Pona Wedau;Wamira;Wedaun;Wedawan
weg		Wergaya;Werkaya;Wimmera;Worgaia
weh		Ghɔ̂mə̀ kə́wí;Kə́wí;Kɨ́wí;Wi
wei		Were;Weredai
wem		Ouémé;Weme;Weme Gbe;Weme-Gbe;Wéménugbé
weo	tlw	Honitetu;Oemale;Tala
wep		Westfaelisch;Westfalish;Westfälisch;Westfäölsk;Westfäölsk Plat;Westfäölsk Platt;Westphalish
wer		Wele;Weli;Weri
wes		CPE;Cameroon Creole;Cameroon Creole English;Cameroon Pidgin;Cameroonian Creole;Kamtok;Pidgin;Wes Cos
wet		Tutunohan
weu		Rawngtu Chin;Rongtu;Shimi;Welaung
wew		Veveva;Waidjewa;Wajewa;West Sumbanese;Wewewa;Wewjewa;Weyewa
wfg		Jafi;Jafi Wagarindem;Wagarindem;Wargarindem;Warlef;Yaffi;Yafi
wga		Leewakya;Ukkia;Waagai;Waagi;Wagai;Wagaja;Waggaia;Wakaja;Wakaya;Wakkaja;Warkya;Worgai;Worgaia;Workia
wgb	wgw	Baeaula;Beauli;Ealeba;Gamadoudou;Gibara;Kilikilana
wgg		Ongkonguru;Rangwa;Wangganguru;Wangka-Jutjuru;Wangka-Yutjurru;Wangkadjera;Wangkanguru;Wonggongaru;Wongkanguru;Wongkongaru;Wongonooroo;Wonkagnurra;Wonkaoora;Wonkaooroo;Wonkongaru;Wonkongnuru;Wonkonguru;Wychinga
wgi		Banz
wgo		Amber;Amberi;Siam;Waigeo;Waigiu
wgu		Jilbara;Naljara;Ngoleiadjara;Nhawu;Njangga;Nonga;Nyangga;Tidni;Tidnie;Titnie;Wanbiri;Wangon;Warrangoo;Willeuroo;Windakan;Wirangga;Wirongu;Wironguwongga;Wirrongu;Wirrung;Wirrunga;Yilrea
wgy		Biyay;Wargamay
wha		Koa;Manusela;Wahai;Wahinama
whg		Banz;Jiwaka;North Wahgi;Not Wagi Yu We;Yu We;Yu Wei;Yuwe
whk		Dayak Kenyah Wahau;Lebu’ Kulit;Waha Kenya;Wahau Kenya;Wahau Kenyah
whu		Wahau Kajan;Wahau Kayan
wib		Southern Toussian;Tusia;Tusian;Tusia̰;Tusya;Tusyang;Win;Wĩ́nwɛ́y
wic		
wie		Wik Epa;Wik-Ep;Wik-Eppa;Wikepa
wif		
wig		Wik-Ngathana
wih		Eik-Me’anha;Wik-Em’an;Wik-Me'anha;Wik-Me’anh;Wik-Me’nh;Wikmean
wii		Miniden;Wiakei;Wiaki
wij		Wik Iyanh;Wik Iyanja
wik		Wik Alkan;Wik Elken;Wik-Alkanh;Wik-Kalkan;Wik-Ngathara;Wik-Ngatharra;Wik-Ngathrr;Wikngatara
wil		Wila-Wila
wim		Mungkañ;Munkan;Wik Munggan;Wik-Mungkana;Wik-Mungknh;Wik-Munkan
win		Hocak Wazijaci;Hocank;Hochank;Hochunk;Hocák;Hocąk;Hoocąk;Winnebago
wir		Bocas Pretas;Cabahyba;Cauaiua;Cauhib;Cawahib;Jauareta-Tapiia;Kawahib;Kawaib;Paranawat;Pawaté-Wirafed;Tupi do rio Machado;Uirafed;Wirafed;Wiroféd
wiu		Witu
wiv		Bali-Vitu;Muduapa;Pole Matotoa;Pole Vitu;Tok Vitu;Vittu;Witu
wiy		Kowilth;Soulátluk;Sulátĕlŭk;Weott;Weyot;Wishosk;Wiyoshk
wja		Nyan Wịyáù;Wagga;Wiyaa;Wiyau;Wuya
wji		Rim-Bizakwai;Sar;Sarawa;Sirna;Sirzakwai;Warja;Warjiwa
wka		Kw'adza;Kwadza;Ngomvya;Ng’omvia;Qwadza
wkb		Adi Andhra;Kusavan
wkd		Wakde
wkl		
wkr		
wku		
wkw		Enibura;Nukunukubara;Waga;Waga-Waga;Wagawaga;Waka Waka;Wakka
wky		Wanggadjara;Wanggadyara;Wanggamanha;Wanggayudyuru;Wangka-Yutjurru;Wangka-Yutjuru;Wangka-jutjuru;Wangkatjera;Wangkayutjuru;Wongga-Jitjeru;Wongga-itjeru;Wonggadjara;Wongka-itjeru;Wongka-itjuru;Wongkadjera;Wongkatjera;Wonkajara;Wonkajera;Wonkatyeri;Wonkoyara
wla		
wlc		Mohélien;Mwali;Mwali Comorian;Shimwali
wle		
wle		
wle		
wlg		Barlang;Gunbalang;Gunbarlang;Gungalang;Walang;Warlang
wlh		Bekais;Wekais
wli		Wajoli;Wayoli
wlk		Upper Eel River
wll		Ajang;Walari;Walarishe;Wali (Sudan);Wele
wlm		
wlo		Baubau;Buton;Butonese;Butung
wlo		Baubau;Buton;Butonese;Butung
wlr		Ale;Wailapa
wls		East Uvean;Fakaʻuvea;Uvean;Wallisien;’Uvean
wlu		Wilili;Wililililee;Willillee;Wuli Wuli;Wuli-Wuli;Wuli-wuli;Wulili
wlv		Vejos;Vejoz;Wichí Lhamtés Vejoz;wichi
wlw		Lower Pyramid;Wodo
wlx		Ala;Ouala;Waale;Waali;Waalii;Wala;Wali (Ghana)
wly		Walüng
wma		
wmb		Umbaia;Wambaia;Wambaja;Wom-By-A;Wombya;Yumpia
wmc		
wmd		Mamaindé;Mamainsahai’gidu;Northern Nambikwara
wme		Ambule;Caurasia;Chaurasia;Chaurasya;Chourase;Chourasia;Ombule;Radu Yor;Tsaurasya;Umbule;Vambucauras Raduyor;Vambule;Vambule Radu Yor;Vambule Yor
wmg	mvm	Darmdo Minyag;Menya;Menye;Munya;Muya;Western Minyag
wmh		Uai Ma’a;Uaimo’a;Waima'a;Waimaha;Waimoa
wmi		Agwamin
wmm		Maiwa (Indonesia);Masenrempulu
wmn		Wamoang
wmo		Mie;Wam;Wom (Papua New Guinea)
wms		
wmt		Pililuna;Walmadjari;Walmajiri;Walmatjari;Walmatjarri;Walmatjiri;Wolmeri
wmw		Ibo;Kimwani;Muane;Mwane;Mwaní;Namwaní;Quimuane
wmw		Ibo;Kimwani;Muane;Mwane;Mwaní;Namwaní;Quimuane
wmx		Womo
wnb		Vanambere;Wanambre
wnc		
wnd		Wamdarang;Wandaran;Warndarang;Warndarrang;Wuyarrawala
wne		Chalgari;Tarino;Vanechi;Wanechi;Wanetsi
wng		Wanggo;Wangom
wni		Hinzua;Ndzwani Comorian;Njuani;Shindzwani
wni		Hinzua;Ndzwani Comorian;Njuani;Shindzwani
wnk		Wanokaka
wnm		
wnn		Oonoomurra;Quippen-bura;Unamara;Wanamara;Woonamurra;Woonomurra;Wunamara;Wunumura
wno		Waano
wnp		Kayik
wnu		Wanuma
wnw		Northern Wintun;Wintun
wny		Waangyee;Wainyi;Wanee;Wanji;Wanyee;Wanyi;Wonyee
wol		Ouolof;Volof;Walaf;Waro-Waro;Yallof
wol		Ouolof;Volof;Walaf;Waro-Waro;Yallof
wol		Ouolof;Volof;Walaf;Waro-Waro;Yallof
woa		Daktjerat;Djeradj;Djerag;Djeraidy;Dyeraidy;Tjerait;Tyaraity;Tyeraity
wob		Ouobe;Wobé;Wèè;Wê;Wɛɛ
woc		Oageva;Uageo
wod		Woda;Woda-Mo;Wodani
woe		Woleai
woe		Woleai
wof		Gambian Wolof;Wolof
wof		Gambian Wolof;Wolof
wog		Wongamusin
woi		Kamana-Kamang;Waisika;Woisika
wok		Boko;Gobeyo;Longa;Longbo;Lonto;Voko;Woko
wom		Pere;Pereba;Perema;Wom (Nigeria)
won		Bakong;Gongo;Kiwongo;Ndjembe;Wong;Wonk
woo		Manobai;Wamar;Wokam
wor		
wos		Kwasengen;West Wosera
wow		Wowonii
woy		
wpc		Itoto;Jojod;Maco-Piaroa;Mako;Maku;Sáliba-Maco;Wirö;Wirú;Wotuja
wrb		Kapula;Maula;Mauula;Mawula;Parnkarra;Walookera;Walugera;Waluwara;Warluwara;Warluwarra;Wollegara;Yunnalinka
wrd		
wrg		Gudjal;Gudjala;Warrongo;Warrungu
wrh		Berrembeel;Warandgeri;Werogery;Wiiratheri;Wira-Athoree;Wiradhuri;Wiradhurri;Wiraduri;Wiraidyuri;Wirajeree;Wirashuri;Wiratheri;Wirracharee;Wirrai’yarrai;Wooragurie;Wordjerg
wri		Warriyangka
wrk	gbc	Gaarwa;Garawa;Garrawa;Grawa;Karawa;Kariwa;Karrawar;Karrwa;Korrawa;Kurrawar;Leearawa;Leearrawa;Wollongorang;Wulungwara
wrl		Walmala
wrm		Waramunga;Waramungu;Warramunga
wrn		Werni
wro	unp	Maialnga;Ong Komi;Worora;Wororra;Worrara;Worrora;Wurara;Wurora;Yangibaia
wrp		Aropen;Wonti;Worpen
wrr		Wadaman;Waderman;Waduman;Warda’man;Wardman;Warduman;Wartaman;Wordaman
wrs		Walsa
wru		Mapute;Mopute
wrv		
wrw		Guguwarra;Koko Wara;Kokolaia;Kokowarra;Kuku-Wara;Laia
wrx		Waerana
wry		Ajmeri
wrz		Arwur;Awarai;Awarra;Waray (Australia);Warrai;Warray
wsa		Waremboivoro;Warenbori
wsg	ggo	Adilabad Gondi;Gunjala Gondi;Koyang;Nirmal;Raj Gond;Telugu Gondi
wsg		Adilabad Gondi;Gunjala Gondi;Koyang;Nirmal;Raj Gond;Telugu Gondi
wsg		Adilabad Gondi;Gunjala Gondi;Koyang;Nirmal;Raj Gond;Telugu Gondi
wsg		Adilabad Gondi;Gunjala Gondi;Koyang;Nirmal;Raj Gond;Telugu Gondi
wsi		Wusi-Kerepua
wsk		Vaskia;Woskia
wsr		Owena;Owenda;Waijara;Waisara
wss		Wasaw;Wassa
wsu		Wassu;Wassú;Waçu
wsv		Wotapuri-Katarqalai
wtb		Kimatambwe;Matambe;Tambwe
wtf		Dumpu;Watifa
wth		Wada wurrung;Wadawio;Waddorow;Wadhaurung;Wadjawuru;Wadourer;Wadthaurung;Waitowrung;Warra;Wathaurong;Wathaurung;Wathawurung;Wathurung;Watorrong;Wiityahuurong;Wioura;Witaoro;Witawurong;Witoura;Witouro;Witowro;Witowurong;Witowurrong;Witowurrung;Witowurung;Wittyawhuurong;Wod-dowrong;Woddowro;Woddowrong;Wollowurong;Wooeewoorong;Wothowurong;Wuddyawurra;Wuddyawurru;Wudja-wurung;Wudjawuru;Wudjawurung;Wudthaurung
wti		Benishangul;Gwami;Ndú Berthú
wtk		Waxe
wtm		Mewathi
wtw		Wadu
wtw		Wadu
wua		Kugu Nganhcara;Nantjara;Ngandjara;Ngantjeri;Njinturawik-Nganhcara;Wik;Wik-Nantjara
wub		Jeidji;Jeithi;Unambal;Wumnabal;Wunambul;Wunambullu;Yeidji;Yeithi
wud		
wuh		Ngandehua;Sanggaixiong;Wutong;Wutun
wul		Ngalik;Paiyage;South Ngalik;Usak;Wulik
wum		Aka;Baaka;Babinga;Bambendjele;Bambenga;Beka;Biaka;Pygmy;Wumbu;Wumvu
wun		Chɨwʉngʉ;Echiungu;Iciwungu;Kibungu;Ungu;Wungu
wur		
wut		Udung
wuu		Ghou Nyu;Goetian;Jiangnan;Jiangsu-Zhejiang;Jiangzhe;Jiāngdōng Huà;Wu;Wu Chinese;Wu Gniu;Wu Nyu;Wuyue;Wúyuèyǔ
wuu		Ghou Nyu;Goetian;Jiangnan;Jiangsu-Zhejiang;Jiangzhe;Jiāngdōng Huà;Wu;Wu Chinese;Wu Gniu;Wu Nyu;Wuyue;Wúyuèyǔ
wuu		Ghou Nyu;Goetian;Jiangnan;Jiangsu-Zhejiang;Jiangzhe;Jiāngdōng Huà;Wu;Wu Chinese;Wu Gniu;Wu Nyu;Wuyue;Wúyuèyǔ
wuv		Aua-Viwulu;Viwulu-Aua;Wuvulu
wux		Wuna
wuy		
wwa		Wama;Yoabou;Yoabu
wwb		Waggaboonyah;Waggabundi;Wakobungo;Waukaboonia;Worgabunga;Workabunga;Workoboongo
wwo		Wetamut
wwr		Warrawai;Warwa
www		
wxa		Wogang;Xianghua
wxw		Belliman;Dardanup;Doonin;Dordenup;Dornderupwongy;Dunanwongi;Jabaru;Kardagur;Nghungar;Waadandi;Waddarndi;Wadjandi;Yabaroo
wyb		
wyi		Gungung-willam;Mort Noular;Ngarukwillam;Oorongie;Urunjeri;Waarengbadawa;Wainworra;Wairwaioo;Warerong;Warorong;Warwaroo;Waverong;Wavoo-rong;Wawoo-rong;Wawoorong;Wawurong;Wawurrong;Woewo-rung;Woi-wurrong;Woiworung;Woiwurong;Woiwurru;Woiwurung;Wooeewoorong;Wowerong;Wurrundyirra-baluk;Wurrunjeri;Wurundjeri;Wurunjeri;Wurunjerri-baluk;Wuywurrung;Yarra Yarra
wym		Vilamovian;Vilamovician;Wilamowicean;Wymysiöeryś
wyn	wya	Wandat;Wyandott;Wyandotte
wyr		Ajurú;Ayurú;Uaiora;Wajaru;Wayurú
wyy		Fiji;Koronubu-Ba;Nadrogaa;Western Fijian
xaa		
xab		
xac		Cachari;Plains Kachari
xad		Adaes;Adahi;Adaise;Adaizan;Adaizi;Adees;Atayos
xae		
xag		
xai		Caimbé;Cambe;Kariri de Massacará
xaj		Ararandeuras;Ararandeuára;Manajé
xak		Maco;Macu;Maku;Makó;Makú;Máko
xal		European Oirat;Kalmack;Kalmuck;Kalmuk;Kalmyk;Kalmytskii Jazyk;Khalli;Oirat;Qalmaq;Volga Oirat;Weilate;Western Mongol;Western Mongolian;Xinjiang Mongolian
xal		European Oirat;Kalmack;Kalmuck;Kalmuk;Kalmytskii Jazyk;Khalli;Oirat;Qalmaq;Volga Oirat;Weilate;Western Mongol;Western Mongolian;Xinjiang Mongolian
xam		!Kham;/Kam;/Kama-ka !Ke;/Xam;Xam;ǀKamka!e;ǀKham-Ka-!k’e;ǀXam-Ka-!k’e
xan		
xao		
xap		Apalachi
xaq		
xar		
xas		Kamassian;Kaŋmažən šəkət
xat		Catauichi;Catauixi;Catawishi;Catawixi;Jacareúba
xau		Kabera;Kaowerawedj;Kauwerawec;Kauwerawetj;Kawera;Koassa;Tekutameso
xav		Akuên;Akwen;Awen;A’uwe Uptabi;A’uwẽ;A’we;Chavante;Crisca;Pusciti;Shavante;Tapacua
xaw		Nuwä;Pauite;Southern Paiute
xay		
xbb		
xbc		
xbc		
xbd		Bindel;Nyawaygi
xbe		Bigambul;Bigumbil
xbg		Bak-on-date;Banaditj;Bangandadj;Bangandidj;Barconedeet;Baundik;Boandic;Boandik;Booandik;Booandik-ngolo;Booandki-ngolo;Booganitch;Booganity;Boongandity;Borandikngolo;Buadik;Buandic;Buandig;Buandik;Buanditj;Bugandity;Bunganadity;Bungandaetch;Bungandaetcha;Bungandaitj;Bungandidj;Bungandij;Bunganditjngolo;Bungandity;Bung’andaetch;Bunjanditj;Burhwundeirtch;Drualat-ngolonung;Drualatngolonung;Nguro;Pungandaitj;Pungandik;Pungantitj;Pungatitj
xbi		Akwun;Endangen;Indiang
xbi		Akwun;Endangen;Indiang;Kombio - Wampurun (East)
xbi		Akwun;Endangen;Indiang;Kombio - Mwi (North)
xbi		Akwun;Endangen;Indiang;Kombio - Yanimoi (South)
xbi		Akwun;Endangen;Indiang;Kombio - Wampukuamp (West-Central)
xbj		Birbai;Biribi;Birippi;Birrapee;Birripai;Birrpai;Bripi
xbm		
xbn		Kĕnaboi
xbo		
xbp		Bajongwongi;Bebleman;Bibbulmun;Bibilum;Bibulman;Bibulmun;Bibuulmoun;Meeraman;Murram;Peopleman;Pepelman;Pibilum;Piblemen
xbr		East Sumba;East Sumbanese;Hilu Humba;Humba;Kamberaas;Oost-Sumbaas;Sumba;Sumba-Kambera;Sumbaasch;Sumbaneesch;Sumbanese;Sumbasch
xbw		Cambioá;Cambiuá
xby		Badjela;Badtala;Badtjala;Badyala;Batjala;Batyala;Bidhala;Dulingbara;Gnoolongbara;Koolaburra;Ngulungbara;Olungbura;Patyala;Thoorgine
xcb		
xcc		
xce		
xcg		
xch	cmk	Chimacum;Chimakum
xcl		
xcm		Carrizo;Xat estok
xcn		
xco		
xco		
xcr		
xct		
xcu		
xcv		Chuvan;Chuvansky
xcw		Pajalate;Tejano
xcy		Liksiyu
xda		Darginjang;Darginyung;Darkinjang;Darkinoong;Darkinung;Darknung
xdc		
xdc		
xdk		Darrook;Darug;Dharrook;Dharruk;Dharug;Dhar’rook
xdm		
xdo		Kwando;Olukwandu;Ovakwandu
xdq		Kaitagskiy;Kaitagtsy;Kaitak;Kajtak;Kaytak;Khaydak;Qaitaq;Ucumi;Xajdak
xdy		Bamayo;Bumayoh;Malayik Dayak;Maleyik Dayak
xeb		
xed		Ftour;Gra;Hedi;Hide;Hǝdi;Tourou;Tur;Turu;Turu-Hide;Xadi;Xdi;Xedi;Xide;Xədi;Xәdi
xeg		Abathwa;Amabusmana;Amankgqwigqwi;Batwa;Boroa;Bush-C;Giǀkxigwi;Kiǁkxigwi;Kloukle;Lxloukxle;Nkqeshe;Tloue;Tloutle;ǁXegwe;ǁXekwi
xel		Kelo-Beni Sheko;Ndu-Faa-Keelo;Tornasi
xem		Bu Mateq;Kembayan
xep		
xer		Acuen;Akwen;Akwẽ;Akwẽ-Xerente;Sherenté
xes		Kesawai;Kesawi;Koromu sakine;Namuya
xet		Aré;Cheta;Curutón;Hetá;Seta;Sheta
xeu		Ahia;Ahiave;Haura;Haura Haela;Horo;Houro;Hovoiroro;Hovoyo;Keuro;Keuru;Ke’oru;Kouri;Lavau;Lower Ahia;O’o Moko;Pairi;Velepa
xfa		
xfa		
xga		
xgb		Binfo;Bïn;Gbin-Gouro;Gurombo;Gurungo
xgd		Alauikeno;Djagaraga;Gootung;Kekoseno
xgf		Gabrieleño;Gabrielino;Tongva
xgg		Corine;Coro-ran;Kaialiwongi;Kokar;Koorengi;Kuriny;Mongup;Warangu;Warranger;Warrangle;Warrangoo
xgi		Kaingbul;Kanoloo;Karingbal;Karingbool;Karranbal
xgl		
xgm		Charumbul;Darambal;Darawal;Darumbal;Guwinmal;Koinbal;Koinjmal;Kungalburra;Kungmal;Mamburra;Tarumbal;Tharumbal;Urambal
xgr		
xgu		Ngarangari;Ong Komi;Ongaranjan;Ungami;Ungumi;Wongkomi
xgw		Coa;Coah;Goa;Goamalku;Goamulgo
xho		Isixhosa;Koosa;Xosa;isiXhosa
xho		Isixhosa;Koosa;Xosa;isiXhosa
xha		
xhc		
xhd		
xhe		
xhm		
xhr		
xht		
xhu		
xhu		
xhv		
xib		
xii		Cape Hottentot;Gri;Grikwa;Griqua;Gry;Xirikwa;Xrikwa
xil		
xin		Ikomagi;Jinca;Shinkan;Shinkan Complex;Sinca;Szinca;Xincan;Xinka
xir		Bahuana;Bahwana;Barauána;Chiriana;Chiriána;Shiriana;Shriana;Xiriana
xis		Birhor;Koda;Kola;Kora;Kuda;Kunha;Kunhar;Kunhu;Kunna;Kunrukh;Kunuk;Mirdha;Morva;Nagesia;Nageswar
xiv		
xiy		Achipaie;Chipaia;Chipaya;Shipaja;Shipaya;Xipaia;Xipáya;Šipaya
xjb		Cood-jingburra;Cudgingberry;Gan-dowal;Gando Minjang;Gendo;Minjangbal;Minyowa;Minyung;Ngandowul;Tweed-Albert;Yugambeh
xjt		Gundungerre;Jadjmadang;Jaithmathang;Jaitmathang;Yadymadhang
xka		
xkb		Ana;Kambolé;Manigri;Manigri-Kambolé Ede Nago;Northern Nago;Southwest Ede
xkc		Kho'ini
xkd		Mendalam Kajan;Mendalam Kayan
xke		Keriau Punan
xkf		Ken;Keng;Kenkha;Khen;Khenkha;Kyengkha
xkg		Kakolo
xki		KSL
xkj		
xkk		Kachah’;Kachak;Kacho’;Kaco';Kaco’
xkl		Bakong;Bakung;Bakung Kenya;Bakung Kenyah;Highland Kenyah;Mainstream Kenyah;Usun Apau Kenyah
xkn		Kajang;Kayan River Kajan;Kayan River Kayan
xko		Col;Con;Saamtaav;Samtao;Samtao II
xkp		
xkq		Oengsongi
xkr		Chakriaba;Chicriaba;Chicriabá;Chikriaba;Shacriaba;Shakriabá;Shicriaba;Shicriabá;Xacriabá;Xikriabá
xks		Kumberaha;Umbewaha
xkt		Dagaare-Dioula;Kantonsi;Yare;Yarsi
xku		Kamba;Kikaamba
xkv		Bakgalagari;Kgalagarhi;Kgalagari;Khalagari;Khalakadi;Kxhalaxadi;Qhalaxari;Sekgalagadi;Shekgalagadi;Shekgalagari
xkw		
xkx		
xky		Kanyay;Kenja;Kindjin;Kinjin;Uma' Lasan;Western Kenya;Western Kenyah
xkz		Gurtü;Kurteopkha;Kurthopkha;Kurtobikha;Kurtopakha;Kurtotpikha;Kurtöp;Kürthöpka
xkz		Gurtü;Kurteopkha;Kurthopkha;Kurtobikha;Kurtopakha;Kurtotpikha;Kurtöp;Kürthöpka
xla		Wawoi
xlb		
xlc		
xld		
xle		
xlg		
xli		
xln		
xlo		
xlp		
xls		
xlu		
xly		
xma		Chizigula;Kimushungulu;Mushunguli
xmb		Mboa
xmc		Coastal Makhuwa;Emaka;Maca;Maka;Makua-Marevone;Marevone;Marrevone;South Maca
xmd		Boudoum;Hedi Mbudum;Ma Mbudum;Mbedam;Mboudoum
xme		
xmf		Iverian;Margalepi;Margali;Margaluri;Margaluri nina;Megrel;Megrelian;Megruli
xmf		Iverian;Margalepi;Margali;Margaluri;Margaluri nina;Megrel;Megrelian;Megruli
xmg		Bamileke-Mengaka;Eghap;Megaka;Məgaka
xmg		Bamileke-Mengaka;Eghap;Megaka;Məgaka
xmh		Kugu;Kuku-Muminh;Wik Muminh;Wik-Mumin
xmj		Da’a;Mazera;Midah;Mida’a
xmk		
xml		BIM;Bahasa Isyarat Malaysia
xmm		Bahasa Manado;Manado Malay;Manadonese;Manadonese Malay;Minahasan Malay
xmn		
xmo		
xmp		Kugu-Mu’inh;Kuku-Mu'inh
xmq		Kugu-Mangk
xmr		
xms		LSM;Langue des signes du Maroc;Langue des signes marocaine;MSL
xmt		Me
xmu		Gamor;Gamu
xmv		Antakarana;Antakarana Malagasy;Antankarana Malagasy;Antekarana;Antekarana Malagasy;Tankarana;Tankarana Malagasy
xmw		Tsimihety;Tsimihety Malagasy
xmx		Maden;Palamul;Saparan;Sapran
xmy		Mayi-Kutuna
xmz		Beneden-Tomori;East Mori;Lower Mori;Nahina;Oost-Mori;Petasia
xna		
xnb		Kanabu;Kanakana Fu;Kanakanavu
xng		
xng		
xng		
xnh		Damai
xni		Bemeringal;Bradjerak;Brajerak;Brajerang;Currak-da-bidgee;Garego;Gur-mal;Guramal;Murring;Ngarago;Ngarego;Ngarico;Ngarigo;Ngarroogoo;Ngarrugu;Ngaryo;Nguramal
xnj	ngo	Angoni;Kingoni;Kisutu;Ngoni;Ngoni (Tanzania);Sutu;Tanzanian Ngoni
xnk		Barimaia;Jaburu;Minango;Nanakari;Nanakati;Nhanhagardi;Wiri
xnm		Ngombal
xnn		Kataugnan;Northern Kankanaey;Northern Kankanay;Sagada Igorot;Western Bontoc
xno		
xnq		Mozambican Ngoni;Ngoni;Ngoni (Mozambique)
xnr		Kangra-Dogri;Pahari;Pahari Kangri
xnr		Kangra-Dogri;Pahari;Pahari Kangri
xns		Kanasi;Malani
xnt		
xnu		Moondjan;Ngundjan;Noonuccal;Noonukul;Nukunul;Nunagal;Nunungal;Nununkul
xny	nad	Bailko;Balgu;Balygu;Balyku;Iabali;Jana;Janari;Jauna;Niabali;Nijadali;Njiabadi;Njiabali;Njijabadi;Njijabali;Njijapali;Nyiyabali;Nyiyapali;Nyiypali;Paljgu;Palyku
xnz		Kenuz;Kenuzi;Kenzi;Kunuz;Kunuz Nubian;Kunuzi;Mattoki
xnz		Kenuz;Kenuzi;Kenzi;Kunuz;Kunuz Nubian;Kunuzi;Mattoki
xnz		Kenuz;Kenuzi;Kenzi;Kunuz;Kunuz Nubian;Kunuzi
xoc		O'chi'chi';Ọchịchị
xod		Kasuweri;Komudago;Nebes;Oderago;Samalek;Tarof
xog		Lusoga;Olusoga
xoi		Iski;Konminimung;Kuminimu;Okmaŋɨheŋgi
xok		Aweikoma;Aweikoma-Kaingang;Botocudos;Kaingang de Santa Catarina;Laklanô;Shokléng;Xakléng;Xogléng;Xokré;Xokrén;Xokréng
xom		Aru;Central Koma;Como;Gokwom;Hayahaya;Koma;Koma of Daga;Komo (Sudan);Madiin;Tfa Kom;Tta Komo
xom		Komo (Sudan)
xon		Bikpakpam;Kpankpamba;Likpakpaaln;Likpakpaanl;Likpakpaln
xon		Bikpakpam;Kpankpamba;Likpakpaaln;Likpakpaanl;Likpakpaln
xoo		Ichikile;Kirirí;Kirirí-Xokó;Shukuru;Shukurú;Xucuru;Xukuru-Kariri
xop		
xor		Caceteiro;Caceteiros;Corubo;Kaniwa;Maya
xow		
xpa		Bidia;Biria;Birria;Piria
xpb		Northeastern Tasmanian;Pyemmairrener
xpc		
xpd		Lairmairrener;Oyster Bay Tasmanian;Paredarerme
xpf		Nuenonne;Southeast Tasmanian
xpg		
xph		North Midland Tasmanian;North Midlands Tasmanian;Tyerrenoterpanner;Tyerrernotepanner
xpi		
xpj		Ludhigh;Luthigh;Lɔ:tig;Mbalidjan;Mpalit Yan;MpalitYan̯;Mpalitjan;Mpalityanh
xpk		Culina Pano;Kulina do Acre
xpl		Port Sorell Tasmanian;Tommeginne
xpm		
xpn		Capinauá
xpo		Nagua’l
xpp		
xpq		
xpr		
xps		
xpt		Banthamurra;Bundhamara;Bunka-burra;Puntamara
xpu		
xpv		Northern Tasmanian;Tommeginne
xpw		Northwestern Tasmanian;Peerapper
xpx		Southwestern Tasmanian;Toogee
xpy		
xpz		Bruny Island Tasmanian;Nuenonne
xqa		
xqt		
xra		Craho;Craô;Kraô;Mehim
xrb		Eastern Karaboro;Kai Yor;Kar;Ker;Kler;Káì;Kɛ yur
xrd		Burragorang;Cundunorah;Gandangara;Gundanora;Gundungari;Gundungorra;Gurra-gunga
xre		Crange;Crenge;Crenye;Creye;Krem-Ye;Kren-Yê;Tage;Taze
xrg		Mean-anger;Mearn-anger;Meenung;Meernanger;Menang;Mineng;Mining;Minnal Yungar;Minung;Mirnong;Mount Barker tribe;Noongar;Nyungar
xri		Krikati-Gaviao;Krinkati-Gaviao;Krinkati-Timbira
xrm		
xrn		
xrr		
xrt		Aranama
xru		Mareammu;Mariamo;Mariamu;Marri Ammu;Marri Amu
xrw		Bulawa
xsa		
xsb		Sambali;Sambalì
xsc		
xsd		
xse		Nararapi
xsh		Samang;Samban
xsi		Sigawa;Siâ
xsj		Kisubi
xsm		Kasena;Kasim;Kassem;Kassena;Kassene;Kasɩm
xsn		Asanga;Aŋma Asanga;Isanga;Sanga (Nigeria)
xso		San Francisco Solano
xsp		
xsq		Esaaka;Esaka;Isaanga;Ishanga;Saaka;Saanga;Saka;Sanga
xsr		Serwa;Sharpa;Sherwi tamnye;Xarba;Xiaerba
xsr		Serwa;Sharpa;Sharpa Bhotia;Sherwi tamnye;Xarba;Xiaerba
xsu		Caura;Chirichano;Guaika;Samatali;Samatari;Sanema;Sanima;Sanma;Sanïma;Sanöma;Sanɨma;Sánïma;Tsanuma;Tsanɨma;Xamatari
xsv		Jatvingian;Yatvingian;Yotvingian
xsy		Amutoura;Bouiok;Saiset;Saisett;Saisiat;Saisiett;Saisirat;Saisyet;Saisyett;Saixia;SaySiyat;Seisirat
xta		Alcozauca Mixtec;Mixteco de Alocozauca;Mixteco de Xochapa;Tu̱’un sâvi
xtb		Chazumba Mixtec;Da’an davi;Mixteco de Chazumba;Mixteco de la Frontera Puebla-Oaxaca;Northern Oaxaca Mixtec
xtc		
xtd		Central Nochistlán Mixtec;Diuxi-Tilantongo Mixtec;Mixteco de Diuxi-Tilantongo;Mixteco de San Juan Diuxi y Santiago Tilantongo;Mixteco del Este Central;Tnu’un dau;Tnuꞌu ñudau
xte		Kufel-wenga;Kupel;Oktengban
xtg		
xtg		
xtg		
xth		Eetha-eetha;Eethee Eethee;Eethie-eethie;Ita-ita;Itha-itha;Ithi-ithi;Iti-iti;Jidajida;Tjuop;Yetho;Yit-tha;Yitsa
xti		Mixteco de San Antonio Sinicahua;Sinicahua Mixtec;Tnu’un savi
xtj		Dañudavi;Mixteco de San Juan Teita;San Juan Teita Mixtec;Teita Mixtec
xtl		Mixteco de San Pablo Tijaltepec;Mixteco de Santa María Yosoyúa;Tijaltepec Mixtec;Tu’un savi
xtm		Magdalena Peñasco Mixtec;Mixteco Central;Peñasco Mixtec;Sa’an Ñuu Savi;Tu’un savi
xtn		Mixteco de San Juan Ñumí;Mixteco de Ñumi;Mixteco del Norte de Tlaxiaco;Northern Tlaxiaco Mixtec;Saꞌan ndaꞌu;Saꞌan sau;Saꞌan savi;Ñumí Mixtec
xto		
xtp		Mixteco de San Miguel Piedras;San Miguel Piedras Mixtec;Tu’un savi
xtq		
xtq		
xtr		
xts		Sindihui Mixtec
xtt		Mixteco de Santa Cruz Tacahua;Mixteco del Sur Medio;Tacahua Mixtec;Tu’un savi
xtu		Cuicatlán Mixtec;Cuyamecalco Mixtec;Mixteco de Cañada central;Mixteco de Cuyamecalco;Tu’un savi
xtv		Baianga;Dhawa;Guyanagal;Guyangal-yuin;Katungal;Murring;Paienbera;Paiendra;Tadera-manji;Tharawal;Thauaira
xtw		Da’wan’du;Tawaindê
xty		Mixteco de San Luis Acatlán;Mixteco de Yoloxóchitl;Tùꞌun Sâví;Tu’un savi;Yoloxochitl Mixtec
xtz		
xua		Alu Kurumba;Alu Kurumba Nonstandard Kannada;Hal Kurumba;Pal Kurumba
xub		Betta Kurumba;Kadu Bhasha;Kadu Kurumba;Kurubara Bhashe;Nanga Man Pagi;Urali Kurumba
xub		Betta Kurumba;Kadu Bhasha;Kadu Kurumba;Kurubara Bhashe;Nanga Man Pagi;Urali Kurumba
xub		Betta Kurumba;Kadu Bhasha;Kadu Kurumba;Kurubara Bhashe;Nanga Man Pagi;Urali Kurumba
xud		Aobidai of Ongkarango;O:ka:ta;O:kada;Okat;Oken;Okwata;Oomida;Umeda;Umede;Umida;Umidi;Wumide
xug		
xuj		Jen Kurumba;Jennu Kurumba;Jennu Nudi;Kattu Nayaka;Naik Kurumba;Naikan;Nonstandard Kannada;Shola Nayakan;Ten Kurumba
xul		Gurungada;Ngoonawal;Ngunnawal;Ngunuwal;Nungawal;Nunukul;Wonnawal;Yarr
xum		
xum		
xun		Ongkarango;Oonggarrangoo;Ungarangi;Ungaranji;Unggarangi;Unggarrangu
xuo		Ko;Koh;Kúo
xup		Etnemitane;Umpqua
xur		
xut		Garandi
xuu		!Hukwe;Black Bushman;Cazama;Glanda-Khwe;Hukwe;Khoe;Khwe;Khwe-||Ani;Kxoe;Kxoedam;Mbara Kwengo;Schekere;Vazama;Xu;Xuhwe;Xun;Zama
xve		
xvi		Kamdeshi;Kamik;Kamviri;Kom;Lamertiviri;Shekhani
xvn		
xvo		
xvs		
xwa		Coaiá;Koaiá;Koaya;Quaiá
xwc		Waccamaw;Waccon;Wacon
xwd		Biangil;Dacournditch;Wathiwathi;Wattewatte;Watthiwatthi;Watty-watty;Withaija;Woani;Wohdi Wohdi;Woonyi;Wotti-wotti
xwe		Houéda;Peda;Phera;Xwela;Xwela Gbe;Xwela-Gbe;Xwelagbe;Xweɖa
xwg		
xwj		Beelia;Beeloo;Derbal;Ilakuri wongi;Juadjag;Juadjuk;Karakata;Karrakatta;Minalnjunga;Minnal Yungar;Wadjug;Wadjuk;Wadjup;Wadyuk;Whadjuk;Whajook;Witjaari;Yooadda;Yooard;Yoongar;Yuard;Yuatjek;Yungar;Yungur
xwk		Wanggumara;Wanghumara;Wangumarra;Wongkumara
xwl		Phla;Western Xwla Gbe;Xwla;Xwla-Gbe
xwo		
xwr		Napok;Nobuk;Nogukwabai;Nopuk;Nopukw;Tatsewalem
xwt		Guli-ballaiuk;Watjo;Wattyabullak;Woitu-bullar;Wotjbaluk;Wotjo;Wotjo-ba-laiuruk;Wotjo-balluk;Wotjo-baluk;Wotjobalak;Wotjobalek;Wotjoballaiuk;Wotjoballuck;Wotjoballuk;Wotjobolak;Wotjobuluk;Woychibirik;Wudjubalug;Wudjubaluk;Wutjubaluk;Wuttyabullak;Wuttyubullak;Wutyuballeak
xww		Gorrmjanyuk;Gourrmjanyuk;Jambajamba;Jupa-galk-wournditch;Mallenjerrick;Waamba;Waimbiwaimbi;Wamba;Wamba Wamba;Wambawamba;Wembawemba;Weumba;Womba;Yamba;Yambayamba;Yowewnillurn;Yuppila
xxb		Boro (Ghana)
xxk		Ke'o;Nage-Keo;sara kita;sara ndia
xxm		Mingginda;Mingin;Minikin;Minkina;Myengeen
xxr		Coropó
xxt		
xya		Jeigir;Jungai;Yaygirr;Yegera;Yegir;Yiegera;Youngai
xyb		Kuungkari;Yangeeberra
xyj		Majabi;Miappe;Miappi;Miubbi;Myabi;Myappe
xyk		Maidhagudi;Maigudina;Maigudung;Maigulung;Maikolon;Maikudun;Maikudung;Maikudunu;Maikulan;Maikulung;Majadhagudi;Makulu;Mayagoondoon;Mayagulan;Mayatagoorri;Maygulan;Mayhulan;Maykulan;Miccoolin;Micoolan;Mikadoon;Mikkoolan;Mikoodoono;Mikoolu
xyl		Yalakalodu
xyt		Maidakadi;Maidhagari;Maidhaggaria;Maidhargari;Maioakuri;Maitakeidi;Maitakudi;Maithagudi;Maithakadi;Maithakari;Maithakudi;Mayadhagurdifagurdi;Mayatagoori;Maydhagurdi;Maytagoori;Mitagurdi;Mitakoodi;Mitakudi;Mitroogoordi;Mittagurdi;Mittaka;Mythaguddi;Mythugadi;Mythuggadi
xyy		Arramouro;Bangerang;Gunbowerooranditchgoole;Gunbowers;Jotijota;Kwart Kwart;Moira;Ngarrimouro;Ngarrimowro;Unungun;Wol-Lithiga;Woollathura;Yoorta;Yota Yota;Yotayota
xzh		
xzm		Semigallian
xzp		
yaa		Iauminawa;Jaminawa;Yamanawa;Yaminawá;Yamĩnãfa mekapã;Yuminahua
yab		Yahup;Yuhupdeh;Yëhup
yac		Abendago;North Ngalik;Pass Valley Yali;Western Yali;Yali;Yaly
yad		Llagua;Nijyamii;Nijyamïï Nikyejaada;Nijya̱mi̱ Niquejada;Yahua;Yava;Yawa;Yegua
yae		Llaruro;Yaruro;Yaruru;Yuapín
yaf		Iaca;Iaka;Iyaka;Kiyaka;Yaka (Democratic Republic of Congo)
yag		Háusi Kúta;Tequenica;Yaghan;Yagán;Yahgan
yah		Iazgulem;Yazghulomi;Yazgulam;Yazgulami;Yazgulyam;Yazgulyami;Yuzdomi zavég;Zgyamigyai;Zǵamiǵai
yah		Iazgulem;Yazghulomi;Yazgulam;Yazgulami;Yazgulyam;Yazgulyami;Yuzdomi zavég;Zgyamigyai;Zǵamiǵai
yah		Iazgulem;Yazghulomi;Yazgulam;Yazgulami;Yazgulyam;Yazgulyami;Yuzdomi zavég;Zgyamigyai;Zǵamiǵai
yai		Soghdi;Yaghnabi;Yaghnobi;Yaghnubi;Yagnabi;Yagnob;Yagnubi
yaj		Kra;Yangere;Yanguere
yak		Ichishkíin;Waptailmim;Yakima
yal		Dialonke;Dialonké;Djallonke;Dyalonke;Jalonke;Jalonké;Jalunga;Jalunga xuwiina’;Jalunganéé;Jalungas;Kjalonke;Yalunke
yal		Dialonke;Dialonké;Djallonke;Dyalonke;Jalonke;Jalonké;Jalunga;Jalunga xuwiina’;Jalunganéé;Jalungas;Kjalonke;Yalunke
yam	kwq	Bebaroe;Boenga Ko;Kakayamba;Mbem;Mbubem;Muzok;Swe’nga
yan	sum	Tawahka
yao		Achawa;Adsawa;Adsoa;Ajawa;Ayao;Ayawa;Ayo;Chichawa;Chiyao;Chiyawo;Ciyaawo;Ciyao;Ciyawo;Djao;Haiao;Hajao;Hiao;Hyao;Jao;Kihiau;Kihyao;Kiyao;Veiao;Wajao;Yawo;chiYao;ciYao;waYao
yao		Achawa;Adsawa;Adsoa;Ajawa;Ayao;Ayawa;Ayo;Chichawa;Chiyao;Chiyawo;Ciyaawo;Ciyao;Ciyawo;Djao;Haiao;Hajao;Hiao;Hyao;Jao;Kihiau;Kihyao;Kiyao;Veiao;Wajao;Yawo;chiYao;ciYao;waYao
yap		Thin nu Waqab;Thin nu Wa’ab;Waab;Waqab;Wa’ab
yaq		Cahita;Hiak-nooki;Hiaki;Yoem Noki;Yoeme;Yo’em noki
yar		Yauarana;Yavarana;Yawarana
yas		Behie;Beke;Gounou;Gunu;Nu Gunu;Nugunu (Cameroon);Ombessa;Yambasa;Yambassa
yat		Njambeta;Yambetta;Yambɛʼtá;Yaŋpɛdá
yau		Chicano;Chikano;Ho;Hoti;Jodï;Joti;Waruwaru;Yoana;Yuana;Yuwana
yav		Central Yambassa;Kalong;Kalɔŋ;Nuasue;Nuasúɛ;Nukalong;Yambasa;Yambassa
yaw		Iaualapití;Jaulapiti;Yaulapiti
yax		
yay		Agwaguna;Akurakura;Gwune;Okurikan
yaz		Loka;Loke;Loko;Lokö;Lokǝ;Lokạạ;Luko;Yaka;Yakurr;Yakö
yba		Iyala
ybb		Atsang-Bangwa;Bafou;Bamileke-Yemba;Dschang;Tchang
ybe		Sari Yogur;Sarig;Sary-Uighur;Sarygh Uygur;West Yugur;Ya Lu;Yellow Uighur;Yugu;Yuku
ybe		Sari Yogur;Sarig;Sary-Uighur;Sarygh Uygur;West Yugur;Ya Lu;Yellow Uighur;Yugu;Yuku
ybh		Dewansala;Jimi Bhasa;Yakha;Yakkha Ceya;Yakkhaba;Yakkhaba Cea;Yakkhaba Sala;Yakthomba
ybi		Yakkhaba Khap;Yamphu Kha;Yamphu Rai;Yangphu
ybj		Ayashim;Ayashin;Iyashi;Yashi
ybk		Akapa;Aphu;Black Muji;Bokho;Flowery Phula;Hei Muji;Hua Phula;Lao Phula;Pao Tle
ybl		Ayikiben;Balaabe;Balaaben;Boritsu;Gohum;Nyikobe;Nyikuben;Oohum;Uhumkhegi;Uhumkiji;Uuhum;Uuhum-Gigi
ybm		
ybn		Hobacana;Jabaana;Jabâ-ana;Yabarana;Yabaána
ybo		
ybx		Yabio
yby		Yabiyufa;Yawiyuha
ych		
ycl		Bai Yi;Central Yi;Gaoshanzu;Hei Yi;Lolopho;Loxrlavu;Lulupu;Luolu
ycn		Matapi;Yucuna-Matapí;Yukuna
ycp		
ycr		YCJ;Yilan Creole Japanese;Yilan Japanese Creole
yda		Janda;Yunda
yde		
ydg		Lotkohiwar;Munji-war;Yidga;Yidgha;Yudga;Yudgha
ydk		
yea		Iryavula;Yerava;Yoruba
yea		Iryavula;Yerava;Yoruba
yec		German Travellers;Jenisch;Yenishe
yee		
yei		
yej		Judeo-Greek;Romaniote;Romaniyot;Yevanitika
yel		
yer		Appa;Taroh;Yergam;Yergem;Yergum;iTárók;Ítarok
yes		Anaŋkpa;Nnaŋkpa;Nyankpá;Nyenkpa;Yasgua;Yeskwa
yet		Biaksi;Biksi;Inisine;Yetfa ma
yeu		Erukala;Eruku Bhasha;Korava;Korchi;Kurru Bhasha;Kurutha;Yarukula;Yerkula;Yerukala;Yerukala-Korava;Yerukla;Yerukula-Bhasha
yev		Reiwo;Yapunda;wigal Yeri
yey		Ciyei;Mayeyi;Seyei;Seyeyi;Shiyeyi;Siyei;Wayeyi;Yeei;Yei
yga		Bulali;Bulalli;Karikari;Malgaaljangaba;Malgangara;Malja:pa;Maljangaba;Maljangapa;Malya-napa;Malyanapa;Malyangaba;Malyapa;Malynapa;Milya-uppa;Milyauppa;Muliaarpa;Mullia-arpa;Multyerra;Mulya-napa;Mulya-nappa;Mulyanapa;Mulyanappa;Nalyanapa
ygi		Iningai;Iningayi;Inningai;Mootaburra;Moothaburra;Muta-bura;Muttaburra;Tateburra;Terreburra;Yiningay
ygl		
ygm		Tanda;Yagomi
ygp		Baiyi;Gepu;Guo;Gupu;Guzu;Jiantouyi;Kopu;Köpu;Nasu;Pingtouyi
ygr		
ygs		Hands in action;YSL;Yolŋu Sign Language
ygu		Jokul;Yikil;Yikul;Yookala;Yookil;Yookull;Yukul
ygw		Kokwaiyakwa;Yeghuye
yha		Baha;Baha Buyang;Buyang;Buyang Zhuang;Guangnan Buyang;Paha;Western Buyang
yhd		Baghdadi Judeo-Arabic;Iraqi Judeo-Arabic;Jewish Iraqi-Baghdadi Arabic;Judeo-Baghdadi Arabic;Judeo-Iraqi Arabic;Yahudic
yhl		Abo;Boren;Bozi;Conehead Phula;Cowtail Phula;Daizhanpho;Digaopho;Flowery Phula;Hlepho Phowa;Hua Phula;Jiantou Phula;Minjia;Niuweiba Phula;Paola;Pho;Phula;Sandaohong Phula;Shaoji Phula;Sifter Basket Phula;Thrice Striped Red Phula;Xiuba
yhs		YNSL;Yan-nhaŋu Sign Language
yid	ydd	Judeo-German;Yiddish, Eastern;Yidish
yia		Ingara;Ingarda;Ingarra;Ingarrah;Inggarda;Inparra;Jinggarda;Kakarakala;Yingkarta
yif		Azhe
yig		Eastern Yi;Wusa Nasu;Wusa Nesu
yih		Judeo-German;Western Yiddish;Yiddish;Yidish
yii		Boolboora;Deba;Eneby;Gerrah;Gijow;Gillah;Guwamal;Idin Idindji;Idin-Wudjar;Idinji;Indindji;Jidindji;Kitba;Maimbie;Mungera Ohalo;Pegullo-Bura;Warra-Warra;Warryboora;Woggil;Yetinji;Yiddinji;Yidin;Yidindji;Yidini;Yidinj;Yitintyi;Yukkaburra
yij		Indjibandi;Jindjibandi;Jindjibarndi;Yindjinbarndi;Yinjtjipartnti
yik		Dongshanba Lalo;Jiantou;Lalu;Lalupa;Lalupu;Maganfang
yil		Bularnu;Dhidhanu;Inchalachee;Inchalanche;Indjilandji;Indjilindji;Indjurandji;Indkilindji;Injdjiladji;Injilinji;Intjilatja;Yinjilanji
yim		Tozhuma;Yachumi;Yanchunger;Yimchunger;Yimchungre;Yimchungru Naga;Yimchungrü
yin		Ban Roi;Liang Sek;Ranei;Red Riang;Riang Saek;Riang Sak;Striped Karen;Yang;Yang Lai;Yin Kya;Yinchia;Yinja;Yinkya
yip		Black Phula;Flowery Phula;Phu;Phula
yiq		Micha;Mielang;Minqi
yir		Awyu;Djair;Dyair;North Awyu;Yair
yis		
yit		Eastern Lalu;Lalu
yiu		Luowu;Luwu
yiv		E-Xin Yi;Nasupho;Nisupho;Northern Nisu
yix		Ahi;Axi Yi;Axibo;Axipo
yiz		
yka		Yacan
yka		Yacan
ykg		Jukagir;Northern Yukaghir;Northern Yukagir;Odul;Tundra;Tundra Yukaghir;Tundre;Wadul;Yukaghir;Yukagir;Yukagir yülmye
ykh		Hamunikan;Kamnigan;Khamnigan;Xamnigan
yki		Bitovondo;Jauke;Pauwi;Yauke;Yoki
ykk		Iakaikeke
ykl		Alapha;Black Phula;Black Zokhuo;Hei Phula;Mo;Namupha;Pao;Phulapha;Shaoji Phula;Sifter Basket Phula;Tula;Zokhuo Na
ykm		Ali;Yakamul
ykn		Baiyi ren;Kua’ensi;Kua’eshi
yko		Bongwe;Iyassa;Lyaasa;Lyassa;Maasa;Yasa;Yassa
ykr		
ykt		Gasu
yku		
yky		
yla		Yaul
ylb		Aisana
yle		Rossel;Yela;Yelatnye;Yele;Yelejong;Yeletnye;Yelidnye
ylg		Buiamanambu;Kaunga;Yelogu
yli		Angguruk;Angguruk Yali;Ngalik;Northern Yali;Yali;Yalimo
yll		
ylm		Liumi
yln		Buyang Zhuang;Eastern Buyang;E’cun Buyang;Langnian Buyang
ylo		Aluo Naluo;Gan Yi;Laluo;Naluo Yi;Naruo;Shui Yi;Shuitian
ylr		Jalanga;Yalarrnga;Yelina;Yellanga;Yellunga
ylu		Aribwaungg;Jaloc;Yalu
yly		Nielaiou;Nielaiu;Nyalayu;Nyâlayu;Puma;Yalasu;Yalayu
ymb		
ymc		Aga;Khlaka;Lahi;Muzi;Phula;Southern Muji;Tjeki;Tshebu;Tshibu
ymd		
yme		Camuchivo;Lllameo;Masamae;Masamae Yameo;Mazan;Parara;Yaméo
ymg		Yamongiri
ymh		
ymi		Flathead Phulai;Muji;Phula;Phulawa;Pingtou Phula
ymk		Chimaraba;Kimakwe;Macue;Maraba;Palma
ymk		Chimaraba;Kimakwe;Macue;Maraba;Palma
yml		Iamalele;Vona Ubuvala;Yamalele
ymm		Af-Maay;Af-Maay Tiri;Af-May;Af-Maymay;Af-maay;Maay Maay;Mai Mai;Rahanween;Rahanweyn
ymn		Yamna
ymo		Aiku;Malek;Menandon;Minendon
ymp		Ômbê
ymq		Doka;Mujitsu;Phutsu;Qila Muji
ymr		Malayar
yms		
ymx		Bokha;Hlaka Mujima;Northern Muji;Phula
ymz		Mogeha;Muji
yna		Gan Yi;Laka;Lila;Niluo;Yala
ynb		
ynd		Innamincka
yne		Lang'e;La’u
yng		Gbendere
ynk		East Cape Yupik;Naukan;Naukan Siberian Yupik;Naukan Yupik;Naukanski;Nevuqaq
ynl		Yangulam
ynn		Yanan
yno		Nyong
ynq	yen	Kuseki;Nya Korok;Nya Yendang;Nyandang;Yadang;Yandang;Yendam;Yundum
yns		Eyansi;Eyanzi;Kiyanzi;Yans;Yansi;Yanzi
ynu		Jaúna;Yayuna;Yaúna
yor		Yariba;Yooba;Yorouba;Yorùbá;Èdè Yorùbá
yor		Yariba;Yooba;Yorouba;Yorùbá;Èdè Yorùbá
yor		Yariba;Yooba;Yorouba;Yorùbá;Èdè Yorùbá
yob		
yog		Yógad
yoi		
yok		Yaudanchi;Yaudanchi Yokuts;Yokutsan
yom		Bayombe;Ciyoombe;Ibinda;Iombe;Kiombi;Kiyoombi;Yombe;Yoombe
yon		Yonggom;Yongom
yot		Wonkorok;Yoti
yox		
yoy		Dioi;Duoi;Du’o’i;Giy;I;Jui;Lao Yuai;Yay;Yi;Yoe;Yoi;Yooi;Yooy;Yuai;Yueai
ypa		Black Phula;Bola;Hei Phula;Khapho;Phula;Phulepho
ypb		Asaheipho;Asahopho;Ekhepho;Labo Phowa;Labopho;Pho;Phula;White Phu;Zemapho
ypg		Bola;Flowery Phula;Hua Phula;Phula;Phulepho;Tsha Phula
yph		Phula;Phupho;Tsapho
ypm		Black Muji;Hei Muji;Muji;Paotlo;Phula;Phuli;Shaoji Phula;Sifter Basket Phula
ypn		Ani Phowa;Anipho;Flowery Phu;Hua Phu;Laotshipu;Pho;Phula
ypo		Alo Phola;Bola;Pula
ypp		Hlagho;Laghï;Lala;Lamu;Lapa;Larhwo;La’ou;Muzi;Phula;Phupha;Tshebu
ypz		Hei Phu;Phujitsu;Phula;Phu’a
yra		Yerekai
yrb		Middle Musa
yre		Yaure;Yohowré;Youré;Yɔwlɛ
yrk		Nenec;Nenetsy;Nentse;Yurak;Yurak Samoyed
yrl		Coastal Tupian;Geral;Língua Geral;Língua Geral Amazônica;Língua Geral Paulista;Modern Tupi;Modern Tupí;Nengatu;Nheengatú;Nhengatu;Nyengato;Nyengatú;Waengatu;Yeral;Yẽgatu;Ñeegatú;Ñengatú;Ñe’engatú
yrm		Kok-Cel;Kok-Wap;Yir Mel;Yirmel;Yirr-Mel;Yirr-Thangell;Yirrk-Thangalki
yrn		Ban Yao;Da Ia;Daban Yao;Eastern Buyang;Guangxi Buyang;Ia Hrong;Iron Yao;Khyung Buyang;Liu Yao;Napo Buyang;Rongtun Buyang;Six Yao;Tie Yao;Tu Yao;Yalang;Yang Khyung;Yerong Buyang
yro		Jawari;Yawari
yrs		
yrw		
yry		Jeljendi;Jeljujendi;Yarleeyandee;Yelyuyendi
ysc		Jassic;Jász
ysd		Samadu;Samaduo;Samou
ysg		Suoneiga
ysl		BSL;BZJ;Bosanski znakovni jezik;Bosnian Sign Language;Macedonian Sign Language;Montenegrin Sign Language;Montenegro Sign Language;SZJ;Slovene Sign Language;Slovenian Sign Language;Slovenski Znakovni Jezik;Srpski Znakovni Jezik;YSL;Yugoslav Sign Language;Yugoslavian Sign Language
ysm		Burmese Sign Language
ysn		Gni Ni
yso		Lolo;Nisi (China);Southeastern Lolo Yi
ysp		Southern Lolopo
ysr		Old Sirenik;Sirenik;Sirenik Eskimo;Sirenik Yupik;Sirenikski;Vuteen
yss		Maio-Yesan;Mayo;Mayo-Yesan;Yamano;Yasyin;Yesan
ysy		Bai Lolo;Bai Yi;Minglang;Sanyie;Sa’nguie;Shanie;Shaniepu;White Yi
yta		Tagu;Taliu;Tazhi
ytl		Tholo
ytp		Black Hat Folk;Black Phula;Hei Mao Ren;Phula
ytw		
yty		Iataj
yua		Maaya;Maaya t’aan;Maayáa;Maya;Peninsular Maya;Yucantán Maya;Yucatan Maya;Yucatec;Yucatec Maya;Yucateco;Yukatek
yub		Jugumbir;Jukamba;Manaldjali;Minjanbal;Ngarrbal;Ngarrubul;Yugabeh;Yugumbal
yuc		Euchee;Tsoyaha;Uchean;Uchi;Yuchee;Zoyaha
yud		Jewish Tripolitanian-Libyan Arabic;Judeo-Tripolitanian Arabic;Tripolitanian Judeo-Arabic;Tripolita’it;Yudi
yue		Cantonese;Chinese Nung;Guangdong;Guangfu;Gwong Dung;Ha Xa Phang;Hai Nam;Han;Hoa;Hong Kong Cantonese;Kién;Konghu;Liem Chau;Lowland Nung;Macau Cantonese;Minh Huong;Nung;Phúc;Quang Dong;Samg Phang;Shatou;Shiqi;Suòng Phóng;Trièu Chau;Wancheng;Yue;Yue Chinese;Yueh;Yuet;Yuet Yue;Yueyu;Yuht Yúh
yue		Cantonese;Chinese Nung;Guangdong;Guangfu;Gwong Dung;Ha Xa Phang;Hai Nam;Han;Hoa;Hong Kong Cantonese;Kién;Konghu;Liem Chau;Lowland Nung;Macau Cantonese;Minh Huong;Nung;Phúc;Quang Dong;Samg Phang;Shatou;Shiqi;Suòng Phóng;Trièu Chau;Wancheng;Yue;Yue Chinese;Yueh;Yuet;Yuet Yue;Yueyu;Yuht Yúh
yue		Cantonese;Chinese Nung;Guangdong;Guangfu;Gwong Dung;Ha Xa Phang;Hai Nam;Han;Hoa;Hong Kong Cantonese;Kién;Konghu;Liem Chau;Lowland Nung;Macau Cantonese;Minh Huong;Nung;Phúc;Quang Dong;Samg Phang;Shatou;Shiqi;Suòng Phóng;Trièu Chau;Wancheng;Yue;Yue Chinese;Yueh;Yuet;Yuet Yue;Yueyu;Yuht Yúh
yue		Cantonese;Chinese Nung;Guangdong;Guangfu;Gwong Dung;Ha Xa Phang;Hai Nam;Han;Hoa;Hong Kong Cantonese;Kién;Konghu;Liem Chau;Lowland Nung;Macau Cantonese;Minh Huong;Nung;Phúc;Quang Dong;Samg Phang;Shatou;Shiqi;Suòng Phóng;Trièu Chau;Wancheng;Yue;Yue Chinese;Yueh;Yuet;Yuet Yue;Yueyu;Yuht Yúh
yuf		Havasupai-Walapai-Yavapai;Pai;Upland Yuman;Upper Colorado River Yuman
yug	yuu	Jug;Sym-Ket;Yugh;Yugi
yui		Juriti;Juriti-Tapuia;Jurití;Juruti;Juruti-Tapuia;Luruty-Tapuya;Patsoka;Totsoca;Wadzana;Waijiara masa-wadyana;Waikana;Waimasá;Wajiaraye;Wayhara;Yuriti;Yuriti-Tapuia;Yuruti;Yuruti-Tapuya;Yurutiye;Yurutí
yuj		Karkar;Yuri
yuk		Northern Yukian
yul		Youlou
yum		Kechan;Kwatsan;Kwatsáan;Kwatsáan Iiyáa;Kwtsan;Quecl;Yuma
yun		Bena (Nigeria);Binna;Buna;Ebina;Ebuna;Ebәna;Gbinna;Purra;Yangeru;Yangur;Yongor;Yungirba;Yungur;Ɓə́ná-Yungur;Ɓәna
yup		Carib Motilón;Japrería;Macoíta;Manso;Northern Motilone;Northern Motilón;Yuco;Yucpa;Yuko;Yukpa-Japería;Yupa
yuq		Bia;Biá yë;Mbia;Yuki
yur		Chillula;Mita;Pekwan;Rikwa;Saa’agoch;Sugon;Weitspek;Weitspekan
yut		Yupna
yuw		Uruwa;Yau (Morobe Province);Yaö
yux		Forest Yukagir;Jukagir;Kolym;Kolyma;Kolyma Yukaghir;Odul;Southern Yukaghir;Southern Yukagir;Yukagir
yuy		East Yugur;Eastern Yogor;Enger;Enge’er;Shera Yogur;Shira Yughur;Yellow Uighur;Yogor;Yugar;Yugu;Yögur
yuz		Yura;Yuracar;Yurakar;Yurakaré;Yurucare;Yurujare;Yurujuré
yva		Mantembu;Mora;Turu;Unat;Yapanani;Yava;Yawa Unat
yvt		Paraene;Parene;Yavitano
ywa		Yawa
ywg		Inawangga;Inawonga;Inawongga;Nalawonga;Ngalawonga;Ngalawongga;Ngarla-warngga;Ngaunmardi;Ninanu
ywl		Lalu;Western Lalu
ywn		Iauanauá;Jawanaua;Yahuanahua;Yauanauá
ywq		Black Yi;Dian Dongbei Yi;Hei Yi;Nasu;Nasupho;Wu-Lu Yi;Wuding-Luquan Yi
ywq		Black Yi;Dian Dongbei Yi;Hei Yi;Nasu;Nasupho;Wu-Lu Yi;Wuding-Luquan Yi
ywr		
ywt		Central Lalo;Lalaw;Lalo;Lalopa;Lalu;Laluo;Misapa;Western Yi;Xishanba Lalo
ywu		Neisu;Nersu;Nesu;Wumeng Nasu;Wumeng Yi;Wusa Yi;Yuan-Mo Yi
ywu		Neisu;Nersu;Nesu;Wumeng Nasu;Wumeng Yi;Wusa Yi;Yuan-Mo Yi
yww		Yawarrawarrka
yxa		Maiawali;Mayawarli;Mayuli
yxg		Biriin;Cateebil;Jagara;Jagarabal;Jagera;Jergarbal;Jinibara;Ninghi;Terabul;Tor-bul;Turibul;Turrbal;Turrubal;Turrubul;Turubul;Yackarabul;Yaggara;Yerongban;Yeronghan;Yerongpan;Yugara;Yugg-ari;Yuggara
yxl		Aluri;Alury;Arabatura;Arkabatura;Jadliaura;Jadlijawara;Jadloori;Yadliaura;Yadlikowera;Yadliura;Yadliyawarra;Yadlouri;Yaldikowera;Yardliwarra;Yardliyawara
yxm		Jinwum;Yeemwoom
yxu		Eramwir-rangu;Eraweerung;Erawiruck;Jeraruk;Jirau;Juju;Meru;Pomp-malkie;Rankbirit;Willoo;Wilu;Yerraruck;Yiran;Yirau;You-you
yxy		Jabalajabala;Jabulajabula;Maraban;Maragan;Moiraduban;Moitheriban;Ngarrimowro;Owanguttha;Pallaganmiddah;Panggarang;Waningotbun;Yabala-Yabala;Yabbil-Yabbila;Yabbilyabbila;Yabola;Yabula-Yabula;Yabula-yabula;Yabulla;Yillib-Yilliba;Yoorta;Yullaba Yullaba;Yurt
yyr	yiy	Jir Joront;Jirjiront;Jir’jorond;Koka-mungin;Koko-majoen;KokoMandjoen;KokoMindjin;KokoMinjen;Kokomindjan;Kokomindjen;Kokominjan;Mandjoen;Mind’jana;Mundjun;Yir Yiront;Yir Yoront;Yir-yiront
yyu		Yau (Sandaun Province)
yyz		
yzg		Buozaang;Buyang Zhuang;E'ma Buyang;Eastern Buyang;Funing Buyang;Langjia Buyang
yzk		Cowtail Phula;Nimitso;Niuweiba Phula;Phula;Ruoke;Tshokha;Zekhe;Zuoke
zha	zyb	Chuang;Zhuang, Yongbei
zha	zyb	Chuang;Zhuang, Yongbei
zha		Chuang
zaa		Didzá;Ixtlán Zapoteco;Juárez Zapotec;Sierra de Juárez Zapotec;Titsaꞌ;Zapoteco Serrano Bajo;Zapoteco de Atepec
zab		Ditsa;Dixza;Dixzhá;Guelavía;San Juan Guelavía Zapotec;Western Tlacolula Valley Zapotec;Western Tlacolula Zapotec;Zapoteco de San Juan;Zapoteco de Tlacolula occidental;Zapoteco de Valles del Norte Central
zac		Dizá;Dizë́;Ocotlán Oeste Zapotec;Ocotlán Zapotec;Zapoteco de Valles de Suroeste Alto;Zapoteco de Valles del Suroeste Central;Zapoteco de Valles del Suroeste Medio;Zapoteco del Poniente de Ocotlán
zad		Cajonos Zapotec;Didza-xhon;Ditse’;Ditse’ hualats;Southern Villa Alta Zapotec;Xtillꞌchonaꞌ;Yaganiza Zapotec;Zapoteco Serrano del Sureste Bajo;Zapoteco de San Pedro Cajonos
zae		Etla Zapotec;Tisa;Tizha;Western Ixtlán Zapotec;Yareni Zapotec;Zapoteco Serrano del Oeste Medio;Zapoteco de Santa Ana Yareni;Zapoteco de Teococuilco de Marcos Pérez
zaf		Ayoquesco Zapotec;Didzé;Dísè;Western Ejutla Zapotec;Zapoteco de Santa María Ayoquesco;Zapoteco de Valles del Sur
zag		Beri;Beri-Aa;Beria;Berri;Bideyat;Kebadi;Kuyuk;Merida;Soghaua;Zagaoua;Zagawa;Zauge;Zeggaoua;Zeghawa;Zorhaua
zag		Beri;Beri-Aa;Beria;Berri;Bideyat;Kebadi;Kuyuk;Merida;Soghaua;Zagaoua;Zagawa;Zauge;Zeggaoua;Zeghawa;Zorhaua
zag		Beri;Beri-Aa;Beria;Berri;Bideyat;Kebadi;Kuyuk;Merida;Soghaua;Zagaoua;Zagawa;Zauge;Zeggaoua;Zeghawa;Zorhaua
zah		Sor;Twar;Zangwal;Zwangal
zaj		Dzalamo;Kizaramo;Myagatwa;Saramo;Zalamo;Zaramu
zak		Ekizanaki;Ikizanaki;Ilizanaki;Kizanaki
zal		Jaojo;Raorou;Rourou
zam		Cuixtla Zapotec;Diiste;Miahuatlán Zapotec;Zapoteco de Miahuatlán;Zapoteco de la Sierra Sur Central
zao		Desté;Diste;Distèe;Dizte chaan zha Ozolotepec;Ozolotepec Zapotec;Zapoteco de Ozolotepec;Zapoteco de la Costa Noreste
zap	zai;zcd	Didza Xhidza;Diidxazá;Juchitán Zapotec;Sapoteko;Zapotec, Isthmus;Zapotec, Las Delicias;Zapoteco Istmeño;Zapoteco de Las Delicias;Zapoteco de la Planicie Costera;Zapoteco del Istmo
zaq		Aloápam Zapotec;Tisa;Tizha’;Zapoteco de Aloápam;Zapoteco de San Miguel Aloápam
zar		Didsaˀ Shidsaˀ;Didza Xidza;Northern Villa Alta Zapotec;Rincón Zapotec;San Juan Yaeé Zapotec;Tidza’;Zapoteco Serrano del Noroeste Bajo;Zapoteco de Yagallo;Zapoteco del Rincón
zas		Albarradas Zapotec;Didxazá;Dihidx Bilyáhab;Diidxzaj;Santo Domingo Albarradas Zapotec;Zapotec Albarradas;Zapoteco de Santo Domingo Albarradas;Zapoteco de Valles del Noreste
zat		Central Villa Alta Zapotec;Dilla xhon;Diya dxon;Tabaa Zapotec;Zapoteco Serrano del Sureste Alto;Zapoteco de Tabaa
zau		Zanskari;Zaskari
zau		Zanskari;Zaskari
zav		Didza shon;Dilla xhon;Dille xhon;Diosənꞌ;Diozənꞌ;Dižə’əxon;Villa Alta Zapotec;Yatzachi Zapotec;Zapoteco de Yatzachi
zaw		Dichsah;Didxsaj;Dixdà;East Central Tlacolula Zapotec;East Valley Zapotec;Mitla Zapotec;Zapoteco de Valles del Este Medio;Zapoteco de Valles del Noreste
zax		Ditsa’;Eastern Pochutla Zapotec;Xadani Zapotec;Zapoteco de Santa María Xadani;Zapoteco de la Costa Este
zay		
zay		
zaz		Zariwa
zba		
zbc		Batu Belah;Central Berawan;Long Teru;Melawan
zbe		East Berawan;Long Jegan Berawan;Melawan
zbl		Bliss;Blissymbolics
zbt		Baha
zbu		Bu (Bauchi State);Buu;Zaranda;Zarandawa
zbw		Berawan;Long Terawan;West Berawan
zca		Coatecas Altas Zapotec;Didzé;Dizhze;Diꞌzhzë;Diꞌzhzë cheꞌn men Latyezh;Zapoteco de San Juan Coatecas Altas;Zapoteco de Valles del Sur
zch		Central Hongshuihe Zhuang
zdj		Ngazidja;Ngazidja Comorian;Ngazija;Shingazidja;Shingazija
zdj		Ngazidja;Ngazidja Comorian;Ngazija;Shingazidja;Shingazija
zea		Zeaws;Zeelandic;Zeêuws
zeg		Zenang
zeh		Eastern Hongshuihe Zhuang
zem	zua	Zaimanci;Zaimawa
zen		Mauritania Berber;Mauritanian Berber;Zenaga Berber
zen		Mauritania Berber;Mauritanian Berber;Zenaga Berber
zga		Bakinga;Ekikinga;Kikinga;Kɨkɨnga
zgb		Guibei Zhuang
zgh		Amazighe standard marocain;Standard Moroccan Tamazight
zgm		Black Zhuang;Bu Xiong;Heiyi Zhuang;Kon Min;Min;Minz Zhuang;Nùng Xuồng;Sung;Xuong;Xuồng;Zong Zhuang
zgn		Buyei;Buyoi;Guibian Zhuang;Kang Yei;Northern Zhuang;Vahcuengh
zgr		
zho		
zho	cmn	Beifang Fangyan;Beijinghua;Chinese, Mandarin;Mandarin;Northern Chinese;Standard Chinese;Zhongguohua
zho		
zho	cmn	Beifang Fangyan;Beijinghua;Chinese, Mandarin;Hoton;Huayu;Hui;Hui-Zu;Hytad;Khoton;Kuo-Yu;Mandarin;Northern Chinese;Qotong;Standard Chinese;Tayok;Xui;Zhongguohua
cmn		Beifang Fangyan;Beijinghua;Chinese;Hoton;Huayu;Hui;Hui-Zu;Hytad;Khoton;Kuo-Yu;Mandarin;Northern Chinese;Qotong;Standard Chinese;Tayok;Xui;Zhongguohua
zho	cmn	Beifang Fangyan;Beijinghua;Chinese, Mandarin;Hoton;Huayu;Hui;Hui-Zu;Hytad;Khoton;Kuo-Yu;Mandarin;Northern Chinese;Qotong;Standard Chinese;Tayok;Xui;Zhongguohua
zho		
cmn		Chinese
zho		
zho		
zho		
zho		
zho		
zho	cmn	Beifang Fangyan;Beijinghua;Chinese, Mandarin;Hoton;Huayu;Hui;Hui-Zu;Hytad;Khoton;Kuo-Yu;Mandarin;Northern Chinese;Qotong;Standard Chinese;Tayok;Xui;Zhongguohua
zho		
zho		
zho		
zho		
zho		
zho		
zho		
zho		
zho	cmn	Beifang Fangyan;Beijinghua;Chinese, Mandarin;Hoton;Huayu;Hui;Hui-Zu;Hytad;Khoton;Kuo-Yu;Mandarin;Northern Chinese;Qotong;Standard Chinese;Tayok;Xui;Zhongguohua
zho		
zho		
zhb		Bazi;Bozi;Draba;Zaba;Zha;nDrapa
zhd		Bu Dai;Dai Zhuang;Kau Ndae;Khaau Daai;Thu Lao;Tu;Tuliao;Tuzu;Wen-Ma Southern Zhuang;Zhuangyu Nanbu Fangyan Wen-Ma Tuyu;Zhuangyu Nanbu fangyan Dejing tuyu
zhd		Bu Dai;Dai Zhuang;Kau Ndae;Khaau Daai;Thu Lao;Tu;Tuliao;Tuzu;Wen-Ma Southern Zhuang;Zhuangyu Nanbu Fangyan Wen-Ma Tuyu;Zhuangyu Nanbu fangyan Dejing tuyu
zhi		Banyi;Jabji;Kanyi;Kenyi
zhn		Daez;Kau Nong;Khau Nong;Noangx;Nong Zhuang;Nong hua;Phu Nong;Phu Tei;Tei Nong;Yan-Guang Southern Zhuang;Zhuangyu Nanbu fanyan Yan-Guang tuyu;kauq Daez;kauq Noangz;puj Daez;puj Noangz;puj Nuangz
zhn		Daez;Kau Nong;Khau Nong;Noangx;Nong Zhuang;Nong hua;Phu Nong;Phu Tei;Tei Nong;Yan-Guang Southern Zhuang;Zhuangyu Nanbu fanyan Yan-Guang tuyu;kauq Daez;kauq Noangz;puj Daez;puj Noangz;puj Nuangz
zhw		
zhx		
zia		Lower Waria;Tsia;Ziya
zib		Zimsign
zik		Baegwa;Bagwa Zimakani;Dea
zil		Shialu;Zialu;Ziolo;Ziyolo
zim		Djime;Djiwe;Zime;Zime of Kélo
zin		Abazinza;Binza;Dzinda;Dzindza;Echidzindza;Echijinja;Echiziinza;Echizinza;Ecijinja;Ecizinza;Ekizinza;Jinja;Kizinza;Omuchizinza;Zinja
ziw		Chizigula;Kizigua;Kizigula;Msegua;Seguha;Wayombo;Wazegua;Zeguha;Zegura;Zigoua;Zigua;Zigwa
ziz		Fali of Jilbu;Jilvu;Zhilvu;Ziliva;Ziziliveken;Àmzírív
zka		
zkd	kdv	Asak;Gadu;Kadu-Ganaan;Kantu’;Kato;Ka’do;Kudo;Maw;Mawteik;Puteik;Sak;Thet
zkd		Asak;Gadu;Kadu-Ganaan;Kantu’;Kato;Ka’do;Kudo;Maw;Mawteik;Puteik;Sak;Thet
zkg		
zkh		
zkk		Clamcoches;Clamcoet;Clamcoëhs;Clamcoëts;Keles
zkn		Ganaan;Ganan;Ganon;Genan;Kana
zko	xss	Kott-Assan
zkp		São Paulo Kaingáng
zkr		Charumba;Eastern Mishmi;Meye;Meyor;M’ye;Songgu Zhahua;Zaiwa;Zha
zkt		
zkt		
zku		Coorna;Gaurna;Jaitjawarra;Karnuwarra;Kaura;Koornawarra;Kurumidlanta;Medaindi;Medaindie;Meljurna;Merelde;Merildekald;Meyu;Midlanta;Milipitingara;Nantuwara;Nantuwaru;Nganawara;Padnaindi;Padnayndie;Wakanuwan;Warra;Warrah;Widninga;Winaini;Winnay-nie;Winnaynie
zkv		Krevin;Krieviņu dialekts
zkz		
zla		Ba-Shuula;Kishuula;Shuula;Wa-Zula;Zura
zlj		Liujiang Zhuang
zlj		Liujiang Zhuang
zlm		Bahasa Daerah;Bahasa Melayu;Colloquial Malay;Informal Malay;Local Malay;Malay (individual language);Malayu
zlm		Bahasa Daerah;Bahasa Melayu;Colloquial Malay;Informal Malay;Local Malay;Malay (individual language);Malayu
zln		Lianshan;Lianshan Zhuang
zlq		Liuqian Zhuang
zlu		Bi Zule;Man Zule;Zulawa;Zull;Zulle
zma		Manda (Australia);Mendhe;Menthe
zmb		KiZimba;Kibinja;Nyangwe
zmc		Marrganj
zmd		Maredan;Marridan;Meradan
zme		Giimbiyu;Mangerei;Mangeri;Mengerrdji;Mennagi
zmf		Emfinu;Funika;Infinu;Mfununga
zmg		Magadige;Magati Gair;Magati Ke;Magati-Ge;Marri-ge;Mati Ke;Mirrinh-ge
zmh		
zmi		Malaysian Minangkabau;Orang Negeri;Ulu Muar Malay
zmj		Maredyerbin;Maretyabin;Maridyerbin;Maritjabin;Marri Tjevin
zmk		Kogai;Mandandanji;Mandandanjnjdji;Mundaeinbura;Mundainbara
zml		Maangella;Madngela;Madngele;Mandella;Matngele;Muttangulla;Warat
zmm		Maramanandji;Maramanindji;Maramarandji;Marimanindu;Marramaninjsji;Marramaninyshi;Murinmanindji
zmn		Mbaouin;M’bahouin
zmo		Malkan;Tura-Ka-Molo
zmp		Ambuun;Bunda;Embuun;Gimbunda;Kibunda;Kimbuun;Mbunda;Mpuono;Mpuun
zmq		Kinya-Mituku;Metoko
zmr		Emmi;Maranungku;Merranunggu;Warrgat
zms		Mobesa;Mombesa
zmt		Marenggar;Maringa;Mari’ngar;Marri Ngarr;Marringarr;Muringar;Ngangikadre
zmu		Marawari;Murawari;Murawarri;Murrawari;Muruwarri;Muruwurri
zmv		Rimang-Gudinhma;Rimanggudinhma
zmw		Imbo;Kimbo;Mbo (Democratic Republic of Congo)
zmx		Bamitaba;Leke;Mbomitaba;Mbomotaba
zmy		Marijadi;Marijedi;Murijadi
zmz		Banja;Mbandza;Mbanja;Mbanza
zna		Goula;Gula Guera;More;Moriil;Morre
zne		Asande;Azande;Badjande;Bazande;Bazenda;Kizande;Pa Zande;Pa-Dio;Pazande;Sande;Zande (individual language);Zandi;paZande
zne		Asande;Azande;Badjande;Bazande;Bazenda;Kizande;Pa Zande;Pa-Dio;Pazande;Sande;Zande (individual language);Zandi;paZande
zng		Ba’e;Chaman;Lá Vàng;Manbu;Mang U;Nieng Ó;Phang;Xamang;Xá;Xá Lá Vàng;Xá Mang;Xá Ó
znk		Mananggari;Manangkarri;Maung;Naragani
zns		Mangas;Mantsi;Ma’as;Pyik Mantsi
zoc		Copainalá Zoque;O’de pʌt;Tzunitzame;Zoque de Copainalá
zoh		Chimalapa Zoque;San Miguel Chimalapa Zoque;Tzunitzame
zom	yos	Jou;Yo;Yos;Zo;Zohâm;Zokam;Zome;Zou Chin;Zoukam
zoo		Asunción Mixtepec Zapotec;Dixasà;Dizë;North Central Zimatlan Zapotec;Zapoteco de Asunción Mixtepec;Zapoteco de Valles Oeste
zoq		Ayapanec;Tabasco Zoque;Zoque de Ayapanec;Zoque de Tabasco;numte oote
zor		Otetzame;O’de pʌt;Rayón Zoque;Zoque de Rayón
zos		Francisco León Zoque;Otetzame;O’de pʌt;Santa Magdalena Zoque;Zoque de Francisco León
zpa		Didxsá;Ditsá;Lachiguiri Zapotec;Northwestern Tehuantepec Zapotec;Zapoteco de Santiago Lachiguiri;Zapoteco de la Montaña del Istmo Alto
zpb		Di’izhdë;Northwestern Yautepec Zapotec;Yautepec Zapotec;Zapoteco de San Bartolo Yautepec
zpc		Choapan Zapotec;Choápam Zapotec;Diza shisa’;Diza shitsá;Diꞌidzaꞌ xidzaꞌ;Zapoteco de Choapan;Zapoteco de San Juan Comaltepec;Zapoteco del Oeste de Tuxtepec
zpd		Didzá;Ixtlan Zapotec;Latuvi Zapotec;Southeastern Ixtlán Zapotec;Yavesía Zapotec;Zapoteco Serrano Bajo;Zapoteco del Sureste de Ixtlán
zpe		Didxazé;Dizazi;Petapa Zapotec;Zapoteco de Petapa;Zapoteco de Santa María Petapa
zpf		Dichsà;Didzá;Diidx Zah;Ditsáh;Eastern Tlacolula Zapotec;Quiatoni Zapotec;San Pedro Quiatoni Zapotec;Zapoteco de San Pedro Quiatoni;Zapoteco de Sierra Sur del Noreste Alto
zpg		Didz-rieꞌ;Ditsire;Di’tsiri’e;Guevea De Humboldt Zapotec;Guevea Zapotec;Northern Isthmus Zapotec;Zapoteco de Guevea de Humboldt;Zapoteco de la Montaña del Istmo Bajo
zph		Dixasà;Totomachapan Zapotec;Western Zimatlán Zapotec;Zapoteco de San Pedro Totomachapan;Zapoteco de Zimatlán de Álvarez
zpi		Disa;Quiegolani Zapotec;Santa María Quiegolani Zapotec;Western Yautepec Zapotec;Zapoteco de Santa María Quiegolani
zpj		Ditsere’;Dixhtiò;Northeastern Yautepec Zapotec;Quiavicuzas Zapotec;Zapoteco de Quiavicuzas;Zapoteco de San Juan Lachixila
zpk		Southeastern Yautepec Zapotec;Tixh nguizë;Tlacolulita Zapotec;Zapoteco de Asunción Tlacolulita
zpl		Beeh Dicchah Xe7yyoh;Dialu;Dialó;Eastern Sola de Vega Zapotec;Lachixío Zapotec;Zapoteco de Lachixío;Zapoteco de la Sierra Sur Noroeste Alto
zpm		Diidz-zë;Diitsë;Ditsë;Dizde;Dìidz-zÈ;Eastern Miahuatlán Zapotec;Mixtepec Zapotec;San Juan Mixtepec Zapoteco;Zapoteco de San Juan Mixtepec;Zapoteco de la Sierra Sur Noreste
zpn		Santa Inés Yatzechi Zapotec;Southeastern Zimatlán Zapotec;Zapoteco de Santa Inés Yatzechi;Zapoteco de Zegache
zpo		Amatlán Zapotec;Dizhze;Dizhze Amatlan;Zapoteco de Mixtepec;Zapoteco de San Cristóbal Amatlán;Zapoteco del Noreste de Miahuatlán
zpp		Dixasà;Di’tse’e;El Alto Zapotec;South Central Zimatlan Zapotec;Zapoteco de San Antonino el Alto;Zapoteco de San Pedro el Alto;Zapoteco de Zimatlán de Álvarez
zpq		Didza shon;Dizha’ Xhon;Diža’xon;Zapoteco Serrano del Sureste Medio;Zapoteco de San Bartolomé Zoogocho;Zoogocho Zapotec
zpr		Diste’;Distse’e;Santiago Xanica Zapotec;Xanica Zapotec;Zapoteco de la Sierra Sur del Sureste Bajo
zps		Coatlán Zapotec;Didxke’;San Miguel Zapotec;Santo Domingo Coatlán Zapotec;Western Miahuatlán Zapotec;Zapoteco de Santa María Coatlán;Zapoteco de la Sierra Sur del Este Bajo
zpt		Coatlán Zapotec;Didxnde;Dizhnde;Diꞌizhnde;San Vicente Coatlán Zapotec;Southern Ejutla Zapotec;Zapoteco de San Vicente Coatlán
zpu		Dill Gurall ke Yararꞌj;Dilla xidza;Diya xhon;Dìʼll Wlhàll Yàlhálhg;Yalálag Zapotec;Zapoteco Serrano del Sureste;Zapoteco de Yalálag
zpv		Chichicapan Zapotec;Dxiꞌzah;Dzhi’iza;Eastern Ocotlán Zapotec;Zapoteco;Zapoteco de San Baltazar Chichicapan
zpw		Papabuco;Risna;Rixhna;Western Sola de Vega Zapotec;Zaniza Zapotec;Zapoteco de Santa María Zaniza;Zapoteco de la Sierra Sur Noroeste
zpx		Diste’;Dixhque’;Northwestern Pochutla Zapotec;Ristee’;San Baltazar Loxicha Zapotec;San Baltázar Loxicha Zapotec;Zapoteco de San Baltázar Loxicha;Zapoteco de la Costa Oeste
zpy		Etla Zapotec;Mazaltepec Zapotec;Tizá;Zapoteco de Santo Tomás Mazaltepec;Zapoteco de Valles Noroeste
zpz		Central Sola de Vega Zapotec;Papabuco;Rixhquei;Texmelucan Zapotec;Zapoteco de San Lorenzo Texmelucan;Zapoteco de Texmelucan
zqe		Bau i;Bui;Buyi;Northern Zhuang;Qiubei Sha;Qiubei Zhuang
zqe		Bau i;Bui;Buyi;Northern Zhuang;Qiubei Sha;Qiubei Zhuang
zra		
zrg		Mirgami;Mirkan;Panika;Panka
zrg		Mirgami;Mirkan;Panika;Panka
zrn		Zerenkele;Zirenkel
zro		Kayapi;Kayapwe;Sápara;Sáparo-Konambo;Zaparo;Zápara
zrp		
zrs		Faranjao;Faranjo;Faranyao;Faranyau;Kaniran
zsa		Sirasira;Som
zsk		
zsl		ZAMSL
zsr		Didzaꞌ;Southern Rincon Zapotec;Tidzaꞌ;Zapoteco Serrano del Noroeste Bajo;Zapoteco de Rincón Sur
zsu		Wapu
zte		Elotepec Zapotec;Papabuco;Rishna;Risna;Rixhna;Zapoteco de San Juan Elotepec;Zapoteco de la Sierra Sur Noroeste
ztg		Didsé;Diidz zë;Ditsa;Ditsè;Di’tsë gu’n xne’ minn;Diꞌdzë;Diꞌtsë;San Francisco Ozolotepec;San Francisco Ozolotepec Zapotec;Xanaguía Zapotec;Xtiꞌdzna;Zapotec of San Francisco and San José Ozolotepec;Zapoteco de Santa Catarina Xanaguía;Zapoteco de la Sierra Sur del Sureste Alto
ztl		Ditsa’;Lapaguía Zapotec;Lapaguía-Guivini Zapotec;Santiago Lapaguia Zapotec;Zapoteco de Lapaguía-Guivini;Zapoteco de Santiago Lapaguía;Zapoteco de la Costa Este
ztm		Dizde;San Agustín Mixtepec Zapotec;Zapoteco de Mixtepec
ztn		Dichsah;Didxazá;Santa Catarina Albarradas Zapotec;Zapoteco de Santa Catarina Albarradas;Zapoteco de Valles del Noreste
ztp		Diste;Distèe;Loxicha Zapotec;Western Pochutla Zapotec;Zapoteco de Loxicha;Zapoteco de la Costa Central
ztq		Distse’;Ditsè;Ditsëë;Quioquitani-Quierí Zapotec;Tiitssë;Zapoteco de Quioquitani y Quierí;Zapoteco de la Sierra Sur Noroeste Medio
zts		Diza;San Miguel Tilquiapam;Tilquiapan Zapotec;Zapoteco de San Miguel Tilquiapan;Zapoteco de Valles del Centro Bajo
ztt		Tejalapan Zapotec;Tizá;Zapoteco de San Felipe Tejalapan;Zapoteco de San Felipe Tejalápam;Zapoteco de Tejalápam
ztu		Disàa;Diza;Güilá Zapotec;San Dionisio Ocotepec Zapotec;Zapoteco de San Dionisio Ocotepec;Zapoteco de San Pablo Güilá;Zapoteco de Valles del Este Central
ztx		Dixsà;Dizá;San Raymundo Jalpan Zapotec;Zaachila Zapotec;Zapoteco de Valles del Noroeste Bajo;Zapoteco de Valles del Noroeste Medio
zty		Didxa shiza’;Didza shon;Northern Sapoteko;Yatee Zapotec;Zapoteco Serrano del Sureste;Zapoteco de Yatee
zul		Isizulu;Kingoni;Ngoni;Zunda;isiZulu
zul		Isizulu;Kingoni;Ngoni;Zunda;isiZulu
zuh		Gamoze;Gamuso;Tokama;Yufiyufa;Zaka
zum		Komzari;Komzāri;Kumzai;Kumẓārītī;Laraki;Rāraki
zun		Ashiwi;Shiwi;Shiwi’ma;Zuñi
zuy		
zwa		
zwa		
zxx		Not applicable
zxx		Not applicable
zxx		Not applicable
zyg		Caj coux;Can Yang;Dejing Zhuang;Dianbao;Fouh;Gen Yang;Jingxi Zhuang;Káang Thó;Lang;Nong;Nung Giang;Tianpao;Tuhua;Yang Zhuang;Yangx;Yangyu;Yangzhou;Zhuangyu Nanbu fangyan Dejing tuyu
zyj		Youjiang Zhuang
zyj		Youjiang Zhuang
zyn		Bou Rau;Boux Toj;Long An;Long’an;Nongz Anx;Nung An;Southern Zhuang;Yongnan Vernacular of the Southern Dialect of the Zhuang Language;Yongnan Zhuang;Zhuangyu nanbu fangyan Yongnan tuyu
zyp		Vawngtu;Zo-pe;Zophei;Zoptei;Zyphe;Zyphe Chin
zza	diq	Dimili;Dimilî;Dimli (macrolanguage);Dimlî;Kirdki;Kirmanjki (macrolanguage);Southern Zaza;Zazaca;Zazaki;Zazaki, Southern;Zazakî
zza	diq	Dimili;Dimilî;Dimli (macrolanguage);Dimlî;Kirdki;Kirmanjki (macrolanguage);Southern Zaza;Zazaca;Zazaki;Zazaki, Southern;Zazakî
zzj		Canto;Ken Tho;Longyin;Longzhou;Nongz Anx;Nung Chao;Pho Thai;Potai;Pu Tho;Puto;Southern Zhuang;Zhuangyu nanbu fangyan Zuojiang tuyu;Zuojiang Zhuang